ISO-10303-21;
HEADER;
FILE_DESCRIPTION (( 'STEP AP203' ),
    '1' );
FILE_NAME ('base.STEP',
    '2026-08-08T13:18:35',
    ( '' ),
    ( '' ),
    'SwSTEP 2.0',
    'SolidWorks 2025',
    '' );
FILE_SCHEMA (( 'CONFIG_CONTROL_DESIGN' ));
ENDSEC;

DATA;
#1 = EDGE_CURVE ( 'NONE', #1742, #3590, #3899, .T. ) ;
#2 = EDGE_LOOP ( 'NONE', ( #550, #1077, #477, #248 ) ) ;
#3 = DIRECTION ( 'NONE',  ( 1.000000000000000000, 0.000000000000000000, 0.000000000000000000 ) ) ;
#4 = CIRCLE ( 'NONE', #1220, 2.000000000000001776 ) ;
#5 = DIRECTION ( 'NONE',  ( -1.000000000000000000, 0.000000000000000000, 0.000000000000000000 ) ) ;
#6 = EDGE_CURVE ( 'NONE', #2465, #1786, #2243, .T. ) ;
#7 = EDGE_CURVE ( 'NONE', #320, #2270, #3236, .T. ) ;
#8 = EDGE_LOOP ( 'NONE', ( #2063, #3152, #3657, #3099 ) ) ;
#9 = EDGE_CURVE ( 'NONE', #3529, #2528, #2290, .T. ) ;
#10 = CARTESIAN_POINT ( 'NONE',  ( 34.96152422706639840, -45.99999999999997868, 40.00000000000000000 ) ) ;
#11 = CARTESIAN_POINT ( 'NONE',  ( 39.99999999999998579, -66.00000000000000000, 0.000000000000000000 ) ) ;
#12 = DIRECTION ( 'NONE',  ( -1.387778780781445922E-16, 1.000000000000000000, 0.000000000000000000 ) ) ;
#13 = CARTESIAN_POINT ( 'NONE',  ( 50.00000000000000711, 1.421111387729529385, 0.000000000000000000 ) ) ;
#14 = CARTESIAN_POINT ( 'NONE',  ( -15.50000000000000711, 30.00000000000001421, 35.50000000000000711 ) ) ;
#15 = ORIENTED_EDGE ( 'NONE', *, *, #2094, .F. ) ;
#16 = CIRCLE ( 'NONE', #1027, 5.999999999999998224 ) ;
#17 = DIRECTION ( 'NONE',  ( 4.081702296416015504E-16, -1.000000000000000000, 0.000000000000000000 ) ) ;
#18 = DIRECTION ( 'NONE',  ( 1.000000000000000000, -0.000000000000000000, 1.235426130701216385E-16 ) ) ;
#19 = VERTEX_POINT ( 'NONE', #583 ) ;
#20 = ORIENTED_EDGE ( 'NONE', *, *, #1134, .T. ) ;
#21 = DIRECTION ( 'NONE',  ( -0.000000000000000000, -1.000000000000000000, -0.000000000000000000 ) ) ;
#22 = ADVANCED_FACE ( 'NONE', ( #1968 ), #3545, .T. ) ;
#23 = VERTEX_POINT ( 'NONE', #3266 ) ;
#24 = CIRCLE ( 'NONE', #1036, 4.049999999999998046 ) ;
#25 = DIRECTION ( 'NONE',  ( 1.000000000000000000, 3.686879161817355883E-16, -0.000000000000000000 ) ) ;
#26 = ORIENTED_EDGE ( 'NONE', *, *, #514, .T. ) ;
#27 = FACE_OUTER_BOUND ( 'NONE', #693, .T. ) ;
#28 = AXIS2_PLACEMENT_3D ( 'NONE', #2108, #902, #1853 ) ;
#29 = DIRECTION ( 'NONE',  ( -0.000000000000000000, -0.000000000000000000, 1.000000000000000000 ) ) ;
#30 = VECTOR ( 'NONE', #2709, 1000.000000000000000 ) ;
#31 = ORIENTED_EDGE ( 'NONE', *, *, #3709, .F. ) ;
#32 = LINE ( 'NONE', #1001, #826 ) ;
#33 = DIRECTION ( 'NONE',  ( -0.4999999999999953926, 0.8660254037844413721, 0.000000000000000000 ) ) ;
#34 = DIRECTION ( 'NONE',  ( 0.000000000000000000, 1.000000000000000000, 0.000000000000000000 ) ) ;
#35 = DIRECTION ( 'NONE',  ( 0.000000000000000000, -0.000000000000000000, -1.000000000000000000 ) ) ;
#36 = EDGE_LOOP ( 'NONE', ( #169, #1954, #1613, #906 ) ) ;
#37 = DIRECTION ( 'NONE',  ( -0.000000000000000000, -0.000000000000000000, 1.000000000000000000 ) ) ;
#38 = CARTESIAN_POINT ( 'NONE',  ( -1.353084311261909534E-14, 31.99999999999998579, 20.00000000000000000 ) ) ;
#39 = ORIENTED_EDGE ( 'NONE', *, *, #1507, .F. ) ;
#40 = ORIENTED_EDGE ( 'NONE', *, *, #564, .F. ) ;
#41 = CARTESIAN_POINT ( 'NONE',  ( -55.99999999999999289, 1.421111387729532716, 40.00000000000000000 ) ) ;
#42 = FACE_BOUND ( 'NONE', #4135, .T. ) ;
#43 = AXIS2_PLACEMENT_3D ( 'NONE', #3869, #1922, #1298 ) ;
#44 = ORIENTED_EDGE ( 'NONE', *, *, #3192, .F. ) ;
#45 = DIRECTION ( 'NONE',  ( -0.8937621737296762570, -0.4485411651231178132, 0.000000000000000000 ) ) ;
#46 = EDGE_CURVE ( 'NONE', #3924, #421, #323, .T. ) ;
#47 = DIRECTION ( 'NONE',  ( 1.000000000000000000, 0.000000000000000000, -0.000000000000000000 ) ) ;
#48 = ORIENTED_EDGE ( 'NONE', *, *, #3733, .T. ) ;
#49 = VECTOR ( 'NONE', #442, 1000.000000000000000 ) ;
#50 = CARTESIAN_POINT ( 'NONE',  ( 39.99999999999998579, -66.00000000000000000, 40.00000000000000000 ) ) ;
#51 = DIRECTION ( 'NONE',  ( -0.000000000000000000, -0.000000000000000000, 1.000000000000000000 ) ) ;
#52 = CARTESIAN_POINT ( 'NONE',  ( -33.10186074811242918, 4.000000000000013323, 40.00000000000000000 ) ) ;
#53 = DIRECTION ( 'NONE',  ( 0.000000000000000000, 0.000000000000000000, 1.000000000000000000 ) ) ;
#54 = DIRECTION ( 'NONE',  ( -0.000000000000000000, 1.000000000000000000, -0.000000000000000000 ) ) ;
#55 = EDGE_CURVE ( 'NONE', #3902, #3415, #1585, .T. ) ;
#56 = VECTOR ( 'NONE', #3640, 1000.000000000000000 ) ;
#57 = ORIENTED_EDGE ( 'NONE', *, *, #282, .F. ) ;
#58 = DIRECTION ( 'NONE',  ( -1.000000000000000000, 0.000000000000000000, -0.000000000000000000 ) ) ;
#59 = CARTESIAN_POINT ( 'NONE',  ( 23.00000000000000000, 20.00000000000000711, 0.000000000000000000 ) ) ;
#60 = FACE_BOUND ( 'NONE', #1625, .T. ) ;
#61 = EDGE_CURVE ( 'NONE', #2567, #2018, #3524, .T. ) ;
#63 = ORIENTED_EDGE ( 'NONE', *, *, #2471, .F. ) ;
#62 = VECTOR ( 'NONE', #1999, 1000.000000000000114 ) ;
#64 = CARTESIAN_POINT ( 'NONE',  ( -55.99999999999999289, 1.421111387729532716, 32.50000000000000000 ) ) ;
#65 = CARTESIAN_POINT ( 'NONE',  ( -49.99999999999999289, 1.421111387729531828, 0.000000000000000000 ) ) ;
#66 = ORIENTED_EDGE ( 'NONE', *, *, #4019, .T. ) ;
#67 = ORIENTED_EDGE ( 'NONE', *, *, #3765, .F. ) ;
#68 = FACE_OUTER_BOUND ( 'NONE', #356, .T. ) ;
#69 = VECTOR ( 'NONE', #834, 1000.000000000000000 ) ;
#70 = CARTESIAN_POINT ( 'NONE',  ( -44.04999999999998295, -66.00000000000000000, 40.00000000000000000 ) ) ;
#71 = ORIENTED_EDGE ( 'NONE', *, *, #1240, .F. ) ;
#72 = CIRCLE ( 'NONE', #271, 2.000000000000001776 ) ;
#73 = CARTESIAN_POINT ( 'NONE',  ( 23.00000000000000000, 22.00000000000000711, 0.000000000000000000 ) ) ;
#74 = LINE ( 'NONE', #1359, #2943 ) ;
#75 = CALENDAR_DATE ( 2026, 8, 8 ) ;
#76 = CARTESIAN_POINT ( 'NONE',  ( 6.123233995736767268E-16, -64.99999999999998579, 25.00000000000000000 ) ) ;
#77 = AXIS2_PLACEMENT_3D ( 'NONE', #1382, #3721, #159 ) ;
#78 = EDGE_LOOP ( 'NONE', ( #3948, #4065, #3119, #757 ) ) ;
#79 = CARTESIAN_POINT ( 'NONE',  ( -35.94999999999998863, -66.00000000000000000, 7.499999999999985789 ) ) ;
#80 = EDGE_CURVE ( 'NONE', #1795, #88, #4176, .T. ) ;
#81 = CYLINDRICAL_SURFACE ( 'NONE', #3232, 2.000000000000001776 ) ;
#82 = DIRECTION ( 'NONE',  ( 0.000000000000000000, 0.000000000000000000, 1.000000000000000000 ) ) ;
#83 = AXIS2_PLACEMENT_3D ( 'NONE', #2842, #617, #1619 ) ;
#84 = VECTOR ( 'NONE', #4186, 1000.000000000000000 ) ;
#85 = VERTEX_POINT ( 'NONE', #270 ) ;
#86 = LINE ( 'NONE', #109, #3814 ) ;
#87 = CC_DESIGN_DATE_AND_TIME_ASSIGNMENT ( #1428, #1361, ( #698 ) ) ;
#88 = VERTEX_POINT ( 'NONE', #2565 ) ;
#89 = EDGE_CURVE ( 'NONE', #3621, #1525, #1242, .T. ) ;
#90 = ORIENTED_EDGE ( 'NONE', *, *, #2961, .F. ) ;
#91 = CARTESIAN_POINT ( 'NONE',  ( 39.99999999999998579, -66.00000000000000000, 7.499999999999985789 ) ) ;
#92 = CIRCLE ( 'NONE', #1230, 6.999999999999999112 ) ;
#93 = CARTESIAN_POINT ( 'NONE',  ( 35.94999999999998863, -66.00000000000000000, 40.00000000000000000 ) ) ;
#94 = VECTOR ( 'NONE', #989, 1000.000000000000114 ) ;
#95 = DIRECTION ( 'NONE',  ( -0.000000000000000000, -0.000000000000000000, 1.000000000000000000 ) ) ;
#96 = EDGE_CURVE ( 'NONE', #3635, #597, #3876, .T. ) ;
#97 = FACE_OUTER_BOUND ( 'NONE', #3637, .T. ) ;
#98 = COORDINATED_UNIVERSAL_TIME_OFFSET ( 8, 0, .AHEAD. ) ;
#99 = CARTESIAN_POINT ( 'NONE',  ( 33.10186074811246471, -1.999999999999979572, 7.500000000000000000 ) ) ;
#100 = LINE ( 'NONE', #1385, #3269 ) ;
#101 = EDGE_LOOP ( 'NONE', ( #234, #4118, #2590, #2780 ) ) ;
#102 = DIRECTION ( 'NONE',  ( 0.8660254037844418162, -0.4999999999999945599, 0.000000000000000000 ) ) ;
#103 = EDGE_CURVE ( 'NONE', #320, #777, #1412, .T. ) ;
#104 = VECTOR ( 'NONE', #2591, 1000.000000000000000 ) ;
#105 = EDGE_CURVE ( 'NONE', #3988, #1807, #2492, .T. ) ;
#106 = FACE_BOUND ( 'NONE', #563, .T. ) ;
#107 = DIRECTION ( 'NONE',  ( 1.000000000000000000, -0.000000000000000000, -0.000000000000000000 ) ) ;
#108 = ORIENTED_EDGE ( 'NONE', *, *, #827, .F. ) ;
#109 = CARTESIAN_POINT ( 'NONE',  ( 15.50000000000000000, 30.00000000000000711, 37.20000000000000284 ) ) ;
#110 = ORIENTED_EDGE ( 'NONE', *, *, #3417, .F. ) ;
#111 = ORIENTED_EDGE ( 'NONE', *, *, #1325, .T. ) ;
#112 = DIRECTION ( 'NONE',  ( 0.000000000000000000, 1.000000000000000000, -0.000000000000000000 ) ) ;
#113 = AXIS2_PLACEMENT_3D ( 'NONE', #3413, #2475, #2515 ) ;
#114 = VECTOR ( 'NONE', #3884, 1000.000000000000000 ) ;
#115 = DIRECTION ( 'NONE',  ( -1.000000000000000000, 0.000000000000000000, 0.000000000000000000 ) ) ;
#116 = EDGE_LOOP ( 'NONE', ( #249, #3872, #1072, #2014, #3312, #172, #3910, #1416, #2291, #3366 ) ) ;
#117 = CIRCLE ( 'NONE', #2555, 5.999999999999998224 ) ;
#118 = DIRECTION ( 'NONE',  ( 0.000000000000000000, 0.000000000000000000, -1.000000000000000000 ) ) ;
#119 = CARTESIAN_POINT ( 'NONE',  ( -12.49999999999998401, -62.99999999999998579, 29.50000000000000355 ) ) ;
#120 = AXIS2_PLACEMENT_3D ( 'NONE', #983, #33, #2302 ) ;
#121 = CARTESIAN_POINT ( 'NONE',  ( -45.32050807568871420, -74.66025403784442460, 40.00000000000000000 ) ) ;
#122 = VECTOR ( 'NONE', #2605, 1000.000000000000000 ) ;
#123 = ORIENTED_EDGE ( 'NONE', *, *, #204, .T. ) ;
#124 = CARTESIAN_POINT ( 'NONE',  ( 15.50000000000000000, 34.00000000000000000, 37.20000000000000284 ) ) ;
#125 = DIRECTION ( 'NONE',  ( 0.000000000000000000, 0.000000000000000000, 1.000000000000000000 ) ) ;
#126 = LINE ( 'NONE', #3311, #651 ) ;
#127 = EDGE_CURVE ( 'NONE', #567, #320, #126, .T. ) ;
#128 = ORIENTED_EDGE ( 'NONE', *, *, #2264, .F. ) ;
#129 = CARTESIAN_POINT ( 'NONE',  ( 25.00000000000000000, 28.00000000000001066, 40.00000000000000000 ) ) ;
#130 = EDGE_LOOP ( 'NONE', ( #20, #2927, #467, #2180, #2886, #4181, #2633, #2361, #3703, #1741, #1568, #275, #3471, #1180, #3424 ) ) ;
#131 = ORIENTED_EDGE ( 'NONE', *, *, #3879, .T. ) ;
#132 = CARTESIAN_POINT ( 'NONE',  ( 57.17057966352418674, -38.95109855721010916, 0.000000000000000000 ) ) ;
#133 = ADVANCED_FACE ( 'NONE', ( #2070, #3290, #461, #60, #2377, #1053 ), #1010, .T. ) ;
#134 = CARTESIAN_POINT ( 'NONE',  ( 80.00000000000000000, 6.999999999999994671, 29.50000000000000355 ) ) ;
#135 = ORIENTED_EDGE ( 'NONE', *, *, #2401, .F. ) ;
#136 = CARTESIAN_POINT ( 'NONE',  ( 39.99999999999998579, -66.00000000000000000, 40.00000000000000000 ) ) ;
#137 = EDGE_CURVE ( 'NONE', #447, #3456, #3580, .T. ) ;
#138 = ADVANCED_FACE ( 'NONE', ( #2400 ), #1735, .F. ) ;
#139 = CARTESIAN_POINT ( 'NONE',  ( 56.10820140082094554, -34.46568690597892726, 0.000000000000000000 ) ) ;
#140 = PERSON_AND_ORGANIZATION ( #317, #2211 ) ;
#141 = EDGE_CURVE ( 'NONE', #3125, #4020, #399, .T. ) ;
#142 = ORIENTED_EDGE ( 'NONE', *, *, #3408, .F. ) ;
#143 = CARTESIAN_POINT ( 'NONE',  ( -60.33874540297188815, -42.89545990659898678, 40.00000000000000000 ) ) ;
#144 = CARTESIAN_POINT ( 'NONE',  ( -49.99999999999999289, 9.999999999999994671, 40.00000000000000000 ) ) ;
#145 = CYLINDRICAL_SURFACE ( 'NONE', #1552, 2.000000000000001776 ) ;
#146 = ORIENTED_EDGE ( 'NONE', *, *, #1198, .F. ) ;
#147 = CARTESIAN_POINT ( 'NONE',  ( -23.00000000000000000, 28.00000000000001066, 10.00000000000000000 ) ) ;
#148 = ADVANCED_FACE ( 'NONE', ( #2310 ), #1367, .F. ) ;
#149 = CIRCLE ( 'NONE', #1362, 5.000000000000000888 ) ;
#150 = ORIENTED_EDGE ( 'NONE', *, *, #141, .T. ) ;
#151 = CARTESIAN_POINT ( 'NONE',  ( 47.17057966352418674, -38.95109855721010916, 40.00000000000000000 ) ) ;
#152 = CARTESIAN_POINT ( 'NONE',  ( -4.718447854656914508E-15, 33.99999999999998579, 26.00000000000000355 ) ) ;
#153 = ADVANCED_FACE ( 'NONE', ( #685 ), #2673, .F. ) ;
#154 = ORIENTED_EDGE ( 'NONE', *, *, #3967, .F. ) ;
#155 = DIRECTION ( 'NONE',  ( -0.000000000000000000, -0.000000000000000000, 1.000000000000000000 ) ) ;
#156 = ORIENTED_EDGE ( 'NONE', *, *, #3806, .T. ) ;
#157 = AXIS2_PLACEMENT_3D ( 'NONE', #1415, #4049, #2096 ) ;
#158 = CARTESIAN_POINT ( 'NONE',  ( 39.99999999999998579, -66.00000000000000000, 40.00000000000000000 ) ) ;
#159 = DIRECTION ( 'NONE',  ( -0.000000000000000000, 0.000000000000000000, 1.000000000000000000 ) ) ;
#160 = AXIS2_PLACEMENT_3D ( 'NONE', #4193, #1261, #313 ) ;
#161 = ORIENTED_EDGE ( 'NONE', *, *, #3383, .T. ) ;
#162 = CARTESIAN_POINT ( 'NONE',  ( -15.50000000000000711, 30.00000000000001421, 6.200000000000001066 ) ) ;
#163 = CIRCLE ( 'NONE', #2808, 9.999999999999994671 ) ;
#164 = CARTESIAN_POINT ( 'NONE',  ( 56.00000000000000711, 1.421111387729531828, 40.00000000000000000 ) ) ;
#165 = DIRECTION ( 'NONE',  ( 0.000000000000000000, 0.000000000000000000, 1.000000000000000000 ) ) ;
#166 = ORIENTED_EDGE ( 'NONE', *, *, #1909, .F. ) ;
#167 = VECTOR ( 'NONE', #528, 1000.000000000000000 ) ;
#168 = LINE ( 'NONE', #3394, #1983 ) ;
#169 = ORIENTED_EDGE ( 'NONE', *, *, #4130, .F. ) ;
#170 = VERTEX_POINT ( 'NONE', #3035 ) ;
#171 = DIRECTION ( 'NONE',  ( 0.000000000000000000, 0.000000000000000000, -1.000000000000000000 ) ) ;
#172 = ORIENTED_EDGE ( 'NONE', *, *, #1454, .T. ) ;
#173 = LINE ( 'NONE', #722, #2294 ) ;
#174 = ORIENTED_EDGE ( 'NONE', *, *, #3717, .T. ) ;
#175 = AXIS2_PLACEMENT_3D ( 'NONE', #1962, #34, #637 ) ;
#176 = EDGE_CURVE ( 'NONE', #2581, #1501, #2648, .T. ) ;
#177 = AXIS2_PLACEMENT_3D ( 'NONE', #364, #2634, #1572 ) ;
#178 = FACE_OUTER_BOUND ( 'NONE', #3937, .T. ) ;
#179 = CIRCLE ( 'NONE', #3642, 4.049999999999998046 ) ;
#180 = PLANE ( 'NONE',  #3486 ) ;
#181 = ORIENTED_EDGE ( 'NONE', *, *, #281, .F. ) ;
#182 = DIRECTION ( 'NONE',  ( 0.000000000000000000, -0.000000000000000000, 1.000000000000000000 ) ) ;
#183 = DIRECTION ( 'NONE',  ( -1.000000000000000000, 0.000000000000000000, 0.000000000000000000 ) ) ;
#184 = EDGE_CURVE ( 'NONE', #1542, #2468, #3512, .T. ) ;
#185 = CARTESIAN_POINT ( 'NONE',  ( -33.10186074811242918, 4.000000000000013323, 32.50000000000000000 ) ) ;
#186 = EDGE_LOOP ( 'NONE', ( #2013, #223, #260, #1912, #3895, #3968, #4125, #1200, #3526, #3023, #3307, #2099, #3115 ) ) ;
#187 = CARTESIAN_POINT ( 'NONE',  ( -36.80391159174330085, 4.000000000000012434, 0.000000000000000000 ) ) ;
#188 = EDGE_CURVE ( 'NONE', #2231, #2610, #3670, .T. ) ;
#189 = EDGE_CURVE ( 'NONE', #802, #3621, #1539, .T. ) ;
#190 = VERTEX_POINT ( 'NONE', #1034 ) ;
#191 = ORIENTED_EDGE ( 'NONE', *, *, #3853, .T. ) ;
#192 = CYLINDRICAL_SURFACE ( 'NONE', #3163, 10.00000000000000178 ) ;
#193 = ORIENTED_EDGE ( 'NONE', *, *, #740, .T. ) ;
#194 = ORIENTED_EDGE ( 'NONE', *, *, #3610, .T. ) ;
#195 = AXIS2_PLACEMENT_3D ( 'NONE', #3107, #196, #1229 ) ;
#196 = DIRECTION ( 'NONE',  ( -0.000000000000000000, -1.000000000000000000, -0.000000000000000000 ) ) ;
#197 = ORIENTED_EDGE ( 'NONE', *, *, #6, .T. ) ;
#198 = CARTESIAN_POINT ( 'NONE',  ( 50.00000000000000711, -1.056984534117422618E-14, 40.00000000000000000 ) ) ;
#199 = CARTESIAN_POINT ( 'NONE',  ( -39.99999999999998579, -66.00000000000000000, 32.50000000000000000 ) ) ;
#200 = DIRECTION ( 'NONE',  ( 0.000000000000000000, 0.000000000000000000, -1.000000000000000000 ) ) ;
#201 = DIRECTION ( 'NONE',  ( -1.000000000000000000, 0.000000000000000000, 0.000000000000000000 ) ) ;
#202 = ORIENTED_EDGE ( 'NONE', *, *, #3667, .F. ) ;
#203 = CARTESIAN_POINT ( 'NONE',  ( -44.04999999999998295, -66.00000000000000000, 40.00000000000000000 ) ) ;
#204 = EDGE_CURVE ( 'NONE', #3387, #2117, #3630, .T. ) ;
#205 = VECTOR ( 'NONE', #1965, 1000.000000000000000 ) ;
#206 = ORIENTED_EDGE ( 'NONE', *, *, #2303, .F. ) ;
#207 = ORIENTED_EDGE ( 'NONE', *, *, #2019, .T. ) ;
#208 = FACE_OUTER_BOUND ( 'NONE', #1586, .T. ) ;
#209 = DIRECTION ( 'NONE',  ( 1.000000000000000000, 0.000000000000000000, 0.000000000000000000 ) ) ;
#210 = ORIENTED_EDGE ( 'NONE', *, *, #2124, .T. ) ;
#211 = EDGE_CURVE ( 'NONE', #671, #1795, #3962, .T. ) ;
#212 = DIRECTION ( 'NONE',  ( 0.000000000000000000, 1.000000000000000000, 0.000000000000000000 ) ) ;
#213 = ORIENTED_EDGE ( 'NONE', *, *, #1769, .F. ) ;
#214 = CIRCLE ( 'NONE', #756, 4.049999999999998046 ) ;
#215 = DIRECTION ( 'NONE',  ( 0.000000000000000000, 0.000000000000000000, -1.000000000000000000 ) ) ;
#216 = EDGE_CURVE ( 'NONE', #489, #2229, #733, .T. ) ;
#217 = ORIENTED_EDGE ( 'NONE', *, *, #1231, .T. ) ;
#218 = DIRECTION ( 'NONE',  ( -1.000000000000000000, 0.000000000000000000, 0.000000000000000000 ) ) ;
#219 = FACE_OUTER_BOUND ( 'NONE', #363, .T. ) ;
#220 = DIRECTION ( 'NONE',  ( 0.000000000000000000, 0.000000000000000000, 1.000000000000000000 ) ) ;
#221 = CARTESIAN_POINT ( 'NONE',  ( -12.49999999999998224, -62.99999999999998579, 32.50000000000000000 ) ) ;
#222 = CIRCLE ( 'NONE', #4087, 5.999999999999998224 ) ;
#223 = ORIENTED_EDGE ( 'NONE', *, *, #1113, .T. ) ;
#224 = DIRECTION ( 'NONE',  ( -0.000000000000000000, 1.483645078138058959E-16, -1.000000000000000000 ) ) ;
#225 = EDGE_CURVE ( 'NONE', #539, #1974, #2768, .T. ) ;
#226 = VECTOR ( 'NONE', #3259, 1000.000000000000000 ) ;
#227 = VERTEX_POINT ( 'NONE', #2132 ) ;
#228 = EDGE_LOOP ( 'NONE', ( #181, #2826, #760, #2934 ) ) ;
#229 = CARTESIAN_POINT ( 'NONE',  ( 10.99999999999998579, 31.99999999999998579, 20.00000000000000000 ) ) ;
#230 = DIRECTION ( 'NONE',  ( 1.387778780781445922E-16, -1.000000000000000000, -0.000000000000000000 ) ) ;
#231 = ORIENTED_EDGE ( 'NONE', *, *, #1335, .F. ) ;
#232 = LINE ( 'NONE', #2162, #4095 ) ;
#233 = DIRECTION ( 'NONE',  ( -0.000000000000000000, -1.000000000000000000, -0.000000000000000000 ) ) ;
#234 = ORIENTED_EDGE ( 'NONE', *, *, #2088, .F. ) ;
#235 = DIRECTION ( 'NONE',  ( -0.000000000000000000, -0.000000000000000000, 1.000000000000000000 ) ) ;
#236 = EDGE_CURVE ( 'NONE', #723, #2384, #3114, .T. ) ;
#237 = EDGE_LOOP ( 'NONE', ( #804, #2142 ) ) ;
#238 = DIRECTION ( 'NONE',  ( 0.000000000000000000, -0.000000000000000000, -1.000000000000000000 ) ) ;
#239 = PLANE ( 'NONE',  #536 ) ;
#240 = CARTESIAN_POINT ( 'NONE',  ( 15.50000000000000000, 30.00000000000000711, 35.50000000000000711 ) ) ;
#241 = AXIS2_PLACEMENT_3D ( 'NONE', #812, #833, #2113 ) ;
#242 = CYLINDRICAL_SURFACE ( 'NONE', #1529, 9.999999999999994671 ) ;
#243 = VECTOR ( 'NONE', #2120, 1000.000000000000000 ) ;
#244 = DIRECTION ( 'NONE',  ( 0.000000000000000000, 0.000000000000000000, -1.000000000000000000 ) ) ;
#245 = VERTEX_POINT ( 'NONE', #1199 ) ;
#246 = FACE_OUTER_BOUND ( 'NONE', #909, .T. ) ;
#247 = APPLICATION_CONTEXT ( 'configuration controlled 3d designs of mechanical parts and assemblies' ) ;
#248 = ORIENTED_EDGE ( 'NONE', *, *, #2652, .F. ) ;
#249 = ORIENTED_EDGE ( 'NONE', *, *, #1492, .F. ) ;
#250 = DIRECTION ( 'NONE',  ( -0.4485411651231179242, 0.8937621737296761459, -0.000000000000000000 ) ) ;
#251 = DIRECTION ( 'NONE',  ( 0.000000000000000000, -1.483645078138058959E-16, 1.000000000000000000 ) ) ;
#252 = VECTOR ( 'NONE', #813, 1000.000000000000000 ) ;
#253 = EDGE_LOOP ( 'NONE', ( #3500, #3166 ) ) ;
#254 = DIRECTION ( 'NONE',  ( -1.000000000000000000, 0.000000000000000000, 0.000000000000000000 ) ) ;
#255 = CIRCLE ( 'NONE', #2630, 10.00000000000000178 ) ;
#256 = ORIENTED_EDGE ( 'NONE', *, *, #3805, .F. ) ;
#257 = EDGE_CURVE ( 'NONE', #2384, #3211, #2624, .T. ) ;
#258 = DIRECTION ( 'NONE',  ( 0.4485411651231179242, -0.8937621737296761459, 0.000000000000000000 ) ) ;
#259 = VECTOR ( 'NONE', #1291, 1000.000000000000000 ) ;
#260 = ORIENTED_EDGE ( 'NONE', *, *, #2569, .F. ) ;
#261 = DIRECTION ( 'NONE',  ( 0.000000000000000000, 0.000000000000000000, -1.000000000000000000 ) ) ;
#262 = EDGE_CURVE ( 'NONE', #2184, #772, #1152, .T. ) ;
#263 = ADVANCED_FACE ( 'NONE', ( #2757 ), #2437, .F. ) ;
#264 = DIRECTION ( 'NONE',  ( 0.000000000000000000, 0.000000000000000000, -1.000000000000000000 ) ) ;
#265 = LINE ( 'NONE', #3217, #2823 ) ;
#266 = ADVANCED_FACE ( 'NONE', ( #1174 ), #145, .F. ) ;
#267 = CARTESIAN_POINT ( 'NONE',  ( -23.00000000000000000, 30.00000000000001066, 0.000000000000000000 ) ) ;
#268 = ORIENTED_EDGE ( 'NONE', *, *, #882, .T. ) ;
#269 = CARTESIAN_POINT ( 'NONE',  ( -25.00000000000000000, 20.00000000000000711, 30.00000000000000000 ) ) ;
#270 = CARTESIAN_POINT ( 'NONE',  ( 12.49999999999998401, -65.99999999999998579, 10.49999999999998934 ) ) ;
#271 = AXIS2_PLACEMENT_3D ( 'NONE', #4117, #3443, #1524 ) ;
#272 = ORIENTED_EDGE ( 'NONE', *, *, #2573, .F. ) ;
#273 = CARTESIAN_POINT ( 'NONE',  ( 4.163799117101000066E-16, -73.99999999999998579, 16.60000000000000142 ) ) ;
#274 = EDGE_CURVE ( 'NONE', #245, #3042, #1518, .T. ) ;
#275 = ORIENTED_EDGE ( 'NONE', *, *, #3729, .T. ) ;
#276 = CARTESIAN_POINT ( 'NONE',  ( 0.000000000000000000, 0.000000000000000000, 0.000000000000000000 ) ) ;
#277 = ORIENTED_EDGE ( 'NONE', *, *, #3967, .T. ) ;
#278 = AXIS2_PLACEMENT_3D ( 'NONE', #2044, #3342, #434 ) ;
#279 = EDGE_LOOP ( 'NONE', ( #2947, #652, #3731, #2365 ) ) ;
#280 = DIRECTION ( 'NONE',  ( 0.000000000000000000, 0.000000000000000000, -1.000000000000000000 ) ) ;
#281 = EDGE_CURVE ( 'NONE', #245, #2610, #1013, .T. ) ;
#282 = EDGE_CURVE ( 'NONE', #2763, #3635, #3391, .T. ) ;
#283 = DIRECTION ( 'NONE',  ( -0.8937621737296761459, -0.4485411651231179242, 0.000000000000000000 ) ) ;
#284 = AXIS2_PLACEMENT_3D ( 'NONE', #3648, #728, #1963 ) ;
#285 = VECTOR ( 'NONE', #3849, 1000.000000000000000 ) ;
#286 = DIRECTION ( 'NONE',  ( -1.000000000000000000, -2.081668171172168119E-15, 0.000000000000000000 ) ) ;
#287 = DIRECTION ( 'NONE',  ( -0.000000000000000000, -0.000000000000000000, 1.000000000000000000 ) ) ;
#288 = CARTESIAN_POINT ( 'NONE',  ( 0.000000000000000000, 0.000000000000000000, 40.00000000000000000 ) ) ;
#289 = LINE ( 'NONE', #267, #958 ) ;
#290 = EDGE_LOOP ( 'NONE', ( #3256, #780, #1459, #1011 ) ) ;
#291 = DIRECTION ( 'NONE',  ( 0.000000000000000000, 0.000000000000000000, -1.000000000000000000 ) ) ;
#292 = CIRCLE ( 'NONE', #1302, 10.00000000000000178 ) ;
#293 = DIRECTION ( 'NONE',  ( 1.000000000000000000, 0.000000000000000000, 0.000000000000000000 ) ) ;
#294 = ORIENTED_EDGE ( 'NONE', *, *, #2802, .F. ) ;
#295 = VECTOR ( 'NONE', #967, 1000.000000000000000 ) ;
#296 = VERTEX_POINT ( 'NONE', #2776 ) ;
#297 = ORIENTED_EDGE ( 'NONE', *, *, #1899, .T. ) ;
#298 = CYLINDRICAL_SURFACE ( 'NONE', #1656, 5.999999999999998224 ) ;
#299 = ORIENTED_EDGE ( 'NONE', *, *, #2627, .T. ) ;
#300 = ORIENTED_EDGE ( 'NONE', *, *, #2416, .T. ) ;
#301 = LINE ( 'NONE', #3865, #2878 ) ;
#302 = CIRCLE ( 'NONE', #3492, 2.000000000000001776 ) ;
#303 = CARTESIAN_POINT ( 'NONE',  ( 80.00000000000000000, -65.99999999999998579, 7.499999999999988454 ) ) ;
#304 = EDGE_CURVE ( 'NONE', #4075, #1742, #2986, .T. ) ;
#305 = DIRECTION ( 'NONE',  ( 0.000000000000000000, -1.000000000000000000, -0.000000000000000000 ) ) ;
#306 = FACE_OUTER_BOUND ( 'NONE', #101, .T. ) ;
#307 = CARTESIAN_POINT ( 'NONE',  ( -25.00000000000000000, 22.00000000000000711, 0.000000000000000000 ) ) ;
#308 = EDGE_LOOP ( 'NONE', ( #761, #4141, #2220, #142 ) ) ;
#309 = CARTESIAN_POINT ( 'NONE',  ( -23.00000000000000000, 28.00000000000001066, 10.00000000000000000 ) ) ;
#310 = AXIS2_PLACEMENT_3D ( 'NONE', #1517, #876, #3478 ) ;
#311 = EDGE_CURVE ( 'NONE', #2971, #2772, #3770, .T. ) ;
#312 = AXIS2_PLACEMENT_3D ( 'NONE', #1269, #3575, #3252 ) ;
#313 = DIRECTION ( 'NONE',  ( 0.000000000000000000, 0.000000000000000000, -1.000000000000000000 ) ) ;
#314 = CARTESIAN_POINT ( 'NONE',  ( 12.49999999999998224, -76.00000000000000000, 7.500000000000000000 ) ) ;
#315 = AXIS2_PLACEMENT_3D ( 'NONE', #2647, #2030, #1366 ) ;
#316 = VERTEX_POINT ( 'NONE', #3479 ) ;
#317 = PERSON ( '未', '未', '未', ('未'), ('未'), ('未') ) ;
#318 = ADVANCED_FACE ( 'NONE', ( #859 ), #1812, .F. ) ;
#319 = EDGE_CURVE ( 'NONE', #1519, #1300, #4109, .T. ) ;
#320 = VERTEX_POINT ( 'NONE', #538 ) ;
#321 = DIRECTION ( 'NONE',  ( -1.000000000000000000, -3.686879161817355883E-16, 0.000000000000000000 ) ) ;
#322 = AXIS2_PLACEMENT_3D ( 'NONE', #2985, #54, #2641 ) ;
#323 = CIRCLE ( 'NONE', #3442, 5.000000000000000888 ) ;
#324 = VERTEX_POINT ( 'NONE', #221 ) ;
#325 = DIRECTION ( 'NONE',  ( -1.000000000000000000, 0.000000000000000000, 0.000000000000000000 ) ) ;
#326 = CARTESIAN_POINT ( 'NONE',  ( 78.00000000000001421, -55.79274057836332901, 40.00000000000000000 ) ) ;
#327 = DIRECTION ( 'NONE',  ( 0.000000000000000000, 0.000000000000000000, -1.000000000000000000 ) ) ;
#328 = CARTESIAN_POINT ( 'NONE',  ( -69.83183426055219911, -60.50863326681898968, 32.50000000000000000 ) ) ;
#329 = LINE ( 'NONE', #704, #226 ) ;
#330 = LINE ( 'NONE', #13, #3228 ) ;
#331 = CARTESIAN_POINT ( 'NONE',  ( 64.83183426055228438, -51.84837922897451534, 40.00000000000000000 ) ) ;
#332 = ORIENTED_EDGE ( 'NONE', *, *, #7, .T. ) ;
#333 = CARTESIAN_POINT ( 'NONE',  ( 50.00000000000000711, 1.421111387729531828, 0.000000000000000000 ) ) ;
#334 = LINE ( 'NONE', #1946, #829 ) ;
#335 = EDGE_LOOP ( 'NONE', ( #1203, #1929, #2862, #336 ) ) ;
#336 = ORIENTED_EDGE ( 'NONE', *, *, #3815, .F. ) ;
#337 = DIRECTION ( 'NONE',  ( -1.000000000000000000, 0.000000000000000000, 0.000000000000000000 ) ) ;
#338 = VERTEX_POINT ( 'NONE', #1831 ) ;
#339 = VECTOR ( 'NONE', #4145, 1000.000000000000000 ) ;
#340 = CARTESIAN_POINT ( 'NONE',  ( 49.99999999999999289, 33.99999999999999289, 40.00000000000000000 ) ) ;
#341 = VERTEX_POINT ( 'NONE', #3133 ) ;
#342 = CARTESIAN_POINT ( 'NONE',  ( 0.000000000000000000, -65.99999999999998579, 13.00000000000000000 ) ) ;
#343 = EDGE_CURVE ( 'NONE', #1442, #1714, #4062, .T. ) ;
#344 = AXIS2_PLACEMENT_3D ( 'NONE', #3874, #965, #987 ) ;
#345 = DIRECTION ( 'NONE',  ( 0.000000000000000000, 1.000000000000000000, 0.000000000000000000 ) ) ;
#346 = ORIENTED_EDGE ( 'NONE', *, *, #1411, .F. ) ;
#347 = LINE ( 'NONE', #2557, #2587 ) ;
#348 = DIRECTION ( 'NONE',  ( -0.000000000000000000, -0.000000000000000000, 1.000000000000000000 ) ) ;
#349 = PLANE ( 'NONE',  #120 ) ;
#350 = LINE ( 'NONE', #2901, #3504 ) ;
#351 = VERTEX_POINT ( 'NONE', #878 ) ;
#352 = VECTOR ( 'NONE', #3070, 1000.000000000000114 ) ;
#353 = DIRECTION ( 'NONE',  ( -0.000000000000000000, -0.000000000000000000, 1.000000000000000000 ) ) ;
#354 = CARTESIAN_POINT ( 'NONE',  ( -4.718447854656914508E-15, 9.999999999999994671, 20.00000000000000000 ) ) ;
#355 = DIRECTION ( 'NONE',  ( 0.4485411651231178132, -0.8937621737296762570, 0.000000000000000000 ) ) ;
#356 = EDGE_LOOP ( 'NONE', ( #300, #3740, #135, #2424 ) ) ;
#357 = AXIS2_PLACEMENT_3D ( 'NONE', #3976, #2414, #3303 ) ;
#358 = ADVANCED_FACE ( 'NONE', ( #2173 ), #1434, .F. ) ;
#359 = CARTESIAN_POINT ( 'NONE',  ( -15.50000000000000711, 30.00000000000001421, 4.500000000000000888 ) ) ;
#360 = EDGE_CURVE ( 'NONE', #2104, #2067, #1350, .T. ) ;
#361 = AXIS2_PLACEMENT_3D ( 'NONE', #3672, #1437, #759 ) ;
#362 = CARTESIAN_POINT ( 'NONE',  ( 40.32050807568879947, -65.99999999999998579, 7.499999999999985789 ) ) ;
#363 = EDGE_LOOP ( 'NONE', ( #1803, #299, #1044, #810 ) ) ;
#364 = CARTESIAN_POINT ( 'NONE',  ( -64.83183426055225596, -51.84837922897456508, 32.50000000000000000 ) ) ;
#365 = AXIS2_PLACEMENT_3D ( 'NONE', #549, #1844, #2183 ) ;
#366 = EDGE_CURVE ( 'NONE', #2226, #1633, #904, .T. ) ;
#367 = FACE_OUTER_BOUND ( 'NONE', #1521, .T. ) ;
#368 = VERTEX_POINT ( 'NONE', #2543 ) ;
#369 = CIRCLE ( 'NONE', #2338, 10.00000000000000178 ) ;
#370 = PRODUCT_DEFINITION_SHAPE ( 'NONE', 'NONE',  #698 ) ;
#371 = DIRECTION ( 'NONE',  ( 0.000000000000000000, 0.000000000000000000, -1.000000000000000000 ) ) ;
#372 = EDGE_CURVE ( 'NONE', #2184, #2963, #2852, .T. ) ;
#373 = CARTESIAN_POINT ( 'NONE',  ( -73.76945599784900764, -47.36296757774339028, 0.000000000000000000 ) ) ;
#374 = DIRECTION ( 'NONE',  ( -0.000000000000000000, 1.483645078138058959E-16, -1.000000000000000000 ) ) ;
#375 = ORIENTED_EDGE ( 'NONE', *, *, #3108, .T. ) ;
#376 = FACE_OUTER_BOUND ( 'NONE', #2408, .T. ) ;
#377 = PLANE ( 'NONE',  #2670 ) ;
#378 = DIRECTION ( 'NONE',  ( -0.000000000000000000, -0.000000000000000000, -1.000000000000000000 ) ) ;
#379 = ORIENTED_EDGE ( 'NONE', *, *, #3404, .T. ) ;
#380 = FACE_BOUND ( 'NONE', #237, .T. ) ;
#381 = LINE ( 'NONE', #2631, #1109 ) ;
#382 = LOCAL_TIME ( 21, 18, 35.00000000000000000, #3001 ) ;
#383 = EDGE_LOOP ( 'NONE', ( #2058, #1724, #1546, #1055 ) ) ;
#384 = DIRECTION ( 'NONE',  ( 0.000000000000000000, 0.000000000000000000, 1.000000000000000000 ) ) ;
#385 = LINE ( 'NONE', #1356, #1885 ) ;
#386 = EDGE_CURVE ( 'NONE', #190, #2833, #3389, .T. ) ;
#387 = VECTOR ( 'NONE', #3349, 1000.000000000000000 ) ;
#388 = DIRECTION ( 'NONE',  ( 0.000000000000000000, -1.000000000000000000, -1.734723475976806848E-16 ) ) ;
#389 = LINE ( 'NONE', #3025, #1237 ) ;
#390 = CARTESIAN_POINT ( 'NONE',  ( -4.718447854656914508E-15, 33.99999999999998579, 20.00000000000000000 ) ) ;
#391 = PERSON_AND_ORGANIZATION ( #317, #2211 ) ;
#392 = LINE ( 'NONE', #437, #856 ) ;
#393 = VECTOR ( 'NONE', #1723, 1000.000000000000000 ) ;
#394 = CC_DESIGN_PERSON_AND_ORGANIZATION_ASSIGNMENT ( #140, #1685, ( #702 ) ) ;
#395 = ORIENTED_EDGE ( 'NONE', *, *, #956, .T. ) ;
#396 = CARTESIAN_POINT ( 'NONE',  ( 33.10186074811246471, 4.000000000000020428, 0.000000000000000000 ) ) ;
#397 = ADVANCED_FACE ( 'NONE', ( #3157 ), #922, .T. ) ;
#398 = DIRECTION ( 'NONE',  ( -0.000000000000000000, -0.000000000000000000, 1.000000000000000000 ) ) ;
#399 = LINE ( 'NONE', #2990, #2083 ) ;
#401 = ORIENTED_EDGE ( 'NONE', *, *, #2225, .T. ) ;
#400 = AXIS2_PLACEMENT_3D ( 'NONE', #3599, #1958, #5 ) ;
#402 = ORIENTED_EDGE ( 'NONE', *, *, #2292, .T. ) ;
#403 = ORIENTED_EDGE ( 'NONE', *, *, #1720, .T. ) ;
#404 = DIRECTION ( 'NONE',  ( -0.000000000000000000, -0.000000000000000000, 1.000000000000000000 ) ) ;
#405 = EDGE_CURVE ( 'NONE', #981, #2602, #2781, .T. ) ;
#406 = AXIS2_PLACEMENT_3D ( 'NONE', #638, #3197, #963 ) ;
#407 = DIRECTION ( 'NONE',  ( -1.000000000000000000, -1.387778780781445922E-16, 0.000000000000000000 ) ) ;
#408 = ADVANCED_FACE ( 'NONE', ( #4148 ), #3519, .F. ) ;
#409 = ORIENTED_EDGE ( 'NONE', *, *, #1467, .T. ) ;
#410 = EDGE_CURVE ( 'NONE', #3947, #645, #3870, .T. ) ;
#411 = DIRECTION ( 'NONE',  ( -0.000000000000000000, 0.000000000000000000, 1.000000000000000000 ) ) ;
#412 = CARTESIAN_POINT ( 'NONE',  ( -23.00000000000000000, 30.00000000000001421, 10.00000000000000000 ) ) ;
#413 = PERSON_AND_ORGANIZATION_ROLE ( 'design_supplier' ) ;
#414 = CARTESIAN_POINT ( 'NONE',  ( -60.33874540297188815, -42.89545990659898678, 40.00000000000000000 ) ) ;
#415 = ORIENTED_EDGE ( 'NONE', *, *, #1622, .F. ) ;
#416 = CARTESIAN_POINT ( 'NONE',  ( -73.76945599784900764, -47.36296757774339028, 40.00000000000000000 ) ) ;
#417 = CARTESIAN_POINT ( 'NONE',  ( 64.24871130596434909, -52.00000000000014921, 40.00000000000000000 ) ) ;
#418 = DIRECTION ( 'NONE',  ( -0.000000000000000000, -0.000000000000000000, 1.000000000000000000 ) ) ;
#419 = CIRCLE ( 'NONE', #2658, 2.000000000000001776 ) ;
#420 = CIRCLE ( 'NONE', #1638, 4.000000000000000000 ) ;
#421 = VERTEX_POINT ( 'NONE', #985 ) ;
#422 = CARTESIAN_POINT ( 'NONE',  ( 60.33874540297191658, -42.89545990659892283, 40.00000000000000000 ) ) ;
#423 = DIRECTION ( 'NONE',  ( 0.000000000000000000, 0.000000000000000000, -1.000000000000000000 ) ) ;
#424 = ORIENTED_EDGE ( 'NONE', *, *, #2074, .T. ) ;
#425 = ORIENTED_EDGE ( 'NONE', *, *, #2646, .F. ) ;
#426 = FACE_OUTER_BOUND ( 'NONE', #3925, .T. ) ;
#427 = VECTOR ( 'NONE', #3384, 1000.000000000000000 ) ;
#428 = ORIENTED_EDGE ( 'NONE', *, *, #1966, .F. ) ;
#429 = CARTESIAN_POINT ( 'NONE',  ( 12.49999999999998224, -76.00000000000000000, 32.50000000000000000 ) ) ;
#430 = VECTOR ( 'NONE', #3341, 1000.000000000000000 ) ;
#431 = ORIENTED_EDGE ( 'NONE', *, *, #3509, .F. ) ;
#432 = CARTESIAN_POINT ( 'NONE',  ( -40.32050807568876394, -76.00000000000000000, 40.00000000000000000 ) ) ;
#433 = CARTESIAN_POINT ( 'NONE',  ( 34.96152422706640550, -55.99999999999997868, 7.499999999999992895 ) ) ;
#434 = DIRECTION ( 'NONE',  ( 0.000000000000000000, -0.000000000000000000, 1.000000000000000000 ) ) ;
#435 = PERSON_AND_ORGANIZATION ( #317, #2211 ) ;
#436 = EDGE_CURVE ( 'NONE', #890, #3360, #289, .T. ) ;
#437 = CARTESIAN_POINT ( 'NONE',  ( 57.17057966352418674, -38.95109855721010916, 40.00000000000000000 ) ) ;
#438 = ORIENTED_EDGE ( 'NONE', *, *, #1945, .T. ) ;
#439 = DIRECTION ( 'NONE',  ( 0.000000000000000000, 0.000000000000000000, 1.000000000000000000 ) ) ;
#440 = VECTOR ( 'NONE', #3697, 1000.000000000000000 ) ;
#441 = CARTESIAN_POINT ( 'NONE',  ( 39.96152422706634866, -54.66025403784439618, 0.000000000000000000 ) ) ;
#442 = DIRECTION ( 'NONE',  ( 0.000000000000000000, -1.000000000000000000, 0.000000000000000000 ) ) ;
#443 = ORIENTED_EDGE ( 'NONE', *, *, #1377, .T. ) ;
#444 = DIRECTION ( 'NONE',  ( -0.000000000000000000, -1.000000000000000000, -0.000000000000000000 ) ) ;
#445 = EDGE_CURVE ( 'NONE', #1379, #3902, #2902, .T. ) ;
#446 = ORIENTED_EDGE ( 'NONE', *, *, #2707, .T. ) ;
#447 = VERTEX_POINT ( 'NONE', #1559 ) ;
#448 = DIRECTION ( 'NONE',  ( 0.000000000000000000, -1.483645078138058959E-16, 1.000000000000000000 ) ) ;
#449 = EDGE_CURVE ( 'NONE', #2232, #981, #1580, .T. ) ;
#450 = EDGE_CURVE ( 'NONE', #3795, #1293, #2880, .T. ) ;
#451 = AXIS2_PLACEMENT_3D ( 'NONE', #151, #384, #1678 ) ;
#452 = LINE ( 'NONE', #93, #2086 ) ;
#453 = ADVANCED_FACE ( 'NONE', ( #3852 ), #2238, .F. ) ;
#454 = EDGE_LOOP ( 'NONE', ( #1658, #815, #3041, #1436 ) ) ;
#455 = DIRECTION ( 'NONE',  ( -0.000000000000000000, 0.000000000000000000, 1.000000000000000000 ) ) ;
#456 = DIRECTION ( 'NONE',  ( 1.000000000000000000, 0.000000000000000000, 0.000000000000000000 ) ) ;
#457 = CLOSED_SHELL ( 'NONE', ( #318, #1891, #1594, #3538, #4003, #2522, #1024, #1187, #2669, #3846, #1804, #3275, #3328, #877, #2526, #3149, #1031, #2779, #1148, #3991, #2167, #1767, #771, #1417, #4076, #1154, #673, #2516, #1179, #408, #1955, #962, #1687, #792, #2888, #1711, #2663, #1637, #2277, #1008, #1019, #3020, #3986, #4169, #3693, #2179, #529, #1509, #3368, #1470, #3060, #133, #2255, #870, #3046, #1209, #2750, #2611, #934, #2708, #3783, #900, #22, #3355, #2499, #3109, #1866, #2387, #3596, #1458, #2201, #972, #659, #2130, #3676, #3448, #3644, #1766, #453, #397, #1872, #3554, #2444, #3578, #148, #2848, #4027, #1532, #2792, #2694, #266, #3458, #2956, #1270, #3764, #3723, #1091, #1264, #263, #938, #1315, #4167, #2002, #153, #138, #3240, #2406, #4069, #2366, #2263, #358, #487, #3293, #2883, #692, #3645, #1916, #887, #2928, #619, #1783, #2163, #3638 ) ) ;
#458 = ORIENTED_EDGE ( 'NONE', *, *, #2521, .T. ) ;
#459 = CARTESIAN_POINT ( 'NONE',  ( -33.10186074811242918, -1.999999999999987566, 40.00000000000000000 ) ) ;
#460 = CARTESIAN_POINT ( 'NONE',  ( -25.00000000000000000, 28.00000000000001066, 10.00000000000000000 ) ) ;
#461 = FACE_BOUND ( 'NONE', #2822, .T. ) ;
#462 = AXIS2_PLACEMENT_3D ( 'NONE', #1443, #3718, #764 ) ;
#463 = EDGE_CURVE ( 'NONE', #2378, #2382, #3219, .T. ) ;
#464 = EDGE_LOOP ( 'NONE', ( #1840, #4032, #1143, #1763 ) ) ;
#465 = ORIENTED_EDGE ( 'NONE', *, *, #843, .T. ) ;
#466 = DIRECTION ( 'NONE',  ( 0.000000000000000000, -0.000000000000000000, -1.000000000000000000 ) ) ;
#467 = ORIENTED_EDGE ( 'NONE', *, *, #2079, .T. ) ;
#468 = ORIENTED_EDGE ( 'NONE', *, *, #1950, .F. ) ;
#469 = CARTESIAN_POINT ( 'NONE',  ( 52.17057966352412990, -47.61135259505451955, 0.000000000000000000 ) ) ;
#470 = ORIENTED_EDGE ( 'NONE', *, *, #2401, .T. ) ;
#471 = LINE ( 'NONE', #1762, #167 ) ;
#472 = ORIENTED_EDGE ( 'NONE', *, *, #2079, .F. ) ;
#473 = CARTESIAN_POINT ( 'NONE',  ( 39.99999999999998579, -66.00000000000000000, 7.499999999999985789 ) ) ;
#474 = CARTESIAN_POINT ( 'NONE',  ( -33.10186074811242918, -1.999999999999987566, 40.00000000000000000 ) ) ;
#475 = SHAPE_DEFINITION_REPRESENTATION ( #370, #3409 ) ;
#476 = CIRCLE ( 'NONE', #3393, 10.00000000000000178 ) ;
#477 = ORIENTED_EDGE ( 'NONE', *, *, #1104, .F. ) ;
#478 = CARTESIAN_POINT ( 'NONE',  ( 25.00000000000000000, 20.00000000000000711, 10.00000000000000000 ) ) ;
#479 = AXIS2_PLACEMENT_3D ( 'NONE', #2623, #2240, #3918 ) ;
#480 = CARTESIAN_POINT ( 'NONE',  ( 15.50000000000000000, 30.00000000000000711, 4.500000000000000888 ) ) ;
#481 = DIRECTION ( 'NONE',  ( 1.000000000000000000, 0.000000000000000000, 0.000000000000000000 ) ) ;
#482 = VERTEX_POINT ( 'NONE', #4129 ) ;
#483 = LINE ( 'NONE', #1133, #2404 ) ;
#484 = ORIENTED_EDGE ( 'NONE', *, *, #3760, .F. ) ;
#485 = AXIS2_PLACEMENT_3D ( 'NONE', #459, #1409, #2714 ) ;
#486 = ORIENTED_EDGE ( 'NONE', *, *, #3459, .T. ) ;
#487 = ADVANCED_FACE ( 'NONE', ( #2262 ), #1602, .F. ) ;
#488 = DIRECTION ( 'NONE',  ( 1.000000000000000000, 0.000000000000000000, -0.000000000000000000 ) ) ;
#489 = VERTEX_POINT ( 'NONE', #1276 ) ;
#490 = LINE ( 'NONE', #1064, #1882 ) ;
#491 = ORIENTED_EDGE ( 'NONE', *, *, #1338, .F. ) ;
#492 = EDGE_CURVE ( 'NONE', #351, #2480, #1299, .T. ) ;
#493 = FACE_OUTER_BOUND ( 'NONE', #3079, .T. ) ;
#494 = AXIS2_PLACEMENT_3D ( 'NONE', #2520, #924, #2821 ) ;
#495 = CARTESIAN_POINT ( 'NONE',  ( 0.000000000000000000, 0.000000000000000000, 30.00000000000000000 ) ) ;
#496 = ORIENTED_EDGE ( 'NONE', *, *, #3858, .T. ) ;
#497 = CYLINDRICAL_SURFACE ( 'NONE', #889, 2.000000000000001776 ) ;
#498 = EDGE_CURVE ( 'NONE', #3552, #3857, #2111, .T. ) ;
#499 = CYLINDRICAL_SURFACE ( 'NONE', #1869, 5.999999999999998224 ) ;
#500 = CARTESIAN_POINT ( 'NONE',  ( 25.00000000000000000, 20.00000000000000711, 40.00000000000000000 ) ) ;
#501 = ORIENTED_EDGE ( 'NONE', *, *, #492, .F. ) ;
#502 = VECTOR ( 'NONE', #3144, 1000.000000000000000 ) ;
#503 = CARTESIAN_POINT ( 'NONE',  ( -77.99999999999998579, -55.79274057836340006, 7.499999999999992895 ) ) ;
#504 = ORIENTED_EDGE ( 'NONE', *, *, #386, .F. ) ;
#505 = ORIENTED_EDGE ( 'NONE', *, *, #1781, .T. ) ;
#506 = DIRECTION ( 'NONE',  ( -0.000000000000000000, 0.000000000000000000, -1.000000000000000000 ) ) ;
#507 = VERTEX_POINT ( 'NONE', #3584 ) ;
#508 = CARTESIAN_POINT ( 'NONE',  ( 56.10820140082095264, -34.46568690597892726, 40.00000000000000000 ) ) ;
#509 = ORIENTED_EDGE ( 'NONE', *, *, #1553, .T. ) ;
#510 = AXIS2_PLACEMENT_3D ( 'NONE', #2159, #3712, #3465 ) ;
#511 = DIRECTION ( 'NONE',  ( 0.4485411651231179242, -0.8937621737296761459, 0.000000000000000000 ) ) ;
#512 = CARTESIAN_POINT ( 'NONE',  ( 47.17057966352418674, -38.95109855721010916, 32.50000000000000000 ) ) ;
#513 = AXIS2_PLACEMENT_3D ( 'NONE', #3611, #3203, #3288 ) ;
#514 = EDGE_CURVE ( 'NONE', #1525, #3635, #1217, .T. ) ;
#515 = ORIENTED_EDGE ( 'NONE', *, *, #2436, .F. ) ;
#516 = PLANE ( 'NONE',  #1292 ) ;
#517 = DIRECTION ( 'NONE',  ( -1.000000000000000000, 0.000000000000000000, 0.000000000000000000 ) ) ;
#518 = DIRECTION ( 'NONE',  ( 1.178355371040220958E-16, -1.000000000000000000, 0.000000000000000000 ) ) ;
#519 = DIRECTION ( 'NONE',  ( -1.000000000000000000, 0.000000000000000000, 0.000000000000000000 ) ) ;
#520 = ORIENTED_EDGE ( 'NONE', *, *, #2535, .F. ) ;
#521 = DIRECTION ( 'NONE',  ( -0.000000000000000000, -1.000000000000000000, -0.000000000000000000 ) ) ;
#522 = EDGE_CURVE ( 'NONE', #2833, #190, #3540, .T. ) ;
#523 = ORIENTED_EDGE ( 'NONE', *, *, #718, .T. ) ;
#524 = ORIENTED_EDGE ( 'NONE', *, *, #4124, .F. ) ;
#525 = LINE ( 'NONE', #4093, #3702 ) ;
#526 = LINE ( 'NONE', #1820, #1785 ) ;
#527 = EDGE_LOOP ( 'NONE', ( #1782, #1797, #26, #57, #1860, #2994, #860, #4113, #2508, #4184, #3012, #446, #3017, #3585, #3467, #268, #194, #779, #174 ) ) ;
#528 = DIRECTION ( 'NONE',  ( -0.000000000000000000, -0.000000000000000000, -1.000000000000000000 ) ) ;
#529 = ADVANCED_FACE ( 'NONE', ( #2942 ), #1708, .T. ) ;
#530 = EDGE_LOOP ( 'NONE', ( #3608, #872, #2452, #2713, #1140, #3719, #501, #897, #648, #2532, #3169, #2588, #1693 ) ) ;
#531 = CARTESIAN_POINT ( 'NONE',  ( 44.04999999999998295, -66.00000000000000000, 40.00000000000000000 ) ) ;
#532 = EDGE_CURVE ( 'NONE', #2231, #1519, #1910, .T. ) ;
#533 = EDGE_LOOP ( 'NONE', ( #2742, #40, #1040, #4054 ) ) ;
#534 = DIRECTION ( 'NONE',  ( 0.000000000000000000, 0.000000000000000000, 1.000000000000000000 ) ) ;
#535 = DIRECTION ( 'NONE',  ( -1.000000000000000000, -1.387778780781445922E-16, 0.000000000000000000 ) ) ;
#536 = AXIS2_PLACEMENT_3D ( 'NONE', #855, #3195, #535 ) ;
#537 = CARTESIAN_POINT ( 'NONE',  ( 60.33874540297191658, -42.89545990659892283, 7.499999999999992895 ) ) ;
#538 = CARTESIAN_POINT ( 'NONE',  ( -69.83183426055219911, -60.50863326681898968, 0.000000000000000000 ) ) ;
#539 = VERTEX_POINT ( 'NONE', #76 ) ;
#540 = CYLINDRICAL_SURFACE ( 'NONE', #3278, 5.999999999999998224 ) ;
#541 = AXIS2_PLACEMENT_3D ( 'NONE', #683, #2307, #1604 ) ;
#542 = ORIENTED_EDGE ( 'NONE', *, *, #2340, .T. ) ;
#543 = ORIENTED_EDGE ( 'NONE', *, *, #939, .F. ) ;
#544 = DIRECTION ( 'NONE',  ( -0.000000000000000000, -1.000000000000000000, -0.000000000000000000 ) ) ;
#545 = CYLINDRICAL_SURFACE ( 'NONE', #1512, 10.00000000000000178 ) ;
#546 = EDGE_CURVE ( 'NONE', #2881, #1906, #3321, .T. ) ;
#547 = EDGE_LOOP ( 'NONE', ( #39, #2518, #2728, #3031 ) ) ;
#548 = LINE ( 'NONE', #3185, #3561 ) ;
#549 = CARTESIAN_POINT ( 'NONE',  ( 39.99999999999998579, -66.00000000000000000, 40.00000000000000000 ) ) ;
#550 = ORIENTED_EDGE ( 'NONE', *, *, #3592, .F. ) ;
#551 = CIRCLE ( 'NONE', #3476, 1.700000000000000178 ) ;
#552 = CARTESIAN_POINT ( 'NONE',  ( 23.00000000000000000, 20.00000000000000711, 30.00000000000000000 ) ) ;
#553 = ORIENTED_EDGE ( 'NONE', *, *, #3150, .F. ) ;
#554 = DIRECTION ( 'NONE',  ( -0.000000000000000000, -1.000000000000000000, 0.000000000000000000 ) ) ;
#555 = DIRECTION ( 'NONE',  ( -0.000000000000000000, -0.000000000000000000, 1.000000000000000000 ) ) ;
#556 = CIRCLE ( 'NONE', #2936, 10.00000000000000178 ) ;
#557 = CARTESIAN_POINT ( 'NONE',  ( 23.00000000000000000, 30.00000000000000711, 30.00000000000000000 ) ) ;
#558 = DIRECTION ( 'NONE',  ( -0.000000000000000000, 1.483645078138058959E-16, -1.000000000000000000 ) ) ;
#559 = ORIENTED_EDGE ( 'NONE', *, *, #1015, .F. ) ;
#560 = CARTESIAN_POINT ( 'NONE',  ( -47.17057966352415832, -38.95109855721015890, 7.499999999999992895 ) ) ;
#561 = AXIS2_PLACEMENT_3D ( 'NONE', #3238, #3582, #2260 ) ;
#562 = ORIENTED_EDGE ( 'NONE', *, *, #1547, .T. ) ;
#563 = EDGE_LOOP ( 'NONE', ( #231, #2872 ) ) ;
#564 = EDGE_CURVE ( 'NONE', #2494, #3641, #3980, .T. ) ;
#565 = LINE ( 'NONE', #3777, #1557 ) ;
#566 = DIRECTION ( 'NONE',  ( 0.000000000000000000, -1.000000000000000000, -2.141633920959022233E-16 ) ) ;
#567 = VERTEX_POINT ( 'NONE', #3262 ) ;
#568 = FACE_BOUND ( 'NONE', #4089, .T. ) ;
#569 = FACE_OUTER_BOUND ( 'NONE', #2, .T. ) ;
#570 = EDGE_CURVE ( 'NONE', #2127, #3211, #3306, .T. ) ;
#571 = VERTEX_POINT ( 'NONE', #1343 ) ;
#572 = EDGE_CURVE ( 'NONE', #1149, #1581, #419, .T. ) ;
#573 = EDGE_CURVE ( 'NONE', #3158, #1127, #1984, .T. ) ;
#574 = CARTESIAN_POINT ( 'NONE',  ( -49.99999999999999289, 1.421111387729531828, 7.500000000000001776 ) ) ;
#575 = ORIENTED_EDGE ( 'NONE', *, *, #3323, .T. ) ;
#576 = CARTESIAN_POINT ( 'NONE',  ( 0.000000000000000000, -65.99999999999998579, 23.40000000000000213 ) ) ;
#577 = FACE_OUTER_BOUND ( 'NONE', #1178, .T. ) ;
#578 = DIRECTION ( 'NONE',  ( 0.000000000000000000, 0.000000000000000000, -1.000000000000000000 ) ) ;
#579 = CARTESIAN_POINT ( 'NONE',  ( 50.00000000000000000, 9.999999999999994671, 40.00000000000000000 ) ) ;
#580 = EDGE_CURVE ( 'NONE', #2494, #2011, #3344, .T. ) ;
#581 = VERTEX_POINT ( 'NONE', #1088 ) ;
#582 = CARTESIAN_POINT ( 'NONE',  ( 49.99999999999999289, 33.99999999999999289, 0.000000000000000000 ) ) ;
#583 = CARTESIAN_POINT ( 'NONE',  ( -49.99999999999999289, 1.421111387729531828, 40.00000000000000000 ) ) ;
#584 = EDGE_CURVE ( 'NONE', #581, #2700, #1260, .T. ) ;
#585 = ORIENTED_EDGE ( 'NONE', *, *, #1998, .F. ) ;
#586 = ORIENTED_EDGE ( 'NONE', *, *, #2978, .F. ) ;
#587 = CARTESIAN_POINT ( 'NONE',  ( 47.17057966352418674, -38.95109855721010916, 0.000000000000000000 ) ) ;
#588 = DIRECTION ( 'NONE',  ( 1.000000000000000000, 0.000000000000000000, 0.000000000000000000 ) ) ;
#589 = ORIENTED_EDGE ( 'NONE', *, *, #1018, .T. ) ;
#590 = CARTESIAN_POINT ( 'NONE',  ( 50.63742695762195467, -1.270135603009171721, 7.500000000000000000 ) ) ;
#591 = CARTESIAN_POINT ( 'NONE',  ( 80.00000000000000000, 6.999999999999994671, 10.49999999999999822 ) ) ;
#592 = CIRCLE ( 'NONE', #2091, 9.999999999999994671 ) ;
#593 = FACE_OUTER_BOUND ( 'NONE', #2055, .T. ) ;
#594 = DIRECTION ( 'NONE',  ( 0.000000000000000000, 0.000000000000000000, -1.000000000000000000 ) ) ;
#595 = DIRECTION ( 'NONE',  ( -0.000000000000000000, -1.000000000000000000, -0.000000000000000000 ) ) ;
#596 = DIRECTION ( 'NONE',  ( -0.8660254037844419273, 0.4999999999999943934, 0.000000000000000000 ) ) ;
#597 = VERTEX_POINT ( 'NONE', #1363 ) ;
#598 = DIRECTION ( 'NONE',  ( -1.000000000000000000, 0.000000000000000000, 0.000000000000000000 ) ) ;
#599 = VECTOR ( 'NONE', #2476, 1000.000000000000000 ) ;
#600 = DIRECTION ( 'NONE',  ( -1.000000000000000000, 0.000000000000000000, 0.000000000000000000 ) ) ;
#601 = ORIENTED_EDGE ( 'NONE', *, *, #838, .T. ) ;
#602 = AXIS2_PLACEMENT_3D ( 'NONE', #3778, #251, #566 ) ;
#603 = ORIENTED_EDGE ( 'NONE', *, *, #3417, .T. ) ;
#604 = DIRECTION ( 'NONE',  ( -1.000000000000000000, 0.000000000000000000, 0.000000000000000000 ) ) ;
#605 = EDGE_LOOP ( 'NONE', ( #2095, #3330, #1886, #562 ) ) ;
#606 = LINE ( 'NONE', #1913, #910 ) ;
#607 = AXIS2_PLACEMENT_3D ( 'NONE', #1447, #4040, #1125 ) ;
#608 = ORIENTED_EDGE ( 'NONE', *, *, #3819, .F. ) ;
#609 = CARTESIAN_POINT ( 'NONE',  ( 15.50000000000000000, 30.00000000000000711, 35.50000000000000711 ) ) ;
#610 = FACE_OUTER_BOUND ( 'NONE', #3162, .T. ) ;
#611 = VECTOR ( 'NONE', #1878, 1000.000000000000000 ) ;
#612 = AXIS2_PLACEMENT_3D ( 'NONE', #478, #2735, #4021 ) ;
#613 = EDGE_CURVE ( 'NONE', #1746, #2161, #392, .T. ) ;
#614 = CARTESIAN_POINT ( 'NONE',  ( -56.10820140082092422, -34.46568690597898410, 7.499999999999993783 ) ) ;
#615 = APPROVAL ( #3978, '未' ) ;
#616 = DIRECTION ( 'NONE',  ( -0.000000000000000000, -0.000000000000000000, 1.000000000000000000 ) ) ;
#617 = DIRECTION ( 'NONE',  ( 0.000000000000000000, 0.000000000000000000, 1.000000000000000000 ) ) ;
#618 = EDGE_CURVE ( 'NONE', #571, #2954, #2362, .T. ) ;
#619 = ADVANCED_FACE ( 'NONE', ( #3934 ), #1730, .F. ) ;
#620 = ORIENTED_EDGE ( 'NONE', *, *, #3587, .T. ) ;
#621 = CARTESIAN_POINT ( 'NONE',  ( -15.50000000000000711, 30.00000000000001421, 37.20000000000000284 ) ) ;
#622 = CIRCLE ( 'NONE', #2804, 10.00000000000000178 ) ;
#623 = DIRECTION ( 'NONE',  ( 0.000000000000000000, 0.000000000000000000, 1.000000000000000000 ) ) ;
#624 = CARTESIAN_POINT ( 'NONE',  ( 12.49999999999998401, -62.99999999999998579, 7.499999999999989342 ) ) ;
#625 = AXIS2_PLACEMENT_3D ( 'NONE', #1329, #2629, #3922 ) ;
#626 = VECTOR ( 'NONE', #1239, 1000.000000000000000 ) ;
#627 = ORIENTED_EDGE ( 'NONE', *, *, #2712, .T. ) ;
#628 = LINE ( 'NONE', #1566, #741 ) ;
#629 = EDGE_LOOP ( 'NONE', ( #2890, #4131, #4091, #2909 ) ) ;
#630 = CARTESIAN_POINT ( 'NONE',  ( 34.96152422706639840, -45.99999999999997868, 0.000000000000000000 ) ) ;
#631 = ORIENTED_EDGE ( 'NONE', *, *, #492, .T. ) ;
#632 = DIRECTION ( 'NONE',  ( 1.000000000000000000, 0.000000000000000000, 0.000000000000000000 ) ) ;
#633 = CIRCLE ( 'NONE', #1045, 4.000000000000000000 ) ;
#634 = CARTESIAN_POINT ( 'NONE',  ( -55.99999999999999289, 1.421111387729532716, 0.000000000000000000 ) ) ;
#635 = CARTESIAN_POINT ( 'NONE',  ( 40.32050807568879947, -65.99999999999998579, 32.50000000000000000 ) ) ;
#636 = PLANE ( 'NONE',  #2811 ) ;
#637 = DIRECTION ( 'NONE',  ( 0.000000000000000000, 0.000000000000000000, 1.000000000000000000 ) ) ;
#638 = CARTESIAN_POINT ( 'NONE',  ( -39.99999999999998579, -66.00000000000000000, 0.000000000000000000 ) ) ;
#639 = ORIENTED_EDGE ( 'NONE', *, *, #103, .F. ) ;
#640 = DIRECTION ( 'NONE',  ( -0.000000000000000000, 0.000000000000000000, 1.000000000000000000 ) ) ;
#641 = VECTOR ( 'NONE', #1334, 1000.000000000000000 ) ;
#642 = DIRECTION ( 'NONE',  ( 0.000000000000000000, 0.000000000000000000, -1.000000000000000000 ) ) ;
#643 = VERTEX_POINT ( 'NONE', #2329 ) ;
#644 = AXIS2_PLACEMENT_3D ( 'NONE', #3629, #752, #1690 ) ;
#645 = VERTEX_POINT ( 'NONE', #3029 ) ;
#646 = EDGE_CURVE ( 'NONE', #2317, #3345, #2145, .T. ) ;
#647 = DIRECTION ( 'NONE',  ( -1.000000000000000000, 0.000000000000000000, 0.000000000000000000 ) ) ;
#648 = ORIENTED_EDGE ( 'NONE', *, *, #1403, .F. ) ;
#649 = CARTESIAN_POINT ( 'NONE',  ( -49.99999999999999289, 33.99999999999997868, 32.50000000000000000 ) ) ;
#650 = CIRCLE ( 'NONE', #1805, 9.999999999999994671 ) ;
#651 = VECTOR ( 'NONE', #3052, 1000.000000000000000 ) ;
#652 = ORIENTED_EDGE ( 'NONE', *, *, #445, .T. ) ;
#653 = DIRECTION ( 'NONE',  ( -0.000000000000000000, -0.000000000000000000, 1.000000000000000000 ) ) ;
#654 = DIRECTION ( 'NONE',  ( -0.000000000000000000, 0.000000000000000000, 1.000000000000000000 ) ) ;
#655 = ORIENTED_EDGE ( 'NONE', *, *, #3376, .F. ) ;
#656 = DIRECTION ( 'NONE',  ( -0.4485411651231172581, -0.8937621737296764790, 0.000000000000000000 ) ) ;
#657 = CARTESIAN_POINT ( 'NONE',  ( 34.96152422706640550, -55.99999999999997868, 32.50000000000000000 ) ) ;
#658 = CARTESIAN_POINT ( 'NONE',  ( -12.49999999999998224, -46.00000000000000000, 32.50000000000000000 ) ) ;
#659 = ADVANCED_FACE ( 'NONE', ( #1049 ), #2352, .T. ) ;
#660 = DIRECTION ( 'NONE',  ( -0.000000000000000000, -0.000000000000000000, 1.000000000000000000 ) ) ;
#661 = ORIENTED_EDGE ( 'NONE', *, *, #3067, .F. ) ;
#662 = DIRECTION ( 'NONE',  ( 1.000000000000000000, 1.613696256722611405E-16, -0.000000000000000000 ) ) ;
#663 = DIRECTION ( 'NONE',  ( -0.000000000000000000, -1.000000000000000000, -0.000000000000000000 ) ) ;
#664 = VERTEX_POINT ( 'NONE', #4098 ) ;
#665 = ORIENTED_EDGE ( 'NONE', *, *, #830, .F. ) ;
#666 = DIRECTION ( 'NONE',  ( -0.4999999999999950595, 0.8660254037844414832, 0.000000000000000000 ) ) ;
#667 = EDGE_CURVE ( 'NONE', #1744, #3564, #1944, .T. ) ;
#668 = VECTOR ( 'NONE', #3183, 1000.000000000000000 ) ;
#669 = DIRECTION ( 'NONE',  ( 0.000000000000000000, 0.000000000000000000, -1.000000000000000000 ) ) ;
#670 = ORIENTED_EDGE ( 'NONE', *, *, #1859, .T. ) ;
#671 = VERTEX_POINT ( 'NONE', #2940 ) ;
#672 = LINE ( 'NONE', #1957, #1530 ) ;
#673 = ADVANCED_FACE ( 'NONE', ( #3560 ), #349, .F. ) ;
#674 = AXIS2_PLACEMENT_3D ( 'NONE', #1701, #3255, #1313 ) ;
#675 = DIRECTION ( 'NONE',  ( -0.000000000000000000, 1.483645078138058959E-16, -1.000000000000000000 ) ) ;
#676 = ORIENTED_EDGE ( 'NONE', *, *, #1502, .T. ) ;
#677 = CARTESIAN_POINT ( 'NONE',  ( -12.49999999999998401, -65.99999999999998579, 29.50000000000000355 ) ) ;
#678 = DIRECTION ( 'NONE',  ( -0.000000000000000000, -1.000000000000000000, -0.000000000000000000 ) ) ;
#679 = COORDINATED_UNIVERSAL_TIME_OFFSET ( 8, 0, .AHEAD. ) ;
#680 = AXIS2_PLACEMENT_3D ( 'NONE', #1272, #3888, #286 ) ;
#681 = DIRECTION ( 'NONE',  ( 0.000000000000000000, 0.000000000000000000, 1.000000000000000000 ) ) ;
#682 = VERTEX_POINT ( 'NONE', #373 ) ;
#683 = CARTESIAN_POINT ( 'NONE',  ( -1.380839886877538447E-14, 33.99999999999998579, 20.00000000000000000 ) ) ;
#684 = CARTESIAN_POINT ( 'NONE',  ( -12.49999999999998224, -76.00000000000000000, 7.500000000000000000 ) ) ;
#685 = FACE_OUTER_BOUND ( 'NONE', #3285, .T. ) ;
#686 = ORIENTED_EDGE ( 'NONE', *, *, #2962, .F. ) ;
#687 = AXIS2_PLACEMENT_3D ( 'NONE', #147, #3331, #2740 ) ;
#688 = DIRECTION ( 'NONE',  ( 0.000000000000000000, -0.000000000000000000, -1.000000000000000000 ) ) ;
#689 = AXIS2_PLACEMENT_3D ( 'NONE', #3523, #1303, #600 ) ;
#690 = CARTESIAN_POINT ( 'NONE',  ( 25.00000000000000000, 30.00000000000001066, 10.00000000000000000 ) ) ;
#691 = EDGE_LOOP ( 'NONE', ( #346, #1523, #3759, #1603 ) ) ;
#692 = ADVANCED_FACE ( 'NONE', ( #2919 ), #2619, .T. ) ;
#693 = EDGE_LOOP ( 'NONE', ( #3053, #1440, #3245, #2777 ) ) ;
#694 = CARTESIAN_POINT ( 'NONE',  ( 0.000000000000000000, -73.99999999999998579, 20.00000000000000000 ) ) ;
#695 = AXIS2_PLACEMENT_3D ( 'NONE', #2207, #233, #1867 ) ;
#696 = LINE ( 'NONE', #4185, #2774 ) ;
#697 = EDGE_CURVE ( 'NONE', #2788, #227, #650, .T. ) ;
#698 = PRODUCT_DEFINITION ( '�', '', #4173, #1213 ) ;
#699 = ORIENTED_EDGE ( 'NONE', *, *, #2703, .F. ) ;
#700 = VECTOR ( 'NONE', #25, 1000.000000000000000 ) ;
#701 = EDGE_CURVE ( 'NONE', #3590, #3301, #4183, .T. ) ;
#702 = PRODUCT ( 'base', 'base', '', ( #3998 ) ) ;
#703 = CARTESIAN_POINT ( 'NONE',  ( 69.83183426055222753, -60.50863326681893284, 7.499999999999992006 ) ) ;
#704 = CARTESIAN_POINT ( 'NONE',  ( 25.00000000000000000, 30.00000000000001066, 40.00000000000000000 ) ) ;
#705 = DIRECTION ( 'NONE',  ( -1.000000000000000000, 0.000000000000000000, 0.000000000000000000 ) ) ;
#706 = ORIENTED_EDGE ( 'NONE', *, *, #3853, .F. ) ;
#707 = CARTESIAN_POINT ( 'NONE',  ( -23.00000000000000000, 20.00000000000000711, 40.00000000000000000 ) ) ;
#708 = DIRECTION ( 'NONE',  ( 0.000000000000000000, 1.000000000000000000, 0.000000000000000000 ) ) ;
#709 = EDGE_CURVE ( 'NONE', #2923, #2117, #3440, .T. ) ;
#710 = DIRECTION ( 'NONE',  ( 0.000000000000000000, 0.000000000000000000, -1.000000000000000000 ) ) ;
#711 = ORIENTED_EDGE ( 'NONE', *, *, #1426, .F. ) ;
#712 = CARTESIAN_POINT ( 'NONE',  ( 44.04999999999998295, -66.00000000000000000, 40.00000000000000000 ) ) ;
#713 = AXIS2_PLACEMENT_3D ( 'NONE', #288, #984, #1235 ) ;
#714 = CIRCLE ( 'NONE', #1393, 1.700000000000000178 ) ;
#715 = EDGE_CURVE ( 'NONE', #539, #421, #1664, .T. ) ;
#716 = AXIS2_PLACEMENT_3D ( 'NONE', #2069, #3348, #732 ) ;
#717 = ORIENTED_EDGE ( 'NONE', *, *, #1296, .F. ) ;
#718 = EDGE_CURVE ( 'NONE', #2480, #2127, #2349, .T. ) ;
#719 = ORIENTED_EDGE ( 'NONE', *, *, #1769, .T. ) ;
#720 = DIRECTION ( 'NONE',  ( 0.000000000000000000, 0.000000000000000000, 1.000000000000000000 ) ) ;
#721 = VECTOR ( 'NONE', #1384, 1000.000000000000000 ) ;
#722 = CARTESIAN_POINT ( 'NONE',  ( 49.99999999999999289, 33.99999999999999289, 40.00000000000000000 ) ) ;
#723 = VERTEX_POINT ( 'NONE', #52 ) ;
#724 = LINE ( 'NONE', #767, #2254 ) ;
#725 = DIRECTION ( 'NONE',  ( 0.000000000000000000, 0.000000000000000000, 1.000000000000000000 ) ) ;
#726 = DIRECTION ( 'NONE',  ( -0.000000000000000000, 0.000000000000000000, 1.000000000000000000 ) ) ;
#727 = APPROVAL_STATUS ( 'not_yet_approved' ) ;
#728 = DIRECTION ( 'NONE',  ( 0.000000000000000000, 0.000000000000000000, -1.000000000000000000 ) ) ;
#729 = DIRECTION ( 'NONE',  ( -1.000000000000000000, 0.000000000000000000, 0.000000000000000000 ) ) ;
#730 = EDGE_LOOP ( 'NONE', ( #1528, #2053, #631, #523 ) ) ;
#731 = PLANE ( 'NONE',  #612 ) ;
#732 = DIRECTION ( 'NONE',  ( 0.000000000000000000, -0.000000000000000000, -1.000000000000000000 ) ) ;
#733 = LINE ( 'NONE', #3327, #3911 ) ;
#734 = ORIENTED_EDGE ( 'NONE', *, *, #96, .T. ) ;
#735 = ORIENTED_EDGE ( 'NONE', *, *, #2129, .T. ) ;
#736 = CYLINDRICAL_SURFACE ( 'NONE', #687, 2.000000000000001776 ) ;
#737 = ORIENTED_EDGE ( 'NONE', *, *, #532, .F. ) ;
#738 = VERTEX_POINT ( 'NONE', #1341 ) ;
#739 = FACE_BOUND ( 'NONE', #2251, .T. ) ;
#740 = EDGE_CURVE ( 'NONE', #3358, #1103, #4187, .T. ) ;
#741 = VECTOR ( 'NONE', #604, 1000.000000000000000 ) ;
#742 = ORIENTED_EDGE ( 'NONE', *, *, #410, .T. ) ;
#743 = LINE ( 'NONE', #1101, #393 ) ;
#744 = ORIENTED_EDGE ( 'NONE', *, *, #3071, .T. ) ;
#745 = CIRCLE ( 'NONE', #881, 10.00000000000000178 ) ;
#746 = CARTESIAN_POINT ( 'NONE',  ( 4.898587196589412829E-16, -65.49999999999998579, 24.00000000000000000 ) ) ;
#747 = PLANE ( 'NONE',  #278 ) ;
#748 = DIRECTION ( 'NONE',  ( -0.000000000000000000, -1.000000000000000000, -0.000000000000000000 ) ) ;
#749 = EDGE_CURVE ( 'NONE', #1238, #1956, #1514, .T. ) ;
#750 = ORIENTED_EDGE ( 'NONE', *, *, #4192, .F. ) ;
#751 = FACE_OUTER_BOUND ( 'NONE', #1651, .T. ) ;
#752 = DIRECTION ( 'NONE',  ( -0.000000000000000000, 0.000000000000000000, 1.000000000000000000 ) ) ;
#753 = DIRECTION ( 'NONE',  ( -1.000000000000000000, 0.000000000000000000, 0.000000000000000000 ) ) ;
#754 = EDGE_CURVE ( 'NONE', #1482, #1238, #3955, .T. ) ;
#755 = EDGE_CURVE ( 'NONE', #3345, #932, #329, .T. ) ;
#756 = AXIS2_PLACEMENT_3D ( 'NONE', #3173, #3431, #3451 ) ;
#757 = ORIENTED_EDGE ( 'NONE', *, *, #3225, .T. ) ;
#758 = EDGE_LOOP ( 'NONE', ( #1160, #3045, #3780, #2355 ) ) ;
#759 = DIRECTION ( 'NONE',  ( 0.000000000000000000, -1.000000000000000000, 0.000000000000000000 ) ) ;
#760 = ORIENTED_EDGE ( 'NONE', *, *, #2621, .F. ) ;
#761 = ORIENTED_EDGE ( 'NONE', *, *, #1727, .F. ) ;
#762 = CARTESIAN_POINT ( 'NONE',  ( -69.83183426055219911, -60.50863326681898968, 40.00000000000000000 ) ) ;
#763 = AXIS2_PLACEMENT_3D ( 'NONE', #73, #455, #3047 ) ;
#764 = DIRECTION ( 'NONE',  ( -1.000000000000000000, 0.000000000000000000, 0.000000000000000000 ) ) ;
#765 = AXIS2_PLACEMENT_3D ( 'NONE', #1652, #1949, #2337 ) ;
#766 = VERTEX_POINT ( 'NONE', #3914 ) ;
#767 = CARTESIAN_POINT ( 'NONE',  ( 34.96152422706640550, -55.99999999999997868, 0.000000000000000000 ) ) ;
#768 = CIRCLE ( 'NONE', #1307, 2.999999999999999112 ) ;
#769 = LINE ( 'NONE', #1427, #30 ) ;
#770 = CARTESIAN_POINT ( 'NONE',  ( 0.000000000000000000, 0.000000000000000000, 0.000000000000000000 ) ) ;
#771 = ADVANCED_FACE ( 'NONE', ( #2577 ), #1025, .F. ) ;
#772 = VERTEX_POINT ( 'NONE', #3868 ) ;
#773 = CARTESIAN_POINT ( 'NONE',  ( 47.17057966352418674, -38.95109855721010916, 7.499999999999992895 ) ) ;
#774 = FACE_BOUND ( 'NONE', #1221, .T. ) ;
#775 = DIRECTION ( 'NONE',  ( 1.000000000000000000, 0.000000000000000000, 0.000000000000000000 ) ) ;
#776 = EDGE_LOOP ( 'NONE', ( #1505, #1914 ) ) ;
#777 = VERTEX_POINT ( 'NONE', #2022 ) ;
#778 = DIRECTION ( 'NONE',  ( 1.000000000000000000, 0.000000000000000000, 0.000000000000000000 ) ) ;
#779 = ORIENTED_EDGE ( 'NONE', *, *, #3753, .T. ) ;
#780 = ORIENTED_EDGE ( 'NONE', *, *, #1584, .T. ) ;
#781 = DIRECTION ( 'NONE',  ( -1.000000000000000000, 0.000000000000000000, 0.000000000000000000 ) ) ;
#782 = LOCAL_TIME ( 21, 18, 35.00000000000000000, #98 ) ;
#783 = VECTOR ( 'NONE', #3140, 1000.000000000000000 ) ;
#784 = LINE ( 'NONE', #2081, #1175 ) ;
#785 = VERTEX_POINT ( 'NONE', #3932 ) ;
#786 = LINE ( 'NONE', #3361, #3208 ) ;
#787 = CARTESIAN_POINT ( 'NONE',  ( 0.000000000000000000, -65.49999999999998579, 20.00000000000000000 ) ) ;
#788 = AXIS2_PLACEMENT_3D ( 'NONE', #1075, #1671, #3370 ) ;
#789 = VERTEX_POINT ( 'NONE', #2326 ) ;
#790 = CYLINDRICAL_SURFACE ( 'NONE', #485, 5.999999999999998224 ) ;
#791 = DIRECTION ( 'NONE',  ( 1.000000000000000000, -1.387778780781445676E-16, 0.000000000000000000 ) ) ;
#792 = ADVANCED_FACE ( 'NONE', ( #1938 ), #636, .F. ) ;
#793 = CARTESIAN_POINT ( 'NONE',  ( 64.24871130596434909, -52.00000000000014921, 40.00000000000000000 ) ) ;
#794 = AXIS2_PLACEMENT_3D ( 'NONE', #303, #1593, #2896 ) ;
#795 = ORIENTED_EDGE ( 'NONE', *, *, #2599, .F. ) ;
#796 = CYLINDRICAL_SURFACE ( 'NONE', #1166, 10.00000000000000178 ) ;
#797 = VERTEX_POINT ( 'NONE', #1684 ) ;
#798 = AXIS2_PLACEMENT_3D ( 'NONE', #2510, #3171, #258 ) ;
#799 = ORIENTED_EDGE ( 'NONE', *, *, #3602, .F. ) ;
#800 = EDGE_CURVE ( 'NONE', #1097, #1696, #74, .T. ) ;
#801 = CARTESIAN_POINT ( 'NONE',  ( -15.50000000000000711, 30.00000000000001421, 4.500000000000000888 ) ) ;
#802 = VERTEX_POINT ( 'NONE', #1617 ) ;
#803 = CYLINDRICAL_SURFACE ( 'NONE', #3714, 2.000000000000001776 ) ;
#804 = ORIENTED_EDGE ( 'NONE', *, *, #3225, .F. ) ;
#805 = EDGE_CURVE ( 'NONE', #2119, #4122, #2664, .T. ) ;
#806 = CARTESIAN_POINT ( 'NONE',  ( 0.000000000000000000, -64.99999999999998579, 20.00000000000000000 ) ) ;
#807 = CYLINDRICAL_SURFACE ( 'NONE', #3606, 4.049999999999998046 ) ;
#808 = VECTOR ( 'NONE', #2618, 1000.000000000000000 ) ;
#809 = DIRECTION ( 'NONE',  ( -1.000000000000000000, 0.000000000000000000, 0.000000000000000000 ) ) ;
#810 = ORIENTED_EDGE ( 'NONE', *, *, #3975, .T. ) ;
#811 = CARTESIAN_POINT ( 'NONE',  ( -12.49999999999998224, -76.00000000000000000, 32.50000000000000000 ) ) ;
#812 = CARTESIAN_POINT ( 'NONE',  ( 39.99999999999998579, -66.00000000000000000, 32.50000000000000000 ) ) ;
#813 = DIRECTION ( 'NONE',  ( 0.000000000000000000, 0.000000000000000000, -1.000000000000000000 ) ) ;
#814 = CIRCLE ( 'NONE', #2450, 3.000000000000000000 ) ;
#815 = ORIENTED_EDGE ( 'NONE', *, *, #2088, .T. ) ;
#816 = CARTESIAN_POINT ( 'NONE',  ( -50.63742695762193335, -1.270135603009171499, 40.00000000000000000 ) ) ;
#817 = ORIENTED_EDGE ( 'NONE', *, *, #618, .T. ) ;
#818 = AXIS2_PLACEMENT_3D ( 'NONE', #99, #374, #1071 ) ;
#819 = AXIS2_PLACEMENT_3D ( 'NONE', #3153, #554, #534 ) ;
#820 = ORIENTED_EDGE ( 'NONE', *, *, #4041, .F. ) ;
#821 = DIRECTION ( 'NONE',  ( 0.000000000000000000, -0.000000000000000000, 1.000000000000000000 ) ) ;
#822 = ORIENTED_EDGE ( 'NONE', *, *, #211, .T. ) ;
#823 = EDGE_CURVE ( 'NONE', #351, #723, #3690, .T. ) ;
#824 = CARTESIAN_POINT ( 'NONE',  ( -12.49999999999998224, -76.00000000000000000, 7.500000000000000000 ) ) ;
#825 = VERTEX_POINT ( 'NONE', #1728 ) ;
#826 = VECTOR ( 'NONE', #982, 1000.000000000000000 ) ;
#827 = EDGE_CURVE ( 'NONE', #766, #954, #1749, .T. ) ;
#828 = DIRECTION ( 'NONE',  ( 0.000000000000000000, -1.000000000000000000, -1.734723475976806848E-16 ) ) ;
#829 = VECTOR ( 'NONE', #663, 1000.000000000000000 ) ;
#830 = EDGE_CURVE ( 'NONE', #324, #3125, #768, .T. ) ;
#831 = ORIENTED_EDGE ( 'NONE', *, *, #1067, .F. ) ;
#832 = DIRECTION ( 'NONE',  ( -0.4485411651231178132, 0.8937621737296762570, -0.000000000000000000 ) ) ;
#833 = DIRECTION ( 'NONE',  ( 0.000000000000000000, 0.000000000000000000, -1.000000000000000000 ) ) ;
#834 = DIRECTION ( 'NONE',  ( -1.000000000000000000, 0.000000000000000000, 1.235426130701216385E-16 ) ) ;
#835 = CIRCLE ( 'NONE', #2193, 10.00000000000000178 ) ;
#836 = VERTEX_POINT ( 'NONE', #139 ) ;
#837 = FACE_OUTER_BOUND ( 'NONE', #3674, .T. ) ;
#838 = EDGE_CURVE ( 'NONE', #3018, #2881, #769, .T. ) ;
#839 = ORIENTED_EDGE ( 'NONE', *, *, #436, .T. ) ;
#840 = ORIENTED_EDGE ( 'NONE', *, *, #80, .F. ) ;
#841 = FACE_BOUND ( 'NONE', #2345, .T. ) ;
#842 = FACE_OUTER_BOUND ( 'NONE', #3049, .T. ) ;
#843 = EDGE_CURVE ( 'NONE', #2829, #772, #1653, .T. ) ;
#844 = ORIENTED_EDGE ( 'NONE', *, *, #386, .T. ) ;
#845 = EDGE_CURVE ( 'NONE', #2661, #1097, #4025, .T. ) ;
#846 = FACE_BOUND ( 'NONE', #1429, .T. ) ;
#847 = DIRECTION ( 'NONE',  ( 0.000000000000000000, 0.000000000000000000, -1.000000000000000000 ) ) ;
#848 = ORIENTED_EDGE ( 'NONE', *, *, #1, .F. ) ;
#849 = AXIS2_PLACEMENT_3D ( 'NONE', #2941, #2920, #3518 ) ;
#850 = AXIS2_PLACEMENT_3D ( 'NONE', #2571, #1659, #2318 ) ;
#851 = CARTESIAN_POINT ( 'NONE',  ( 36.80391159174331506, 4.000000000000021316, 40.00000000000000000 ) ) ;
#852 = CIRCLE ( 'NONE', #644, 10.00000000000000178 ) ;
#853 = ORIENTED_EDGE ( 'NONE', *, *, #4037, .F. ) ;
#854 = DIRECTION ( 'NONE',  ( 0.000000000000000000, 1.000000000000000000, 0.000000000000000000 ) ) ;
#855 = CARTESIAN_POINT ( 'NONE',  ( -1.353084311261909534E-14, 31.99999999999998579, 20.00000000000000000 ) ) ;
#856 = VECTOR ( 'NONE', #1686, 1000.000000000000000 ) ;
#857 = CARTESIAN_POINT ( 'NONE',  ( -34.96152422706639840, -56.00000000000000711, 7.499999999999992895 ) ) ;
#858 = VECTOR ( 'NONE', #1262, 1000.000000000000000 ) ;
#859 = FACE_OUTER_BOUND ( 'NONE', #1801, .T. ) ;
#860 = ORIENTED_EDGE ( 'NONE', *, *, #3289, .T. ) ;
#861 = DIRECTION ( 'NONE',  ( 0.000000000000000000, -1.000000000000000000, -1.445602896647339163E-16 ) ) ;
#862 = EDGE_LOOP ( 'NONE', ( #2374, #3277 ) ) ;
#863 = VERTEX_POINT ( 'NONE', #1787 ) ;
#864 = CARTESIAN_POINT ( 'NONE',  ( 33.10186074811246471, 4.000000000000020428, 7.500000000000000000 ) ) ;
#865 = CARTESIAN_POINT ( 'NONE',  ( 64.83183426055228438, -51.84837922897451534, 40.00000000000000000 ) ) ;
#866 = CYLINDRICAL_SURFACE ( 'NONE', #1848, 4.049999999999998046 ) ;
#867 = ORIENTED_EDGE ( 'NONE', *, *, #80, .T. ) ;
#868 = LINE ( 'NONE', #824, #4162 ) ;
#869 = VERTEX_POINT ( 'NONE', #2106 ) ;
#870 = ADVANCED_FACE ( 'NONE', ( #178 ), #1406, .F. ) ;
#871 = LINE ( 'NONE', #2469, #2789 ) ;
#872 = ORIENTED_EDGE ( 'NONE', *, *, #1692, .T. ) ;
#873 = CARTESIAN_POINT ( 'NONE',  ( 23.00000000000000000, 20.00000000000000711, 30.00000000000000000 ) ) ;
#874 = CARTESIAN_POINT ( 'NONE',  ( 73.76945599784905028, -47.36296757774334765, 40.00000000000000000 ) ) ;
#875 = VECTOR ( 'NONE', #2538, 1000.000000000000000 ) ;
#876 = DIRECTION ( 'NONE',  ( 0.000000000000000000, 0.000000000000000000, -1.000000000000000000 ) ) ;
#877 = ADVANCED_FACE ( 'NONE', ( #493 ), #2392, .F. ) ;
#878 = CARTESIAN_POINT ( 'NONE',  ( -38.46443379049049582, 0.6912469907387249757, 40.00000000000000000 ) ) ;
#879 = ORIENTED_EDGE ( 'NONE', *, *, #3717, .F. ) ;
#880 = DIRECTION ( 'NONE',  ( 0.000000000000000000, 0.000000000000000000, 1.000000000000000000 ) ) ;
#881 = AXIS2_PLACEMENT_3D ( 'NONE', #1582, #2266, #598 ) ;
#882 = EDGE_CURVE ( 'NONE', #797, #567, #3350, .T. ) ;
#883 = EDGE_CURVE ( 'NONE', #1795, #645, #814, .T. ) ;
#884 = ORIENTED_EDGE ( 'NONE', *, *, #2155, .T. ) ;
#885 = ORIENTED_EDGE ( 'NONE', *, *, #1598, .T. ) ;
#886 = DIRECTION ( 'NONE',  ( -1.000000000000000000, 0.000000000000000000, 0.000000000000000000 ) ) ;
#887 = ADVANCED_FACE ( 'NONE', ( #2751 ), #3700, .F. ) ;
#888 = DIRECTION ( 'NONE',  ( -0.000000000000000000, -0.000000000000000000, 1.000000000000000000 ) ) ;
#889 = AXIS2_PLACEMENT_3D ( 'NONE', #1828, #3495, #4082 ) ;
#890 = VERTEX_POINT ( 'NONE', #412 ) ;
#891 = CARTESIAN_POINT ( 'NONE',  ( -23.00000000000000000, 22.00000000000000711, 30.00000000000000000 ) ) ;
#892 = ORIENTED_EDGE ( 'NONE', *, *, #3408, .T. ) ;
#893 = VECTOR ( 'NONE', #102, 1000.000000000000000 ) ;
#894 = PLANE ( 'NONE',  #798 ) ;
#895 = EDGE_CURVE ( 'NONE', #1633, #2200, #3193, .T. ) ;
#896 = AXIS2_PLACEMENT_3D ( 'NONE', #1726, #411, #1066 ) ;
#897 = ORIENTED_EDGE ( 'NONE', *, *, #823, .T. ) ;
#898 = CARTESIAN_POINT ( 'NONE',  ( 3.399999999999999911, -73.99999999999998579, 20.00000000000000000 ) ) ;
#899 = CARTESIAN_POINT ( 'NONE',  ( 57.17057966352418674, -38.95109855721010916, 7.499999999999992895 ) ) ;
#900 = ADVANCED_FACE ( 'NONE', ( #97 ), #3068, .T. ) ;
#901 = AXIS2_PLACEMENT_3D ( 'NONE', #1219, #3813, #1881 ) ;
#902 = DIRECTION ( 'NONE',  ( -1.613696256722611405E-16, 1.000000000000000000, 0.000000000000000000 ) ) ;
#903 = DIRECTION ( 'NONE',  ( 1.000000000000000000, 0.000000000000000000, 0.000000000000000000 ) ) ;
#904 = LINE ( 'NONE', #3563, #1893 ) ;
#905 = VECTOR ( 'NONE', #1285, 1000.000000000000000 ) ;
#906 = ORIENTED_EDGE ( 'NONE', *, *, #3975, .F. ) ;
#907 = DIRECTION ( 'NONE',  ( -0.000000000000000000, 0.000000000000000000, 1.000000000000000000 ) ) ;
#908 = AXIS2_PLACEMENT_3D ( 'NONE', #2451, #3362, #3743 ) ;
#909 = EDGE_LOOP ( 'NONE', ( #717, #3427, #2566, #2133 ) ) ;
#910 = VECTOR ( 'NONE', #1674, 1000.000000000000227 ) ;
#911 = ORIENTED_EDGE ( 'NONE', *, *, #1781, .F. ) ;
#912 = ORIENTED_EDGE ( 'NONE', *, *, #2212, .T. ) ;
#913 = LINE ( 'NONE', #3123, #978 ) ;
#914 = DIRECTION ( 'NONE',  ( 0.000000000000000000, -1.000000000000000000, -1.734723475976806848E-16 ) ) ;
#915 = ORIENTED_EDGE ( 'NONE', *, *, #3088, .T. ) ;
#916 = CARTESIAN_POINT ( 'NONE',  ( 12.49999999999998401, -65.99999999999998579, 7.499999999999988454 ) ) ;
#917 = AXIS2_PLACEMENT_3D ( 'NONE', #770, #53, #2066 ) ;
#918 = CARTESIAN_POINT ( 'NONE',  ( 35.94999999999998863, -66.00000000000000000, 40.00000000000000000 ) ) ;
#919 = CARTESIAN_POINT ( 'NONE',  ( 4.898587196589412829E-16, -65.49999999999998579, 24.00000000000000000 ) ) ;
#920 = VECTOR ( 'NONE', #2333, 1000.000000000000000 ) ;
#921 = FACE_OUTER_BOUND ( 'NONE', #130, .T. ) ;
#922 = CYLINDRICAL_SURFACE ( 'NONE', #2642, 10.00000000000000178 ) ;
#923 = VERTEX_POINT ( 'NONE', #2683 ) ;
#924 = DIRECTION ( 'NONE',  ( -0.000000000000000000, -0.000000000000000000, 1.000000000000000000 ) ) ;
#925 = EDGE_CURVE ( 'NONE', #992, #3037, #3737, .T. ) ;
#926 = LINE ( 'NONE', #2564, #3953 ) ;
#927 = DIRECTION ( 'NONE',  ( 0.000000000000000000, 1.000000000000000000, 0.000000000000000000 ) ) ;
#928 = ORIENTED_EDGE ( 'NONE', *, *, #2831, .F. ) ;
#929 = DIRECTION ( 'NONE',  ( -0.000000000000000000, -0.000000000000000000, 1.000000000000000000 ) ) ;
#930 = CARTESIAN_POINT ( 'NONE',  ( -39.99999999999998579, -66.00000000000000000, 40.00000000000000000 ) ) ;
#931 = AXIS2_PLACEMENT_3D ( 'NONE', #1713, #4046, #165 ) ;
#932 = VERTEX_POINT ( 'NONE', #2431 ) ;
#933 = DIRECTION ( 'NONE',  ( 1.000000000000000000, 0.000000000000000000, 0.000000000000000000 ) ) ;
#934 = ADVANCED_FACE ( 'NONE', ( #1069, #3977, #2373 ), #747, .F. ) ;
#935 = ORIENTED_EDGE ( 'NONE', *, *, #2466, .F. ) ;
#936 = LINE ( 'NONE', #2233, #2688 ) ;
#937 = CARTESIAN_POINT ( 'NONE',  ( -15.50000000000000711, 30.00000000000001421, 33.80000000000000426 ) ) ;
#938 = ADVANCED_FACE ( 'NONE', ( #1189 ), #2493, .F. ) ;
#939 = EDGE_CURVE ( 'NONE', #4020, #85, #3493, .T. ) ;
#940 = AXIS2_PLACEMENT_3D ( 'NONE', #1531, #2832, #4123 ) ;
#941 = FACE_OUTER_BOUND ( 'NONE', #2748, .T. ) ;
#942 = LINE ( 'NONE', #4127, #339 ) ;
#943 = FACE_BOUND ( 'NONE', #3106, .T. ) ;
#944 = DIRECTION ( 'NONE',  ( -1.000000000000000000, 0.000000000000000000, 0.000000000000000000 ) ) ;
#945 = ORIENTED_EDGE ( 'NONE', *, *, #46, .T. ) ;
#946 = LINE ( 'NONE', #2644, #3058 ) ;
#947 = FACE_OUTER_BOUND ( 'NONE', #1321, .T. ) ;
#948 = ORIENTED_EDGE ( 'NONE', *, *, #925, .T. ) ;
#949 = ORIENTED_EDGE ( 'NONE', *, *, #2038, .T. ) ;
#950 = CARTESIAN_POINT ( 'NONE',  ( 0.000000000000000000, -64.99999999999998579, 15.00000000000000000 ) ) ;
#951 = ORIENTED_EDGE ( 'NONE', *, *, #1935, .F. ) ;
#952 = DIRECTION ( 'NONE',  ( -0.000000000000000000, -0.000000000000000000, -1.000000000000000000 ) ) ;
#953 = AXIS2_PLACEMENT_3D ( 'NONE', #3682, #1145, #828 ) ;
#954 = VERTEX_POINT ( 'NONE', #3472 ) ;
#955 = LINE ( 'NONE', #1250, #104 ) ;
#956 = EDGE_CURVE ( 'NONE', #1413, #923, #3803, .T. ) ;
#957 = CYLINDRICAL_SURFACE ( 'NONE', #4053, 1.700000000000000178 ) ;
#958 = VECTOR ( 'NONE', #3499, 1000.000000000000000 ) ;
#959 = LINE ( 'NONE', #4165, #285 ) ;
#960 = DIRECTION ( 'NONE',  ( -0.000000000000000000, -1.000000000000000000, -0.000000000000000000 ) ) ;
#961 = CARTESIAN_POINT ( 'NONE',  ( 10.99999999999998579, 31.99999999999998579, 20.00000000000000000 ) ) ;
#962 = ADVANCED_FACE ( 'NONE', ( #3848 ), #2147, .F. ) ;
#963 = DIRECTION ( 'NONE',  ( 1.000000000000000000, 0.000000000000000000, 0.000000000000000000 ) ) ;
#964 = ORIENTED_EDGE ( 'NONE', *, *, #2913, .T. ) ;
#965 = DIRECTION ( 'NONE',  ( 1.000000000000000000, 0.000000000000000000, -0.000000000000000000 ) ) ;
#966 = VECTOR ( 'NONE', #2778, 1000.000000000000114 ) ;
#967 = DIRECTION ( 'NONE',  ( -0.000000000000000000, -0.000000000000000000, 1.000000000000000000 ) ) ;
#968 = ORIENTED_EDGE ( 'NONE', *, *, #3819, .T. ) ;
#969 = VECTOR ( 'NONE', #993, 1000.000000000000000 ) ;
#970 = ORIENTED_EDGE ( 'NONE', *, *, #2094, .T. ) ;
#971 = DIRECTION ( 'NONE',  ( -0.000000000000000000, -0.000000000000000000, 1.000000000000000000 ) ) ;
#972 = ADVANCED_FACE ( 'NONE', ( #4142 ), #3449, .T. ) ;
#973 = VECTOR ( 'NONE', #3000, 1000.000000000000000 ) ;
#974 = ORIENTED_EDGE ( 'NONE', *, *, #445, .F. ) ;
#975 = DIRECTION ( 'NONE',  ( -1.000000000000000000, 0.000000000000000000, 0.000000000000000000 ) ) ;
#976 = EDGE_LOOP ( 'NONE', ( #206, #1554, #4056, #3480 ) ) ;
#977 = ORIENTED_EDGE ( 'NONE', *, *, #3897, .T. ) ;
#978 = VECTOR ( 'NONE', #1842, 1000.000000000000000 ) ;
#979 = EDGE_CURVE ( 'NONE', #1807, #2628, #871, .T. ) ;
#980 = LINE ( 'NONE', #3620, #1136 ) ;
#981 = VERTEX_POINT ( 'NONE', #937 ) ;
#982 = DIRECTION ( 'NONE',  ( 0.000000000000000000, -1.000000000000000000, 0.000000000000000000 ) ) ;
#983 = CARTESIAN_POINT ( 'NONE',  ( 78.00000000000001421, -55.79274057836332901, 40.00000000000000000 ) ) ;
#984 = DIRECTION ( 'NONE',  ( 0.000000000000000000, 0.000000000000000000, -1.000000000000000000 ) ) ;
#985 = CARTESIAN_POINT ( 'NONE',  ( 6.123233995736767268E-16, -65.49999999999998579, 25.00000000000000000 ) ) ;
#986 = ORIENTED_EDGE ( 'NONE', *, *, #3893, .T. ) ;
#987 = DIRECTION ( 'NONE',  ( -0.000000000000000000, 0.000000000000000000, -1.000000000000000000 ) ) ;
#988 = VECTOR ( 'NONE', #2657, 1000.000000000000000 ) ;
#989 = DIRECTION ( 'NONE',  ( -0.4485411651231178132, 0.8937621737296762570, -0.000000000000000000 ) ) ;
#990 = DIRECTION ( 'NONE',  ( -1.000000000000000000, 0.000000000000000000, 0.000000000000000000 ) ) ;
#991 = EDGE_CURVE ( 'NONE', #2846, #766, #1495, .T. ) ;
#992 = VERTEX_POINT ( 'NONE', #531 ) ;
#993 = DIRECTION ( 'NONE',  ( 0.000000000000000000, 0.000000000000000000, -1.000000000000000000 ) ) ;
#994 = EDGE_LOOP ( 'NONE', ( #3567, #2553, #2815, #465 ) ) ;
#995 = CARTESIAN_POINT ( 'NONE',  ( -40.32050807568876394, -76.00000000000000000, 40.00000000000000000 ) ) ;
#996 = ORIENTED_EDGE ( 'NONE', *, *, #1472, .T. ) ;
#997 = DIRECTION ( 'NONE',  ( 0.4485411651231178132, -0.8937621737296762570, 0.000000000000000000 ) ) ;
#998 = DIRECTION ( 'NONE',  ( -1.000000000000000000, 0.000000000000000000, 0.000000000000000000 ) ) ;
#999 = CIRCLE ( 'NONE', #3174, 4.049999999999998046 ) ;
#1000 = VERTEX_POINT ( 'NONE', #574 ) ;
#1001 = CARTESIAN_POINT ( 'NONE',  ( 25.00000000000000000, 30.00000000000001066, 0.000000000000000000 ) ) ;
#1002 = CARTESIAN_POINT ( 'NONE',  ( 45.32050807568875683, -74.66025403784441039, 40.00000000000000000 ) ) ;
#1003 = CARTESIAN_POINT ( 'NONE',  ( -64.83183426055225596, -51.84837922897456508, 40.00000000000000000 ) ) ;
#1004 = FACE_BOUND ( 'NONE', #2446, .T. ) ;
#1005 = DIRECTION ( 'NONE',  ( -0.000000000000000000, -0.000000000000000000, 1.000000000000000000 ) ) ;
#1006 = ORIENTED_EDGE ( 'NONE', *, *, #1194, .F. ) ;
#1007 = CARTESIAN_POINT ( 'NONE',  ( 8.572527594031474176E-16, -64.99999999999998579, 27.00000000000000355 ) ) ;
#1008 = ADVANCED_FACE ( 'NONE', ( #3428 ), #1871, .T. ) ;
#1009 = CARTESIAN_POINT ( 'NONE',  ( -15.50000000000000711, 30.00000000000001421, 35.50000000000000711 ) ) ;
#1010 = PLANE ( 'NONE',  #3040 ) ;
#1011 = ORIENTED_EDGE ( 'NONE', *, *, #3633, .T. ) ;
#1012 = DIRECTION ( 'NONE',  ( 0.000000000000000000, -0.000000000000000000, -1.000000000000000000 ) ) ;
#1013 = CIRCLE ( 'NONE', #3186, 6.000000000000000000 ) ;
#1014 = EDGE_CURVE ( 'NONE', #789, #2734, #2813, .T. ) ;
#1015 = EDGE_CURVE ( 'NONE', #2971, #2923, #4100, .T. ) ;
#1016 = AXIS2_PLACEMENT_3D ( 'NONE', #1516, #1214, #4104 ) ;
#1017 = LINE ( 'NONE', #649, #3287 ) ;
#1018 = EDGE_CURVE ( 'NONE', #2656, #2226, #2651, .T. ) ;
#1019 = ADVANCED_FACE ( 'NONE', ( #1210 ), #894, .T. ) ;
#1020 = ORIENTED_EDGE ( 'NONE', *, *, #1068, .T. ) ;
#1021 = DIRECTION ( 'NONE',  ( 0.000000000000000000, 0.000000000000000000, -1.000000000000000000 ) ) ;
#1022 = CARTESIAN_POINT ( 'NONE',  ( -25.00000000000000000, 28.00000000000001066, 40.00000000000000000 ) ) ;
#1023 = DIRECTION ( 'NONE',  ( -0.8660254037844412611, -0.4999999999999953926, 0.000000000000000000 ) ) ;
#1024 = ADVANCED_FACE ( 'NONE', ( #1551 ), #2857, .F. ) ;
#1025 = CYLINDRICAL_SURFACE ( 'NONE', #3489, 6.000000000000001776 ) ;
#1026 = APPROVAL_ROLE ( '' ) ;
#1027 = AXIS2_PLACEMENT_3D ( 'NONE', #2090, #1111, #1387 ) ;
#1028 = CARTESIAN_POINT ( 'NONE',  ( 0.000000000000000000, -65.99999999999998579, 20.00000000000000000 ) ) ;
#1029 = ORIENTED_EDGE ( 'NONE', *, *, #225, .F. ) ;
#1030 = CARTESIAN_POINT ( 'NONE',  ( -33.10186074811242918, -1.999999999999987566, 0.000000000000000000 ) ) ;
#1031 = ADVANCED_FACE ( 'NONE', ( #3513 ), #1892, .F. ) ;
#1032 = EDGE_CURVE ( 'NONE', #1118, #4122, #4163, .T. ) ;
#1033 = CARTESIAN_POINT ( 'NONE',  ( -35.94999999999998863, -66.00000000000000000, 40.00000000000000000 ) ) ;
#1034 = CARTESIAN_POINT ( 'NONE',  ( -60.19871130596435194, -52.00000000000014921, 32.50000000000000000 ) ) ;
#1035 = ORIENTED_EDGE ( 'NONE', *, *, #3514, .F. ) ;
#1036 = AXIS2_PLACEMENT_3D ( 'NONE', #3708, #2720, #3732 ) ;
#1037 = CARTESIAN_POINT ( 'NONE',  ( 23.00000000000000000, 30.00000000000001066, 40.00000000000000000 ) ) ;
#1038 = AXIS2_PLACEMENT_3D ( 'NONE', #3097, #1177, #1201 ) ;
#1039 = ORIENTED_EDGE ( 'NONE', *, *, #2965, .T. ) ;
#1040 = ORIENTED_EDGE ( 'NONE', *, *, #3404, .F. ) ;
#1041 = CARTESIAN_POINT ( 'NONE',  ( -60.19871130596435194, -52.00000000000014921, 40.00000000000000000 ) ) ;
#1042 = AXIS2_PLACEMENT_3D ( 'NONE', #2325, #3304, #725 ) ;
#1043 = DIRECTION ( 'NONE',  ( 0.000000000000000000, 0.000000000000000000, -1.000000000000000000 ) ) ;
#1044 = ORIENTED_EDGE ( 'NONE', *, *, #2835, .T. ) ;
#1045 = AXIS2_PLACEMENT_3D ( 'NONE', #1526, #212, #3488 ) ;
#1046 = DIRECTION ( 'NONE',  ( -0.000000000000000000, -0.000000000000000000, 1.000000000000000000 ) ) ;
#1047 = CARTESIAN_POINT ( 'NONE',  ( 43.00000000000000711, -75.99999999999998579, 40.00000000000000000 ) ) ;
#1048 = APPROVAL_DATE_TIME ( #1665, #1139 ) ;
#1049 = FACE_OUTER_BOUND ( 'NONE', #2907, .T. ) ;
#1050 = ORIENTED_EDGE ( 'NONE', *, *, #2038, .F. ) ;
#1051 = CARTESIAN_POINT ( 'NONE',  ( 0.000000000000000000, -64.99999999999998579, 15.00000000000000000 ) ) ;
#1052 = DIRECTION ( 'NONE',  ( -1.000000000000000000, 0.000000000000000000, 0.000000000000000000 ) ) ;
#1053 = FACE_BOUND ( 'NONE', #2433, .T. ) ;
#1054 = EDGE_CURVE ( 'NONE', #227, #1248, #592, .T. ) ;
#1055 = ORIENTED_EDGE ( 'NONE', *, *, #436, .F. ) ;
#1056 = PLANE ( 'NONE',  #2594 ) ;
#1057 = AXIS2_PLACEMENT_3D ( 'NONE', #2252, #3553, #1933 ) ;
#1058 = ORIENTED_EDGE ( 'NONE', *, *, #3477, .T. ) ;
#1059 = ORIENTED_EDGE ( 'NONE', *, *, #3792, .F. ) ;
#1060 = LINE ( 'NONE', #762, #988 ) ;
#1061 = AXIS2_PLACEMENT_3D ( 'NONE', #1028, #2666, #681 ) ;
#1062 = VECTOR ( 'NONE', #1608, 1000.000000000000000 ) ;
#1063 = EDGE_CURVE ( 'NONE', #2200, #2649, #1336, .T. ) ;
#1064 = CARTESIAN_POINT ( 'NONE',  ( -33.10186074811242918, 4.000000000000013323, 0.000000000000000000 ) ) ;
#1065 = ORIENTED_EDGE ( 'NONE', *, *, #257, .T. ) ;
#1066 = DIRECTION ( 'NONE',  ( -1.000000000000000000, 0.000000000000000000, 0.000000000000000000 ) ) ;
#1067 = EDGE_CURVE ( 'NONE', #3491, #3983, #980, .T. ) ;
#1068 = EDGE_CURVE ( 'NONE', #2229, #368, #4057, .T. ) ;
#1069 = FACE_BOUND ( 'NONE', #4028, .T. ) ;
#1070 = CALENDAR_DATE ( 2026, 8, 8 ) ;
#1071 = DIRECTION ( 'NONE',  ( 2.312964634635742661E-15, -1.000000000000000000, -1.445602896647339163E-16 ) ) ;
#1072 = ORIENTED_EDGE ( 'NONE', *, *, #1134, .F. ) ;
#1073 = FACE_OUTER_BOUND ( 'NONE', #3399, .T. ) ;
#1074 = DIRECTION ( 'NONE',  ( 0.000000000000000000, 0.000000000000000000, -1.000000000000000000 ) ) ;
#1075 = CARTESIAN_POINT ( 'NONE',  ( 0.000000000000000000, -65.99999999999998579, 20.00000000000000000 ) ) ;
#1076 = EDGE_LOOP ( 'NONE', ( #15, #1682, #2249, #1721 ) ) ;
#1077 = ORIENTED_EDGE ( 'NONE', *, *, #1454, .F. ) ;
#1078 = CARTESIAN_POINT ( 'NONE',  ( 45.32050807568875683, -74.66025403784441039, 40.00000000000000000 ) ) ;
#1079 = ORIENTED_EDGE ( 'NONE', *, *, #1193, .F. ) ;
#1080 = EDGE_LOOP ( 'NONE', ( #1354, #3134, #542, #277 ) ) ;
#1081 = DIRECTION ( 'NONE',  ( 0.000000000000000000, 0.000000000000000000, 1.000000000000000000 ) ) ;
#1082 = AXIS2_PLACEMENT_3D ( 'NONE', #2838, #1829, #3129 ) ;
#1083 = CARTESIAN_POINT ( 'NONE',  ( 34.96152422706639840, -45.99999999999997868, 32.50000000000000000 ) ) ;
#1084 = EDGE_LOOP ( 'NONE', ( #1386, #4111, #210, #915 ) ) ;
#1085 = CIRCLE ( 'NONE', #3124, 10.00000000000000178 ) ;
#1086 = DIRECTION ( 'NONE',  ( 0.000000000000000000, -1.000000000000000000, -2.141633920959022233E-16 ) ) ;
#1087 = DIRECTION ( 'NONE',  ( 0.000000000000000000, 0.000000000000000000, -1.000000000000000000 ) ) ;
#1088 = CARTESIAN_POINT ( 'NONE',  ( 0.000000000000000000, -65.99999999999998579, 23.40000000000000213 ) ) ;
#1089 = ORIENTED_EDGE ( 'NONE', *, *, #1502, .F. ) ;
#1090 = CYLINDRICAL_SURFACE ( 'NONE', #2996, 5.999999999999998224 ) ;
#1091 = ADVANCED_FACE ( 'NONE', ( #3577 ), #2914, .F. ) ;
#1092 = CARTESIAN_POINT ( 'NONE',  ( -34.96152422706639840, -56.00000000000000711, 7.499999999999992895 ) ) ;
#1093 = CARTESIAN_POINT ( 'NONE',  ( -77.99999999999998579, -55.79274057836340006, 0.000000000000000000 ) ) ;
#1094 = AXIS2_PLACEMENT_3D ( 'NONE', #2876, #1615, #2917 ) ;
#1095 = VERTEX_POINT ( 'NONE', #3885 ) ;
#1096 = DIRECTION ( 'NONE',  ( 0.000000000000000000, 0.000000000000000000, 1.000000000000000000 ) ) ;
#1097 = VERTEX_POINT ( 'NONE', #1977 ) ;
#1098 = ORIENTED_EDGE ( 'NONE', *, *, #3557, .T. ) ;
#1099 = DIRECTION ( 'NONE',  ( -0.000000000000000000, 1.000000000000000000, -0.000000000000000000 ) ) ;
#1100 = CIRCLE ( 'NONE', #1646, 1.700000000000000178 ) ;
#1101 = CARTESIAN_POINT ( 'NONE',  ( -25.00000000000000000, 20.00000000000000711, 10.00000000000000000 ) ) ;
#1102 = VECTOR ( 'NONE', #1227, 1000.000000000000000 ) ;
#1103 = VERTEX_POINT ( 'NONE', #3952 ) ;
#1104 = EDGE_CURVE ( 'NONE', #1418, #1591, #2975, .T. ) ;
#1105 = CARTESIAN_POINT ( 'NONE',  ( 10.99999999999998579, 33.99999999999998579, 20.00000000000000000 ) ) ;
#1106 = EDGE_CURVE ( 'NONE', #3529, #1149, #696, .T. ) ;
#1107 = VECTOR ( 'NONE', #3889, 1000.000000000000000 ) ;
#1108 = CARTESIAN_POINT ( 'NONE',  ( -39.99999999999998579, -66.00000000000000000, 7.499999999999985789 ) ) ;
#1109 = VECTOR ( 'NONE', #3594, 1000.000000000000000 ) ;
#1110 = EDGE_LOOP ( 'NONE', ( #3859, #1709, #2458, #911 ) ) ;
#1111 = DIRECTION ( 'NONE',  ( -0.000000000000000000, -0.000000000000000000, 1.000000000000000000 ) ) ;
#1112 = CARTESIAN_POINT ( 'NONE',  ( 15.50000000000000000, 30.00000000000000711, 37.20000000000000284 ) ) ;
#1113 = EDGE_CURVE ( 'NONE', #2033, #2448, #3180, .T. ) ;
#1114 = DIRECTION ( 'NONE',  ( 0.000000000000000000, -1.000000000000000000, -2.141633920959022233E-16 ) ) ;
#1115 = ORIENTED_EDGE ( 'NONE', *, *, #450, .T. ) ;
#1116 = DIRECTION ( 'NONE',  ( -1.000000000000000000, 0.000000000000000000, 0.000000000000000000 ) ) ;
#1117 = EDGE_CURVE ( 'NONE', #1985, #1827, #3720, .T. ) ;
#1118 = VERTEX_POINT ( 'NONE', #2613 ) ;
#1119 = ORIENTED_EDGE ( 'NONE', *, *, #1371, .F. ) ;
#1120 = DIRECTION ( 'NONE',  ( -1.000000000000000000, 0.000000000000000000, 0.000000000000000000 ) ) ;
#1121 = CC_DESIGN_SECURITY_CLASSIFICATION ( #2955, ( #4173 ) ) ;
#1122 = VERTEX_POINT ( 'NONE', #3908 ) ;
#1123 = FACE_OUTER_BOUND ( 'NONE', #3085, .T. ) ;
#1124 = ORIENTED_EDGE ( 'NONE', *, *, #105, .T. ) ;
#1125 = DIRECTION ( 'NONE',  ( 1.000000000000000000, 0.000000000000000000, 0.000000000000000000 ) ) ;
#1126 = VECTOR ( 'NONE', #378, 1000.000000000000000 ) ;
#1127 = VERTEX_POINT ( 'NONE', #2953 ) ;
#1128 = CARTESIAN_POINT ( 'NONE',  ( 78.00000000000001421, -55.79274057836332901, 0.000000000000000000 ) ) ;
#1129 = CARTESIAN_POINT ( 'NONE',  ( 52.17057966352412990, -47.61135259505451955, 40.00000000000000000 ) ) ;
#1130 = DIRECTION ( 'NONE',  ( -0.000000000000000000, -0.000000000000000000, 1.000000000000000000 ) ) ;
#1131 = CIRCLE ( 'NONE', #462, 10.00000000000000178 ) ;
#1132 = ORIENTED_EDGE ( 'NONE', *, *, #2535, .T. ) ;
#1133 = CARTESIAN_POINT ( 'NONE',  ( -12.49999999999998224, -46.00000000000000000, 7.500000000000000000 ) ) ;
#1134 = EDGE_CURVE ( 'NONE', #2581, #19, #385, .T. ) ;
#1135 = ORIENTED_EDGE ( 'NONE', *, *, #2359, .F. ) ;
#1136 = VECTOR ( 'NONE', #29, 1000.000000000000000 ) ;
#1137 = ORIENTED_EDGE ( 'NONE', *, *, #800, .T. ) ;
#1138 = FACE_OUTER_BOUND ( 'NONE', #3069, .T. ) ;
#1139 = APPROVAL ( #2959, '未' ) ;
#1140 = ORIENTED_EDGE ( 'NONE', *, *, #2835, .F. ) ;
#1141 = EDGE_CURVE ( 'NONE', #3548, #3482, #3274, .T. ) ;
#1142 = FACE_BOUND ( 'NONE', #1793, .T. ) ;
#1143 = ORIENTED_EDGE ( 'NONE', *, *, #3760, .T. ) ;
#1144 = AXIS2_PLACEMENT_3D ( 'NONE', #1494, #3789, #1792 ) ;
#1145 = DIRECTION ( 'NONE',  ( 0.000000000000000000, -1.483645078138058959E-16, 1.000000000000000000 ) ) ;
#1146 = CIRCLE ( 'NONE', #602, 4.049999999999998046 ) ;
#1147 = CARTESIAN_POINT ( 'NONE',  ( -23.00000000000000000, 30.00000000000001421, 30.00000000000000000 ) ) ;
#1148 = ADVANCED_FACE ( 'NONE', ( #367 ), #2636, .F. ) ;
#1149 = VERTEX_POINT ( 'NONE', #1022 ) ;
#1150 = CARTESIAN_POINT ( 'NONE',  ( -15.50000000000000711, 30.00000000000001421, 37.20000000000000284 ) ) ;
#1151 = FACE_OUTER_BOUND ( 'NONE', #2654, .T. ) ;
#1152 = LINE ( 'NONE', #1453, #2218 ) ;
#1153 = AXIS2_PLACEMENT_3D ( 'NONE', #787, #2087, #2125 ) ;
#1154 = ADVANCED_FACE ( 'NONE', ( #3558 ), #3233, .F. ) ;
#1155 = CARTESIAN_POINT ( 'NONE',  ( -25.00000000000000000, 22.00000000000000711, 40.00000000000000000 ) ) ;
#1156 = EDGE_CURVE ( 'NONE', #1561, #3552, #2976, .T. ) ;
#1157 = ORIENTED_EDGE ( 'NONE', *, *, #3015, .T. ) ;
#1158 = VECTOR ( 'NONE', #748, 1000.000000000000000 ) ;
#1159 = VECTOR ( 'NONE', #3725, 1000.000000000000000 ) ;
#1160 = ORIENTED_EDGE ( 'NONE', *, *, #4031, .F. ) ;
#1161 = DIRECTION ( 'NONE',  ( 1.000000000000000000, 0.000000000000000000, 0.000000000000000000 ) ) ;
#1162 = CARTESIAN_POINT ( 'NONE',  ( -15.50000000000000711, 34.00000000000000711, 4.500000000000000888 ) ) ;
#1163 = ORIENTED_EDGE ( 'NONE', *, *, #2612, .T. ) ;
#1164 = FACE_BOUND ( 'NONE', #3691, .T. ) ;
#1165 = EDGE_LOOP ( 'NONE', ( #1702, #1258 ) ) ;
#1166 = AXIS2_PLACEMENT_3D ( 'NONE', #2116, #1096, #3692 ) ;
#1167 = DIRECTION ( 'NONE',  ( -1.000000000000000000, 0.000000000000000000, 0.000000000000000000 ) ) ;
#1168 = AXIS2_PLACEMENT_3D ( 'NONE', #41, #688, #337 ) ;
#1169 = AXIS2_PLACEMENT_3D ( 'NONE', #2459, #4112, #3791 ) ;
#1170 = ORIENTED_EDGE ( 'NONE', *, *, #4152, .T. ) ;
#1171 = LINE ( 'NONE', #576, #3942 ) ;
#1172 = LINE ( 'NONE', #919, #2718 ) ;
#1173 = CARTESIAN_POINT ( 'NONE',  ( 33.10186074811246471, 4.000000000000020428, 40.00000000000000000 ) ) ;
#1174 = FACE_OUTER_BOUND ( 'NONE', #335, .T. ) ;
#1175 = VECTOR ( 'NONE', #3381, 1000.000000000000000 ) ;
#1176 = ORIENTED_EDGE ( 'NONE', *, *, #1679, .T. ) ;
#1177 = DIRECTION ( 'NONE',  ( 0.000000000000000000, 0.000000000000000000, 1.000000000000000000 ) ) ;
#1178 = EDGE_LOOP ( 'NONE', ( #2265, #2016, #1498, #3653 ) ) ;
#1179 = ADVANCED_FACE ( 'NONE', ( #3533, #610 ), #1918, .T. ) ;
#1180 = ORIENTED_EDGE ( 'NONE', *, *, #2539, .T. ) ;
#1181 = CARTESIAN_POINT ( 'NONE',  ( 34.96152422706639840, -45.99999999999997868, 40.00000000000000000 ) ) ;
#1182 = DIRECTION ( 'NONE',  ( -0.000000000000000000, -0.000000000000000000, 1.000000000000000000 ) ) ;
#1183 = ORIENTED_EDGE ( 'NONE', *, *, #572, .T. ) ;
#1184 = DIRECTION ( 'NONE',  ( 0.000000000000000000, 0.000000000000000000, -1.000000000000000000 ) ) ;
#1185 = ORIENTED_EDGE ( 'NONE', *, *, #3057, .T. ) ;
#1186 = APPROVAL_PERSON_ORGANIZATION ( #1383, #3715, #2393 ) ;
#1187 = ADVANCED_FACE ( 'NONE', ( #2572 ), #957, .F. ) ;
#1188 = AXIS2_PLACEMENT_3D ( 'NONE', #609, #3530, #4161 ) ;
#1189 = FACE_OUTER_BOUND ( 'NONE', #3579, .T. ) ;
#1190 = CIRCLE ( 'NONE', #3576, 3.400000000000000355 ) ;
#1191 = EDGE_LOOP ( 'NONE', ( #1391, #1778, #4081, #2000, #2991, #2993, #840, #2979, #1631, #603 ) ) ;
#1192 = FACE_OUTER_BOUND ( 'NONE', #3772, .T. ) ;
#1193 = EDGE_CURVE ( 'NONE', #2643, #1561, #999, .T. ) ;
#1194 = EDGE_CURVE ( 'NONE', #3356, #2581, #173, .T. ) ;
#1195 = DIRECTION ( 'NONE',  ( 0.8660254037844418162, -0.4999999999999945599, -7.418225390690214675E-17 ) ) ;
#1196 = DIRECTION ( 'NONE',  ( -1.000000000000000000, 0.000000000000000000, 0.000000000000000000 ) ) ;
#1197 = AXIS2_PLACEMENT_3D ( 'NONE', #1327, #2031, #753 ) ;
#1198 = EDGE_CURVE ( 'NONE', #1103, #2881, #1681, .T. ) ;
#1199 = CARTESIAN_POINT ( 'NONE',  ( -38.46443379049049582, 0.6912469907387258639, 7.499999999999999112 ) ) ;
#1200 = ORIENTED_EDGE ( 'NONE', *, *, #281, .T. ) ;
#1201 = DIRECTION ( 'NONE',  ( 1.000000000000000000, 0.000000000000000000, 0.000000000000000000 ) ) ;
#1202 = VERTEX_POINT ( 'NONE', #4036 ) ;
#1203 = ORIENTED_EDGE ( 'NONE', *, *, #1601, .F. ) ;
#1204 = CARTESIAN_POINT ( 'NONE',  ( -40.32050807568876394, -76.00000000000000000, 32.49999999999999289 ) ) ;
#1205 = EDGE_LOOP ( 'NONE', ( #3679, #63, #3441, #4096 ) ) ;
#1206 = FACE_OUTER_BOUND ( 'NONE', #533, .T. ) ;
#1207 = DIRECTION ( 'NONE',  ( 0.000000000000000000, -1.483645078138058959E-16, 1.000000000000000000 ) ) ;
#1208 = ORIENTED_EDGE ( 'NONE', *, *, #2922, .F. ) ;
#1209 = ADVANCED_FACE ( 'NONE', ( #3316 ), #3678, .F. ) ;
#1210 = FACE_OUTER_BOUND ( 'NONE', #3110, .T. ) ;
#1211 = ORIENTED_EDGE ( 'NONE', *, *, #2340, .F. ) ;
#1212 = DIRECTION ( 'NONE',  ( 0.000000000000000000, 1.000000000000000000, 0.000000000000000000 ) ) ;
#1213 = DESIGN_CONTEXT ( 'detailed design', #247, 'design' ) ;
#1214 = DIRECTION ( 'NONE',  ( 0.4999999999999945599, 0.8660254037844418162, -0.000000000000000000 ) ) ;
#1215 = CIRCLE ( 'NONE', #4198, 4.049999999999998046 ) ;
#1216 = CARTESIAN_POINT ( 'NONE',  ( 0.000000000000000000, 30.00000000000001066, 0.000000000000000000 ) ) ;
#1217 = LINE ( 'NONE', #2517, #1158 ) ;
#1218 = ORIENTED_EDGE ( 'NONE', *, *, #2305, .T. ) ;
#1219 = CARTESIAN_POINT ( 'NONE',  ( -34.96152422706640550, -46.00000000000000711, 40.00000000000000000 ) ) ;
#1220 = AXIS2_PLACEMENT_3D ( 'NONE', #309, #291, #4191 ) ;
#1221 = EDGE_LOOP ( 'NONE', ( #2505, #31 ) ) ;
#1222 = ORIENTED_EDGE ( 'NONE', *, *, #1841, .T. ) ;
#1223 = CARTESIAN_POINT ( 'NONE',  ( 15.50000000000000000, 30.00000000000000711, 6.200000000000001066 ) ) ;
#1224 = VECTOR ( 'NONE', #832, 1000.000000000000114 ) ;
#1225 = ORIENTED_EDGE ( 'NONE', *, *, #580, .T. ) ;
#1226 = FACE_BOUND ( 'NONE', #3665, .T. ) ;
#1227 = DIRECTION ( 'NONE',  ( -0.000000000000000000, 1.000000000000000000, -0.000000000000000000 ) ) ;
#1228 = ORIENTED_EDGE ( 'NONE', *, *, #697, .F. ) ;
#1229 = DIRECTION ( 'NONE',  ( 0.000000000000000000, 0.000000000000000000, -1.000000000000000000 ) ) ;
#1230 = AXIS2_PLACEMENT_3D ( 'NONE', #3930, #2957, #4015 ) ;
#1231 = EDGE_CURVE ( 'NONE', #2378, #3820, #743, .T. ) ;
#1232 = DIRECTION ( 'NONE',  ( 0.000000000000000000, 0.000000000000000000, 1.000000000000000000 ) ) ;
#1233 = DIRECTION ( 'NONE',  ( -1.000000000000000000, 0.000000000000000000, 0.000000000000000000 ) ) ;
#1234 = AXIS2_PLACEMENT_3D ( 'NONE', #2501, #3773, #861 ) ;
#1235 = DIRECTION ( 'NONE',  ( -1.000000000000000000, 0.000000000000000000, -0.000000000000000000 ) ) ;
#1236 = DIRECTION ( 'NONE',  ( 0.4999999999999943934, 0.8660254037844419273, -0.000000000000000000 ) ) ;
#1237 = VECTOR ( 'NONE', #3661, 1000.000000000000000 ) ;
#1238 = VERTEX_POINT ( 'NONE', #3972 ) ;
#1239 = DIRECTION ( 'NONE',  ( -1.000000000000000000, -1.387778780781445922E-16, 0.000000000000000000 ) ) ;
#1240 = EDGE_CURVE ( 'NONE', #869, #2480, #1131, .T. ) ;
#1241 = CYLINDRICAL_SURFACE ( 'NONE', #689, 2.000000000000001776 ) ;
#1242 = LINE ( 'NONE', #624, #1400 ) ;
#1243 = CIRCLE ( 'NONE', #2126, 2.000000000000001776 ) ;
#1244 = ORIENTED_EDGE ( 'NONE', *, *, #3713, .F. ) ;
#1245 = EDGE_CURVE ( 'NONE', #597, #1118, #2747, .T. ) ;
#1246 = ORIENTED_EDGE ( 'NONE', *, *, #1909, .T. ) ;
#1247 = LINE ( 'NONE', #2551, #2745 ) ;
#1248 = VERTEX_POINT ( 'NONE', #1699 ) ;
#1249 = ORIENTED_EDGE ( 'NONE', *, *, #580, .F. ) ;
#1250 = CARTESIAN_POINT ( 'NONE',  ( 69.83183426055222753, -60.50863326681892573, 40.00000000000000000 ) ) ;
#1251 = CARTESIAN_POINT ( 'NONE',  ( 40.32050807568879947, -75.99999999999998579, 40.00000000000000000 ) ) ;
#1252 = CIRCLE ( 'NONE', #3833, 10.00000000000000178 ) ;
#1253 = CARTESIAN_POINT ( 'NONE',  ( 36.80391159174331506, 4.000000000000023981, 7.500000000000000000 ) ) ;
#1254 = CARTESIAN_POINT ( 'NONE',  ( 37.64101615137759183, -55.99999999999997868, 0.000000000000000000 ) ) ;
#1255 = AXIS2_PLACEMENT_3D ( 'NONE', #1670, #398, #1791 ) ;
#1256 = LINE ( 'NONE', #3260, #1323 ) ;
#1257 = DIRECTION ( 'NONE',  ( 0.000000000000000000, 0.000000000000000000, -1.000000000000000000 ) ) ;
#1258 = ORIENTED_EDGE ( 'NONE', *, *, #2574, .T. ) ;
#1259 = DIRECTION ( 'NONE',  ( 0.000000000000000000, 0.000000000000000000, -1.000000000000000000 ) ) ;
#1260 = CIRCLE ( 'NONE', #322, 3.400000000000000355 ) ;
#1261 = DIRECTION ( 'NONE',  ( -0.000000000000000000, -1.000000000000000000, -0.000000000000000000 ) ) ;
#1262 = DIRECTION ( 'NONE',  ( 4.081702296416015504E-16, -1.000000000000000000, 0.000000000000000000 ) ) ;
#1263 = ORIENTED_EDGE ( 'NONE', *, *, #979, .F. ) ;
#1264 = ADVANCED_FACE ( 'NONE', ( #1784 ), #2428, .F. ) ;
#1265 = CARTESIAN_POINT ( 'NONE',  ( -60.19871130596435194, -52.00000000000014921, 7.499999999999992895 ) ) ;
#1266 = VERTEX_POINT ( 'NONE', #2997 ) ;
#1267 = FACE_BOUND ( 'NONE', #1165, .T. ) ;
#1268 = ORIENTED_EDGE ( 'NONE', *, *, #319, .F. ) ;
#1269 = CARTESIAN_POINT ( 'NONE',  ( -49.99999999999999289, -2.281631333264775835E-14, 40.00000000000000000 ) ) ;
#1270 = ADVANCED_FACE ( 'NONE', ( #1123 ), #803, .F. ) ;
#1271 = DIRECTION ( 'NONE',  ( -1.000000000000000000, 3.541727096785982071E-15, 0.000000000000000000 ) ) ;
#1272 = CARTESIAN_POINT ( 'NONE',  ( -34.96152422706640550, -46.00000000000000711, 32.50000000000000000 ) ) ;
#1273 = DIRECTION ( 'NONE',  ( -0.000000000000000000, -0.000000000000000000, 1.000000000000000000 ) ) ;
#1274 = CARTESIAN_POINT ( 'NONE',  ( 0.000000000000000000, -64.99999999999998579, 20.00000000000000000 ) ) ;
#1275 = DIRECTION ( 'NONE',  ( -0.000000000000000000, -0.000000000000000000, 1.000000000000000000 ) ) ;
#1276 = CARTESIAN_POINT ( 'NONE',  ( -60.19871130596435194, -52.00000000000014921, 0.000000000000000000 ) ) ;
#1277 = EDGE_CURVE ( 'NONE', #3456, #170, #452, .T. ) ;
#1278 = VERTEX_POINT ( 'NONE', #3994 ) ;
#1279 = FACE_OUTER_BOUND ( 'NONE', #1191, .T. ) ;
#1280 = AXIS2_PLACEMENT_3D ( 'NONE', #1295, #1663, #2258 ) ;
#1281 = CARTESIAN_POINT ( 'NONE',  ( 12.49999999999998224, -76.00000000000000000, 7.500000000000000000 ) ) ;
#1282 = ORIENTED_EDGE ( 'NONE', *, *, #1104, .T. ) ;
#1283 = VERTEX_POINT ( 'NONE', #4013 ) ;
#1284 = EDGE_CURVE ( 'NONE', #2610, #2721, #490, .T. ) ;
#1285 = DIRECTION ( 'NONE',  ( -0.000000000000000000, -1.000000000000000000, -0.000000000000000000 ) ) ;
#1286 = AXIS2_PLACEMENT_3D ( 'NONE', #1030, #640, #1621 ) ;
#1287 = ORIENTED_EDGE ( 'NONE', *, *, #618, .F. ) ;
#1288 = CARTESIAN_POINT ( 'NONE',  ( -49.99999999999999289, 33.99999999999997868, 0.000000000000000000 ) ) ;
#1289 = ORIENTED_EDGE ( 'NONE', *, *, #2671, .F. ) ;
#1290 = DIRECTION ( 'NONE',  ( -0.000000000000000000, -0.000000000000000000, 1.000000000000000000 ) ) ;
#1291 = DIRECTION ( 'NONE',  ( -4.081702296416015504E-16, 1.000000000000000000, 1.483645078138058959E-16 ) ) ;
#1292 = AXIS2_PLACEMENT_3D ( 'NONE', #1808, #2473, #182 ) ;
#1293 = VERTEX_POINT ( 'NONE', #1745 ) ;
#1294 = DIRECTION ( 'NONE',  ( -4.081702296416015504E-16, 1.000000000000000000, -0.000000000000000000 ) ) ;
#1295 = CARTESIAN_POINT ( 'NONE',  ( -23.00000000000000000, 28.00000000000001066, 30.00000000000000000 ) ) ;
#1296 = EDGE_CURVE ( 'NONE', #4009, #2272, #255, .T. ) ;
#1297 = DIRECTION ( 'NONE',  ( -1.000000000000000000, -6.938893903907232322E-16, 0.000000000000000000 ) ) ;
#1298 = DIRECTION ( 'NONE',  ( 1.000000000000000000, 0.000000000000000000, 0.000000000000000000 ) ) ;
#1299 = LINE ( 'NONE', #3177, #3336 ) ;
#1300 = VERTEX_POINT ( 'NONE', #1378 ) ;
#1301 = CARTESIAN_POINT ( 'NONE',  ( -15.50000000000000711, 30.00000000000001421, 4.500000000000000888 ) ) ;
#1302 = AXIS2_PLACEMENT_3D ( 'NONE', #2423, #1370, #2697 ) ;
#1303 = DIRECTION ( 'NONE',  ( 0.000000000000000000, 0.000000000000000000, -1.000000000000000000 ) ) ;
#1304 = ORIENTED_EDGE ( 'NONE', *, *, #2830, .T. ) ;
#1305 = ORIENTED_EDGE ( 'NONE', *, *, #1068, .F. ) ;
#1306 = DIRECTION ( 'NONE',  ( 0.000000000000000000, 0.000000000000000000, -1.000000000000000000 ) ) ;
#1307 = AXIS2_PLACEMENT_3D ( 'NONE', #119, #456, #3026 ) ;
#1308 = ORIENTED_EDGE ( 'NONE', *, *, #564, .T. ) ;
#1309 = CARTESIAN_POINT ( 'NONE',  ( -25.00000000000000000, 28.00000000000001066, 40.00000000000000000 ) ) ;
#1310 = ORIENTED_EDGE ( 'NONE', *, *, #3279, .T. ) ;
#1311 = CARTESIAN_POINT ( 'NONE',  ( 60.19871130596435194, -52.00000000000014921, 7.499999999999992895 ) ) ;
#1312 = DIRECTION ( 'NONE',  ( 0.000000000000000000, 0.000000000000000000, -1.000000000000000000 ) ) ;
#1313 = DIRECTION ( 'NONE',  ( 0.000000000000000000, 0.000000000000000000, -1.000000000000000000 ) ) ;
#1314 = ORIENTED_EDGE ( 'NONE', *, *, #3161, .T. ) ;
#1315 = ADVANCED_FACE ( 'NONE', ( #3044 ), #2680, .F. ) ;
#1316 = LINE ( 'NONE', #2617, #3065 ) ;
#1317 = DIRECTION ( 'NONE',  ( -0.000000000000000000, 1.000000000000000000, -0.000000000000000000 ) ) ;
#1318 = FACE_BOUND ( 'NONE', #3900, .T. ) ;
#1319 = EDGE_CURVE ( 'NONE', #1438, #2763, #1422, .T. ) ;
#1320 = EDGE_CURVE ( 'NONE', #85, #802, #784, .T. ) ;
#1321 = EDGE_LOOP ( 'NONE', ( #71, #3671, #2689, #2809 ) ) ;
#1322 = CARTESIAN_POINT ( 'NONE',  ( -35.94999999999998863, -66.00000000000000000, 32.50000000000000000 ) ) ;
#1323 = VECTOR ( 'NONE', #2216, 1000.000000000000000 ) ;
#1324 = CIRCLE ( 'NONE', #3365, 4.049999999999998046 ) ;
#1325 = EDGE_CURVE ( 'NONE', #3345, #3387, #471, .T. ) ;
#1326 = LINE ( 'NONE', #3244, #295 ) ;
#1327 = CARTESIAN_POINT ( 'NONE',  ( 23.00000000000000000, 28.00000000000001066, 0.000000000000000000 ) ) ;
#1328 = EDGE_LOOP ( 'NONE', ( #2951, #744, #742, #3351 ) ) ;
#1329 = CARTESIAN_POINT ( 'NONE',  ( -64.24871130596434909, -52.00000000000014921, 0.000000000000000000 ) ) ;
#1330 = APPLICATION_CONTEXT ( 'configuration controlled 3d designs of mechanical parts and assemblies' ) ;
#1331 = FACE_BOUND ( 'NONE', #2076, .T. ) ;
#1332 = AXIS2_PLACEMENT_3D ( 'NONE', #1389, #2967, #775 ) ;
#1333 = ORIENTED_EDGE ( 'NONE', *, *, #1522, .T. ) ;
#1334 = DIRECTION ( 'NONE',  ( -0.000000000000000000, -0.000000000000000000, 1.000000000000000000 ) ) ;
#1335 = EDGE_CURVE ( 'NONE', #954, #3883, #3082, .T. ) ;
#1336 = LINE ( 'NONE', #3254, #259 ) ;
#1337 = AXIS2_PLACEMENT_3D ( 'NONE', #2343, #2039, #1043 ) ;
#1338 = EDGE_CURVE ( 'NONE', #2067, #2104, #3960, .T. ) ;
#1339 = ORIENTED_EDGE ( 'NONE', *, *, #800, .F. ) ;
#1340 = FACE_OUTER_BOUND ( 'NONE', #1789, .T. ) ;
#1341 = CARTESIAN_POINT ( 'NONE',  ( 44.04999999999998295, -66.00000000000000000, 32.50000000000000000 ) ) ;
#1342 = AXIS2_PLACEMENT_3D ( 'NONE', #1635, #675, #3300 ) ;
#1343 = CARTESIAN_POINT ( 'NONE',  ( 15.50000000000000000, 34.00000000000000000, 2.800000000000000266 ) ) ;
#1344 = ORIENTED_EDGE ( 'NONE', *, *, #1032, .T. ) ;
#1345 = DIRECTION ( 'NONE',  ( -1.000000000000000000, -4.081702296416015504E-16, 0.000000000000000000 ) ) ;
#1346 = LINE ( 'NONE', #2051, #3095 ) ;
#1347 = CARTESIAN_POINT ( 'NONE',  ( -12.49999999999998401, -62.99999999999998579, 10.49999999999998934 ) ) ;
#1348 = VERTEX_POINT ( 'NONE', #2122 ) ;
#1349 = CARTESIAN_POINT ( 'NONE',  ( -49.99999999999999289, 9.999999999999994671, 29.50000000000000355 ) ) ;
#1350 = CIRCLE ( 'NONE', #3528, 4.049999999999998046 ) ;
#1351 = CIRCLE ( 'NONE', #3054, 4.049999999999998046 ) ;
#1352 = FACE_OUTER_BOUND ( 'NONE', #2472, .T. ) ;
#1353 = ORIENTED_EDGE ( 'NONE', *, *, #3454, .F. ) ;
#1354 = ORIENTED_EDGE ( 'NONE', *, *, #4074, .F. ) ;
#1355 = LINE ( 'NONE', #2743, #3434 ) ;
#1356 = CARTESIAN_POINT ( 'NONE',  ( -49.99999999999999289, 33.99999999999997868, 40.00000000000000000 ) ) ;
#1357 = ORIENTED_EDGE ( 'NONE', *, *, #3909, .F. ) ;
#1358 = CYLINDRICAL_SURFACE ( 'NONE', #3273, 4.049999999999998046 ) ;
#1359 = CARTESIAN_POINT ( 'NONE',  ( 0.000000000000000000, -64.99999999999998579, 13.00000000000000178 ) ) ;
#1360 = AXIS2_PLACEMENT_3D ( 'NONE', #2600, #660, #3892 ) ;
#1361 = DATE_TIME_ROLE ( 'creation_date' ) ;
#1362 = AXIS2_PLACEMENT_3D ( 'NONE', #3411, #854, #2110 ) ;
#1363 = CARTESIAN_POINT ( 'NONE',  ( 12.49999999999998224, -76.00000000000000000, 32.50000000000000000 ) ) ;
#1364 = ORIENTED_EDGE ( 'NONE', *, *, #3036, .F. ) ;
#1365 = LINE ( 'NONE', #2375, #4143 ) ;
#1366 = DIRECTION ( 'NONE',  ( -1.000000000000000000, 0.000000000000000000, 0.000000000000000000 ) ) ;
#1367 = CYLINDRICAL_SURFACE ( 'NONE', #3847, 5.999999999999998224 ) ;
#1368 = ORIENTED_EDGE ( 'NONE', *, *, #311, .T. ) ;
#1369 = VECTOR ( 'NONE', #2085, 1000.000000000000000 ) ;
#1370 = DIRECTION ( 'NONE',  ( 0.000000000000000000, 0.000000000000000000, -1.000000000000000000 ) ) ;
#1371 = EDGE_CURVE ( 'NONE', #2177, #368, #913, .T. ) ;
#1372 = AXIS2_PLACEMENT_3D ( 'NONE', #2583, #4151, #3875 ) ;
#1373 = ORIENTED_EDGE ( 'NONE', *, *, #1431, .F. ) ;
#1374 = ORIENTED_EDGE ( 'NONE', *, *, #2292, .F. ) ;
#1375 = DIRECTION ( 'NONE',  ( 0.000000000000000000, -1.000000000000000000, -2.141633920959022233E-16 ) ) ;
#1376 = EDGE_CURVE ( 'NONE', #1266, #3230, #633, .T. ) ;
#1377 = EDGE_CURVE ( 'NONE', #3387, #4033, #1243, .T. ) ;
#1378 = CARTESIAN_POINT ( 'NONE',  ( 38.46443379049051714, 0.6912469907387279733, 0.000000000000000000 ) ) ;
#1379 = VERTEX_POINT ( 'NONE', #4120 ) ;
#1380 = VECTOR ( 'NONE', #2871, 1000.000000000000000 ) ;
#1381 = CARTESIAN_POINT ( 'NONE',  ( -77.99999999999998579, -55.79274057836340006, 40.00000000000000000 ) ) ;
#1382 = CARTESIAN_POINT ( 'NONE',  ( 25.00000000000000000, 30.00000000000001066, 30.00000000000000000 ) ) ;
#1383 = PERSON_AND_ORGANIZATION ( #317, #2211 ) ;
#1384 = DIRECTION ( 'NONE',  ( -0.8660254037844419273, 0.4999999999999943934, 0.000000000000000000 ) ) ;
#1385 = CARTESIAN_POINT ( 'NONE',  ( 37.64101615137759183, -55.99999999999997868, 7.499999999999992895 ) ) ;
#1386 = ORIENTED_EDGE ( 'NONE', *, *, #754, .F. ) ;
#1387 = DIRECTION ( 'NONE',  ( -1.000000000000000000, 0.000000000000000000, 0.000000000000000000 ) ) ;
#1388 = DIRECTION ( 'NONE',  ( 0.000000000000000000, -0.000000000000000000, -1.000000000000000000 ) ) ;
#1389 = CARTESIAN_POINT ( 'NONE',  ( -64.24871130596434909, -52.00000000000014921, 40.00000000000000000 ) ) ;
#1390 = VERTEX_POINT ( 'NONE', #4073 ) ;
#1391 = ORIENTED_EDGE ( 'NONE', *, *, #1063, .F. ) ;
#1392 = CARTESIAN_POINT ( 'NONE',  ( 34.96152422706640550, -55.99999999999997868, 40.00000000000000000 ) ) ;
#1393 = AXIS2_PLACEMENT_3D ( 'NONE', #1419, #4034, #1722 ) ;
#1394 = CARTESIAN_POINT ( 'NONE',  ( -49.99999999999999289, 33.99999999999997868, 40.00000000000000000 ) ) ;
#1395 = CIRCLE ( 'NONE', #1464, 5.999999999999998224 ) ;
#1396 = VERTEX_POINT ( 'NONE', #2810 ) ;
#1397 = ORIENTED_EDGE ( 'NONE', *, *, #1598, .F. ) ;
#1398 = DIRECTION ( 'NONE',  ( -0.000000000000000000, 1.000000000000000000, -0.000000000000000000 ) ) ;
#1399 = LINE ( 'NONE', #152, #2536 ) ;
#1400 = VECTOR ( 'NONE', #3223, 1000.000000000000000 ) ;
#1401 = DIRECTION ( 'NONE',  ( -0.000000000000000000, 1.483645078138058959E-16, -1.000000000000000000 ) ) ;
#1402 = ORIENTED_EDGE ( 'NONE', *, *, #3094, .T. ) ;
#1403 = EDGE_CURVE ( 'NONE', #3983, #723, #548, .T. ) ;
#1404 = DIRECTION ( 'NONE',  ( 1.000000000000000000, 0.000000000000000000, 0.000000000000000000 ) ) ;
#1405 = CARTESIAN_POINT ( 'NONE',  ( -56.10820140082092422, -34.46568690597898410, 40.00000000000000000 ) ) ;
#1406 = PLANE ( 'NONE',  #2189 ) ;
#1407 = CARTESIAN_POINT ( 'NONE',  ( 23.00000000000000000, 28.00000000000001066, 40.00000000000000000 ) ) ;
#1408 = VERTEX_POINT ( 'NONE', #4097 ) ;
#1409 = DIRECTION ( 'NONE',  ( 0.000000000000000000, 0.000000000000000000, 1.000000000000000000 ) ) ;
#1410 = LINE ( 'NONE', #1092, #920 ) ;
#1411 = EDGE_CURVE ( 'NONE', #2528, #1095, #302, .T. ) ;
#1412 = LINE ( 'NONE', #1093, #3776 ) ;
#1413 = VERTEX_POINT ( 'NONE', #4138 ) ;
#1414 = ORIENTED_EDGE ( 'NONE', *, *, #1015, .T. ) ;
#1415 = CARTESIAN_POINT ( 'NONE',  ( 64.83183426055228438, -51.84837922897451534, 32.50000000000000000 ) ) ;
#1416 = ORIENTED_EDGE ( 'NONE', *, *, #1117, .T. ) ;
#1417 = ADVANCED_FACE ( 'NONE', ( #3739, #1164, #1142, #2467, #568, #1226, #846 ), #2447, .T. ) ;
#1418 = VERTEX_POINT ( 'NONE', #2530 ) ;
#1419 = CARTESIAN_POINT ( 'NONE',  ( -15.50000000000000711, 34.00000000000000711, 4.500000000000000888 ) ) ;
#1420 = VECTOR ( 'NONE', #1838, 1000.000000000000000 ) ;
#1421 = ORIENTED_EDGE ( 'NONE', *, *, #3105, .F. ) ;
#1422 = LINE ( 'NONE', #2412, #440 ) ;
#1423 = ORIENTED_EDGE ( 'NONE', *, *, #366, .T. ) ;
#1424 = AXIS2_PLACEMENT_3D ( 'NONE', #2924, #1345, #17 ) ;
#1425 = DIRECTION ( 'NONE',  ( 1.000000000000000000, 0.000000000000000000, 0.000000000000000000 ) ) ;
#1426 = EDGE_CURVE ( 'NONE', #3415, #3864, #2489, .T. ) ;
#1427 = CARTESIAN_POINT ( 'NONE',  ( 60.33874540297191658, -42.89545990659892283, 32.50000000000000000 ) ) ;
#1428 = DATE_AND_TIME ( #75, #782 ) ;
#1429 = EDGE_LOOP ( 'NONE', ( #2972, #3734 ) ) ;
#1430 = DIRECTION ( 'NONE',  ( -0.000000000000000000, 1.483645078138058959E-16, -1.000000000000000000 ) ) ;
#1431 = EDGE_CURVE ( 'NONE', #296, #2380, #868, .T. ) ;
#1432 = AXIS2_PLACEMENT_3D ( 'NONE', #898, #2513, #238 ) ;
#1433 = DIRECTION ( 'NONE',  ( -0.000000000000000000, -0.000000000000000000, 1.000000000000000000 ) ) ;
#1434 = CYLINDRICAL_SURFACE ( 'NONE', #2442, 1.700000000000000178 ) ;
#1435 = VECTOR ( 'NONE', #353, 1000.000000000000000 ) ;
#1436 = ORIENTED_EDGE ( 'NONE', *, *, #1636, .F. ) ;
#1437 = DIRECTION ( 'NONE',  ( -1.000000000000000000, -4.081702296416015504E-16, 0.000000000000000000 ) ) ;
#1438 = VERTEX_POINT ( 'NONE', #3758 ) ;
#1439 = VECTOR ( 'NONE', #2749, 1000.000000000000000 ) ;
#1440 = ORIENTED_EDGE ( 'NONE', *, *, #2652, .T. ) ;
#1441 = CYLINDRICAL_SURFACE ( 'NONE', #2075, 4.049999999999998046 ) ;
#1442 = VERTEX_POINT ( 'NONE', #3104 ) ;
#1443 = CARTESIAN_POINT ( 'NONE',  ( -47.17057966352415832, -38.95109855721015890, 40.00000000000000000 ) ) ;
#1444 = AXIS2_PLACEMENT_3D ( 'NONE', #3141, #230, #2828 ) ;
#1445 = ORIENTED_EDGE ( 'NONE', *, *, #939, .T. ) ;
#1446 = DIRECTION ( 'NONE',  ( -0.000000000000000000, -0.000000000000000000, 1.000000000000000000 ) ) ;
#1447 = CARTESIAN_POINT ( 'NONE',  ( 39.99999999999998579, -66.00000000000000000, 40.00000000000000000 ) ) ;
#1448 = CIRCLE ( 'NONE', #2269, 3.000000000000000000 ) ;
#1449 = EDGE_CURVE ( 'NONE', #836, #1300, #2143, .T. ) ;
#1450 = EDGE_LOOP ( 'NONE', ( #2040, #1228, #820, #1565 ) ) ;
#1451 = CARTESIAN_POINT ( 'NONE',  ( 34.96152422706640550, -55.99999999999997868, 0.000000000000000000 ) ) ;
#1452 = DIRECTION ( 'NONE',  ( 0.000000000000000000, -0.000000000000000000, -1.000000000000000000 ) ) ;
#1453 = CARTESIAN_POINT ( 'NONE',  ( -44.04999999999998295, -66.00000000000000000, 40.00000000000000000 ) ) ;
#1454 = EDGE_CURVE ( 'NONE', #1591, #1000, #232, .T. ) ;
#1455 = CC_DESIGN_PERSON_AND_ORGANIZATION_ASSIGNMENT ( #3283, #2023, ( #4173 ) ) ;
#1456 = ORIENTED_EDGE ( 'NONE', *, *, #211, .F. ) ;
#1457 = DIRECTION ( 'NONE',  ( -0.000000000000000000, -1.000000000000000000, -0.000000000000000000 ) ) ;
#1458 = ADVANCED_FACE ( 'NONE', ( #1206 ), #2827, .T. ) ;
#1459 = ORIENTED_EDGE ( 'NONE', *, *, #274, .T. ) ;
#1460 = CC_DESIGN_APPROVAL ( #1139, ( #4173 ) ) ;
#1461 = ORIENTED_EDGE ( 'NONE', *, *, #2155, .F. ) ;
#1462 = DIRECTION ( 'NONE',  ( 0.000000000000000000, 0.000000000000000000, -1.000000000000000000 ) ) ;
#1463 = DIRECTION ( 'NONE',  ( -1.000000000000000000, 0.000000000000000000, 0.000000000000000000 ) ) ;
#1464 = AXIS2_PLACEMENT_3D ( 'NONE', #2009, #1433, #2419 ) ;
#1465 = ORIENTED_EDGE ( 'NONE', *, *, #584, .F. ) ;
#1466 = DIRECTION ( 'NONE',  ( 0.000000000000000000, 0.000000000000000000, -1.000000000000000000 ) ) ;
#1467 = EDGE_CURVE ( 'NONE', #1746, #836, #369, .T. ) ;
#1468 = ORIENTED_EDGE ( 'NONE', *, *, #4041, .T. ) ;
#1469 = DIRECTION ( 'NONE',  ( 0.000000000000000000, -1.000000000000000000, 0.000000000000000000 ) ) ;
#1470 = ADVANCED_FACE ( 'NONE', ( #42, #3863, #1267, #2250, #1331, #2932 ), #1994, .F. ) ;
#1471 = DIRECTION ( 'NONE',  ( 0.000000000000000000, 0.000000000000000000, 1.000000000000000000 ) ) ;
#1472 = EDGE_CURVE ( 'NONE', #1127, #3358, #3209, .T. ) ;
#1473 = AXIS2_PLACEMENT_3D ( 'NONE', #3093, #481, #3435 ) ;
#1474 = EDGE_LOOP ( 'NONE', ( #996, #193, #3487, #2109 ) ) ;
#1475 = LINE ( 'NONE', #2773, #1911 ) ;
#1476 = DIRECTION ( 'NONE',  ( -0.000000000000000000, 1.483645078138058959E-16, -1.000000000000000000 ) ) ;
#1477 = DIRECTION ( 'NONE',  ( 0.000000000000000000, 0.000000000000000000, 1.000000000000000000 ) ) ;
#1478 = ORIENTED_EDGE ( 'NONE', *, *, #3464, .T. ) ;
#1479 = CARTESIAN_POINT ( 'NONE',  ( 15.50000000000000000, 30.00000000000000711, 4.500000000000000888 ) ) ;
#1480 = ORIENTED_EDGE ( 'NONE', *, *, #843, .F. ) ;
#1481 = AXIS2_PLACEMENT_3D ( 'NONE', #3191, #2874, #1487 ) ;
#1482 = VERTEX_POINT ( 'NONE', #2910 ) ;
#1483 = LINE ( 'NONE', #229, #1596 ) ;
#1484 = ORIENTED_EDGE ( 'NONE', *, *, #1816, .F. ) ;
#1485 = DIRECTION ( 'NONE',  ( -0.000000000000000000, -0.000000000000000000, 1.000000000000000000 ) ) ;
#1486 = ORIENTED_EDGE ( 'NONE', *, *, #360, .F. ) ;
#1487 = DIRECTION ( 'NONE',  ( 1.000000000000000000, 0.000000000000000000, 0.000000000000000000 ) ) ;
#1488 = DIRECTION ( 'NONE',  ( -0.000000000000000000, -0.000000000000000000, 1.000000000000000000 ) ) ;
#1489 = ORIENTED_EDGE ( 'NONE', *, *, #3894, .F. ) ;
#1490 = DIRECTION ( 'NONE',  ( -0.8937621737296762570, -0.4485411651231178132, 0.000000000000000000 ) ) ;
#1491 = CARTESIAN_POINT ( 'NONE',  ( -68.29871130596434625, -52.00000000000014921, 0.000000000000000000 ) ) ;
#1492 = EDGE_CURVE ( 'NONE', #1390, #671, #1017, .T. ) ;
#1493 = CARTESIAN_POINT ( 'NONE',  ( 0.000000000000000000, -65.49999999999998579, 15.00000000000000000 ) ) ;
#1494 = CARTESIAN_POINT ( 'NONE',  ( -1.353084311261909534E-14, 31.99999999999998579, 20.00000000000000000 ) ) ;
#1495 = CIRCLE ( 'NONE', #3398, 1.700000000000000178 ) ;
#1496 = ORIENTED_EDGE ( 'NONE', *, *, #2703, .T. ) ;
#1497 = FACE_OUTER_BOUND ( 'NONE', #976, .T. ) ;
#1498 = ORIENTED_EDGE ( 'NONE', *, *, #2212, .F. ) ;
#1499 = AXIS2_PLACEMENT_3D ( 'NONE', #414, #2025, #2395 ) ;
#1500 = CIRCLE ( 'NONE', #2455, 3.400000000000000355 ) ;
#1501 = VERTEX_POINT ( 'NONE', #1288 ) ;
#1502 = EDGE_CURVE ( 'NONE', #1581, #2490, #381, .T. ) ;
#1503 = DIRECTION ( 'NONE',  ( -1.000000000000000000, 0.000000000000000000, 0.000000000000000000 ) ) ;
#1504 = CARTESIAN_POINT ( 'NONE',  ( -25.00000000000000000, 22.00000000000000711, 0.000000000000000000 ) ) ;
#1505 = ORIENTED_EDGE ( 'NONE', *, *, #2980, .F. ) ;
#1506 = DIRECTION ( 'NONE',  ( 0.000000000000000000, 0.000000000000000000, 1.000000000000000000 ) ) ;
#1507 = EDGE_CURVE ( 'NONE', #1525, #85, #1448, .T. ) ;
#1508 = ORIENTED_EDGE ( 'NONE', *, *, #3713, .T. ) ;
#1509 = ADVANCED_FACE ( 'NONE', ( #3227 ), #3882, .T. ) ;
#1510 = CIRCLE ( 'NONE', #896, 10.00000000000000178 ) ;
#1511 = CARTESIAN_POINT ( 'NONE',  ( 40.32050807568879947, -65.99999999999998579, 40.00000000000000000 ) ) ;
#1512 = AXIS2_PLACEMENT_3D ( 'NONE', #4094, #1545, #3444 ) ;
#1513 = EDGE_LOOP ( 'NONE', ( #817, #438 ) ) ;
#1514 = CIRCLE ( 'NONE', #561, 10.00000000000000178 ) ;
#1515 = CARTESIAN_POINT ( 'NONE',  ( 52.17057966352412990, -47.61135259505451955, 32.50000000000000000 ) ) ;
#1516 = CARTESIAN_POINT ( 'NONE',  ( -60.33874540297188815, -42.89545990659898678, 40.00000000000000000 ) ) ;
#1517 = CARTESIAN_POINT ( 'NONE',  ( -23.00000000000000000, 22.00000000000000711, 10.00000000000000000 ) ) ;
#1518 = LINE ( 'NONE', #3074, #2235 ) ;
#1519 = VERTEX_POINT ( 'NONE', #2568 ) ;
#1520 = DIRECTION ( 'NONE',  ( 0.000000000000000000, -1.000000000000000000, -1.734723475976806848E-16 ) ) ;
#1521 = EDGE_LOOP ( 'NONE', ( #425, #2157, #3928, #711 ) ) ;
#1522 = EDGE_CURVE ( 'NONE', #3356, #643, #2950, .T. ) ;
#1523 = ORIENTED_EDGE ( 'NONE', *, *, #9, .F. ) ;
#1524 = DIRECTION ( 'NONE',  ( -1.000000000000000000, 0.000000000000000000, 0.000000000000000000 ) ) ;
#1525 = VERTEX_POINT ( 'NONE', #1630 ) ;
#1526 = CARTESIAN_POINT ( 'NONE',  ( 0.000000000000000000, -65.49999999999998579, 20.00000000000000000 ) ) ;
#1527 = CARTESIAN_POINT ( 'NONE',  ( -15.50000000000000711, 34.00000000000000711, 2.800000000000000266 ) ) ;
#1528 = ORIENTED_EDGE ( 'NONE', *, *, #570, .T. ) ;
#1529 = AXIS2_PLACEMENT_3D ( 'NONE', #4107, #3113, #3788 ) ;
#1530 = VECTOR ( 'NONE', #1290, 1000.000000000000000 ) ;
#1531 = CARTESIAN_POINT ( 'NONE',  ( 56.00000000000000711, 1.421111387729531828, 0.000000000000000000 ) ) ;
#1532 = ADVANCED_FACE ( 'NONE', ( #3270 ), #298, .F. ) ;
#1533 = ORIENTED_EDGE ( 'NONE', *, *, #2961, .T. ) ;
#1534 = DIRECTION ( 'NONE',  ( -0.000000000000000000, -0.000000000000000000, 1.000000000000000000 ) ) ;
#1535 = FACE_OUTER_BOUND ( 'NONE', #1110, .T. ) ;
#1536 = DIRECTION ( 'NONE',  ( -0.000000000000000000, -1.000000000000000000, -0.000000000000000000 ) ) ;
#1537 = DIRECTION ( 'NONE',  ( -0.000000000000000000, -1.000000000000000000, -0.000000000000000000 ) ) ;
#1538 = DIRECTION ( 'NONE',  ( -0.000000000000000000, -1.000000000000000000, -0.000000000000000000 ) ) ;
#1539 = CIRCLE ( 'NONE', #1676, 3.000000000000000000 ) ;
#1540 = VERTEX_POINT ( 'NONE', #2891 ) ;
#1541 = CYLINDRICAL_SURFACE ( 'NONE', #1038, 5.999999999999998224 ) ;
#1542 = VERTEX_POINT ( 'NONE', #1953 ) ;
#1543 = ORIENTED_EDGE ( 'NONE', *, *, #3218, .T. ) ;
#1544 = CARTESIAN_POINT ( 'NONE',  ( -49.99999999999999289, 33.99999999999997868, 40.00000000000000000 ) ) ;
#1545 = DIRECTION ( 'NONE',  ( 0.000000000000000000, 0.000000000000000000, 1.000000000000000000 ) ) ;
#1546 = ORIENTED_EDGE ( 'NONE', *, *, #2344, .F. ) ;
#1547 = EDGE_CURVE ( 'NONE', #507, #1149, #2273, .T. ) ;
#1548 = EDGE_CURVE ( 'NONE', #2763, #316, #1928, .T. ) ;
#1549 = CARTESIAN_POINT ( 'NONE',  ( -55.99999999999999289, 1.421111387729532716, 40.00000000000000000 ) ) ;
#1550 = ORIENTED_EDGE ( 'NONE', *, *, #1993, .F. ) ;
#1551 = FACE_OUTER_BOUND ( 'NONE', #4014, .T. ) ;
#1552 = AXIS2_PLACEMENT_3D ( 'NONE', #2457, #1477, #3728 ) ;
#1553 = EDGE_CURVE ( 'NONE', #2760, #3795, #835, .T. ) ;
#1554 = ORIENTED_EDGE ( 'NONE', *, *, #1770, .F. ) ;
#1555 = DIRECTION ( 'NONE',  ( 0.8660254037844412611, 0.4999999999999953371, -0.000000000000000000 ) ) ;
#1556 = DIRECTION ( 'NONE',  ( -1.000000000000000000, 0.000000000000000000, 0.000000000000000000 ) ) ;
#1557 = VECTOR ( 'NONE', #2887, 1000.000000000000000 ) ;
#1558 = CARTESIAN_POINT ( 'NONE',  ( 40.32050807568879947, -75.99999999999998579, 40.00000000000000000 ) ) ;
#1559 = CARTESIAN_POINT ( 'NONE',  ( 44.04999999999998295, -66.00000000000000000, 0.000000000000000000 ) ) ;
#1560 = EDGE_CURVE ( 'NONE', #2119, #1888, #3903, .T. ) ;
#1561 = VERTEX_POINT ( 'NONE', #3294 ) ;
#1562 = CARTESIAN_POINT ( 'NONE',  ( 33.10186074811246471, 4.000000000000020428, 32.50000000000000000 ) ) ;
#1563 = AXIS2_PLACEMENT_3D ( 'NONE', #851, #283, #511 ) ;
#1564 = CARTESIAN_POINT ( 'NONE',  ( 25.00000000000000000, 20.00000000000000711, 30.00000000000000000 ) ) ;
#1565 = ORIENTED_EDGE ( 'NONE', *, *, #4019, .F. ) ;
#1566 = CARTESIAN_POINT ( 'NONE',  ( 25.00000000000000000, 20.00000000000000711, 30.00000000000000000 ) ) ;
#1567 = VECTOR ( 'NONE', #2149, 1000.000000000000000 ) ;
#1568 = ORIENTED_EDGE ( 'NONE', *, *, #3139, .T. ) ;
#1569 = DIRECTION ( 'NONE',  ( -1.000000000000000000, -1.178355371040220958E-16, 0.000000000000000000 ) ) ;
#1570 = ORIENTED_EDGE ( 'NONE', *, *, #3002, .F. ) ;
#1571 = ORIENTED_EDGE ( 'NONE', *, *, #1998, .T. ) ;
#1572 = DIRECTION ( 'NONE',  ( -1.000000000000000000, 0.000000000000000000, 0.000000000000000000 ) ) ;
#1573 = DIRECTION ( 'NONE',  ( 0.000000000000000000, 0.000000000000000000, -1.000000000000000000 ) ) ;
#1574 = AXIS2_PLACEMENT_3D ( 'NONE', #50, #3643, #1748 ) ;
#1575 = FACE_OUTER_BOUND ( 'NONE', #3204, .T. ) ;
#1576 = CYLINDRICAL_SURFACE ( 'NONE', #2509, 9.999999999999994671 ) ;
#1577 = CIRCLE ( 'NONE', #3556, 4.049999999999998046 ) ;
#1578 = CARTESIAN_POINT ( 'NONE',  ( 15.50000000000000000, 30.00000000000000711, 6.200000000000001066 ) ) ;
#1579 = EDGE_CURVE ( 'NONE', #2723, #338, #1655, .T. ) ;
#1580 = LINE ( 'NONE', #1923, #3941 ) ;
#1581 = VERTEX_POINT ( 'NONE', #4159 ) ;
#1582 = CARTESIAN_POINT ( 'NONE',  ( 47.17057966352418674, -38.95109855721010916, 32.50000000000000000 ) ) ;
#1583 = LINE ( 'NONE', #684, #3213 ) ;
#1584 = EDGE_CURVE ( 'NONE', #3716, #245, #1247, .T. ) ;
#1585 = LINE ( 'NONE', #3835, #1606 ) ;
#1586 = EDGE_LOOP ( 'NONE', ( #2121, #207, #191, #1845 ) ) ;
#1587 = EDGE_CURVE ( 'NONE', #863, #923, #606, .T. ) ;
#1588 = CARTESIAN_POINT ( 'NONE',  ( 36.80391159174331506, 4.000000000000021316, 40.00000000000000000 ) ) ;
#1589 = ORIENTED_EDGE ( 'NONE', *, *, #3838, .T. ) ;
#1590 = CARTESIAN_POINT ( 'NONE',  ( 37.64101615137759183, -55.99999999999997868, 40.00000000000000000 ) ) ;
#1591 = VERTEX_POINT ( 'NONE', #65 ) ;
#1592 = FACE_OUTER_BOUND ( 'NONE', #3707, .T. ) ;
#1593 = DIRECTION ( 'NONE',  ( 0.000000000000000000, 1.000000000000000000, -0.000000000000000000 ) ) ;
#1594 = ADVANCED_FACE ( 'NONE', ( #1352 ), #3946, .F. ) ;
#1595 = VECTOR ( 'NONE', #3891, 1000.000000000000000 ) ;
#1596 = VECTOR ( 'NONE', #2765, 1000.000000000000000 ) ;
#1597 = DIRECTION ( 'NONE',  ( -1.000000000000000000, 0.000000000000000000, 0.000000000000000000 ) ) ;
#1598 = EDGE_CURVE ( 'NONE', #1581, #2317, #301, .T. ) ;
#1599 = DIRECTION ( 'NONE',  ( -0.000000000000000000, -1.000000000000000000, -0.000000000000000000 ) ) ;
#1600 = CARTESIAN_POINT ( 'NONE',  ( -35.94999999999998863, -66.00000000000000000, 40.00000000000000000 ) ) ;
#1601 = EDGE_CURVE ( 'NONE', #338, #789, #3756, .T. ) ;
#1602 = CYLINDRICAL_SURFACE ( 'NONE', #3199, 1.700000000000000178 ) ;
#1603 = ORIENTED_EDGE ( 'NONE', *, *, #2830, .F. ) ;
#1604 = DIRECTION ( 'NONE',  ( -1.000000000000000000, 0.000000000000000000, 0.000000000000000000 ) ) ;
#1605 = AXIS2_PLACEMENT_3D ( 'NONE', #2900, #3305, #2597 ) ;
#1606 = VECTOR ( 'NONE', #4194, 1000.000000000000000 ) ;
#1607 = CARTESIAN_POINT ( 'NONE',  ( -64.24871130596434909, -52.00000000000014921, 40.00000000000000000 ) ) ;
#1608 = DIRECTION ( 'NONE',  ( 0.000000000000000000, -0.000000000000000000, -1.000000000000000000 ) ) ;
#1609 = VERTEX_POINT ( 'NONE', #3231 ) ;
#1610 = LINE ( 'NONE', #1588, #3600 ) ;
#1611 = ORIENTED_EDGE ( 'NONE', *, *, #3036, .T. ) ;
#1612 = CARTESIAN_POINT ( 'NONE',  ( 37.64101615137759183, -55.99999999999997868, 40.00000000000000000 ) ) ;
#1613 = ORIENTED_EDGE ( 'NONE', *, *, #3057, .F. ) ;
#1614 = DIRECTION ( 'NONE',  ( -0.000000000000000000, -1.000000000000000000, -0.000000000000000000 ) ) ;
#1615 = DIRECTION ( 'NONE',  ( 0.000000000000000000, -0.000000000000000000, -1.000000000000000000 ) ) ;
#1616 = CARTESIAN_POINT ( 'NONE',  ( 39.96152422706634866, -54.66025403784439618, 7.499999999999991118 ) ) ;
#1617 = CARTESIAN_POINT ( 'NONE',  ( -12.49999999999998401, -65.99999999999998579, 10.49999999999998934 ) ) ;
#1618 = PLANE ( 'NONE',  #3767 ) ;
#1619 = DIRECTION ( 'NONE',  ( 1.000000000000000000, 0.000000000000000000, 0.000000000000000000 ) ) ;
#1620 = ORIENTED_EDGE ( 'NONE', *, *, #6, .F. ) ;
#1621 = DIRECTION ( 'NONE',  ( -1.000000000000000000, 0.000000000000000000, 0.000000000000000000 ) ) ;
#1622 = EDGE_CURVE ( 'NONE', #2421, #3251, #955, .T. ) ;
#1623 = AXIS2_PLACEMENT_3D ( 'NONE', #3397, #2463, #4070 ) ;
#1624 = CARTESIAN_POINT ( 'NONE',  ( -38.46443379049049582, 0.6912469907387249757, 0.000000000000000000 ) ) ;
#1625 = EDGE_LOOP ( 'NONE', ( #1079, #1461 ) ) ;
#1626 = ORIENTED_EDGE ( 'NONE', *, *, #189, .T. ) ;
#1627 = LINE ( 'NONE', #4196, #905 ) ;
#1628 = AXIS2_PLACEMENT_3D ( 'NONE', #240, #1536, #3497 ) ;
#1629 = EDGE_LOOP ( 'NONE', ( #3188, #4010 ) ) ;
#1630 = CARTESIAN_POINT ( 'NONE',  ( 12.49999999999998224, -62.99999999999998579, 7.500000000000000000 ) ) ;
#1631 = ORIENTED_EDGE ( 'NONE', *, *, #410, .F. ) ;
#1632 = EDGE_CURVE ( 'NONE', #777, #1122, #2554, .T. ) ;
#1633 = VERTEX_POINT ( 'NONE', #590 ) ;
#1634 = CARTESIAN_POINT ( 'NONE',  ( 50.00000000000000711, -1.056984534117422618E-14, 40.00000000000000000 ) ) ;
#1635 = CARTESIAN_POINT ( 'NONE',  ( 34.96152422706639840, -45.99999999999997868, 7.499999999999992895 ) ) ;
#1636 = EDGE_CURVE ( 'NONE', #1408, #2067, #936, .T. ) ;
#1637 = ADVANCED_FACE ( 'NONE', ( #1592 ), #3598, .T. ) ;
#1638 = AXIS2_PLACEMENT_3D ( 'NONE', #2858, #1212, #3786 ) ;
#1639 = ORIENTED_EDGE ( 'NONE', *, *, #845, .T. ) ;
#1640 = EDGE_CURVE ( 'NONE', #2963, #2184, #3971, .T. ) ;
#1641 = CARTESIAN_POINT ( 'NONE',  ( 33.10186074811246471, 4.000000000000020428, 7.500000000000000000 ) ) ;
#1642 = DIRECTION ( 'NONE',  ( 0.8660254037844418162, -0.4999999999999945599, 0.000000000000000000 ) ) ;
#1643 = LINE ( 'NONE', #2879, #1595 ) ;
#1644 = ORIENTED_EDGE ( 'NONE', *, *, #4026, .F. ) ;
#1645 = PLANE ( 'NONE',  #1424 ) ;
#1646 = AXIS2_PLACEMENT_3D ( 'NONE', #1479, #521, #4066 ) ;
#1647 = DIRECTION ( 'NONE',  ( -0.000000000000000000, -1.000000000000000000, -0.000000000000000000 ) ) ;
#1648 = EDGE_CURVE ( 'NONE', #447, #1952, #672, .T. ) ;
#1649 = DIRECTION ( 'NONE',  ( 0.000000000000000000, 1.000000000000000000, 0.000000000000000000 ) ) ;
#1650 = CIRCLE ( 'NONE', #1168, 5.999999999999998224 ) ;
#1651 = EDGE_LOOP ( 'NONE', ( #1821, #3798, #3735, #166 ) ) ;
#1652 = CARTESIAN_POINT ( 'NONE',  ( 80.00000000000000000, 9.999999999999994671, 7.500000000000000000 ) ) ;
#1653 = CIRCLE ( 'NONE', #3145, 4.049999999999998046 ) ;
#1654 = EDGE_CURVE ( 'NONE', #1202, #3339, #3845, .T. ) ;
#1655 = LINE ( 'NONE', #690, #1380 ) ;
#1656 = AXIS2_PLACEMENT_3D ( 'NONE', #3550, #3571, #933 ) ;
#1657 = ORIENTED_EDGE ( 'NONE', *, *, #1548, .F. ) ;
#1658 = ORIENTED_EDGE ( 'NONE', *, *, #3002, .T. ) ;
#1659 = DIRECTION ( 'NONE',  ( 0.000000000000000000, -0.000000000000000000, -1.000000000000000000 ) ) ;
#1660 = DIRECTION ( 'NONE',  ( 0.000000000000000000, 0.000000000000000000, 1.000000000000000000 ) ) ;
#1661 = EDGE_LOOP ( 'NONE', ( #2593, #2462, #2915, #1677 ) ) ;
#1662 = DIRECTION ( 'NONE',  ( 1.000000000000000000, 0.000000000000000000, 0.000000000000000000 ) ) ;
#1663 = DIRECTION ( 'NONE',  ( 0.000000000000000000, 0.000000000000000000, 1.000000000000000000 ) ) ;
#1664 = LINE ( 'NONE', #3646, #3979 ) ;
#1665 = DATE_AND_TIME ( #1982, #2351 ) ;
#1666 = CARTESIAN_POINT ( 'NONE',  ( -36.80391159174330085, 4.000000000000012434, 32.50000000000000000 ) ) ;
#1667 = ORIENTED_EDGE ( 'NONE', *, *, #3547, .F. ) ;
#1668 = PLANE ( 'NONE',  #1764 ) ;
#1669 =( GEOMETRIC_REPRESENTATION_CONTEXT ( 3 ) GLOBAL_UNCERTAINTY_ASSIGNED_CONTEXT ( ( #2454 ) ) GLOBAL_UNIT_ASSIGNED_CONTEXT ( ( #3683, #2046, #2732 ) ) REPRESENTATION_CONTEXT ( 'NONE', 'WORKASPACE' ) );
#1670 = CARTESIAN_POINT ( 'NONE',  ( -39.99999999999998579, -66.00000000000000000, 40.00000000000000000 ) ) ;
#1671 = DIRECTION ( 'NONE',  ( -0.000000000000000000, -1.000000000000000000, 0.000000000000000000 ) ) ;
#1672 = ORIENTED_EDGE ( 'NONE', *, *, #3271, .T. ) ;
#1673 = FACE_BOUND ( 'NONE', #186, .T. ) ;
#1674 = DIRECTION ( 'NONE',  ( 0.8660254037844412611, 0.4999999999999953371, -0.000000000000000000 ) ) ;
#1675 = ORIENTED_EDGE ( 'NONE', *, *, #3454, .T. ) ;
#1676 = AXIS2_PLACEMENT_3D ( 'NONE', #1347, #2334, #3940 ) ;
#1677 = ORIENTED_EDGE ( 'NONE', *, *, #1935, .T. ) ;
#1678 = DIRECTION ( 'NONE',  ( 1.000000000000000000, 0.000000000000000000, 0.000000000000000000 ) ) ;
#1679 = EDGE_CURVE ( 'NONE', #3883, #954, #2138, .T. ) ;
#1680 = CARTESIAN_POINT ( 'NONE',  ( -49.99999999999999289, -1.896457015753269829E-14, 7.500000000000000000 ) ) ;
#1681 = CIRCLE ( 'NONE', #3916, 10.00000000000000178 ) ;
#1682 = ORIENTED_EDGE ( 'NONE', *, *, #522, .T. ) ;
#1683 = CYLINDRICAL_SURFACE ( 'NONE', #3951, 1.700000000000000178 ) ;
#1684 = CARTESIAN_POINT ( 'NONE',  ( -74.83183426055224174, -51.84837922897456508, 7.499999999999992895 ) ) ;
#1685 = PERSON_AND_ORGANIZATION_ROLE ( 'design_owner' ) ;
#1686 = DIRECTION ( 'NONE',  ( 0.000000000000000000, 0.000000000000000000, 1.000000000000000000 ) ) ;
#1687 = ADVANCED_FACE ( 'NONE', ( #27 ), #3212, .F. ) ;
#1688 = ORIENTED_EDGE ( 'NONE', *, *, #1156, .F. ) ;
#1689 = CARTESIAN_POINT ( 'NONE',  ( 47.17057966352418674, -38.95109855721010916, 40.00000000000000000 ) ) ;
#1690 = DIRECTION ( 'NONE',  ( -1.000000000000000000, 0.000000000000000000, 0.000000000000000000 ) ) ;
#1691 = DIRECTION ( 'NONE',  ( -0.000000000000000000, -0.000000000000000000, 1.000000000000000000 ) ) ;
#1692 = EDGE_CURVE ( 'NONE', #1906, #3358, #3573, .T. ) ;
#1693 = ORIENTED_EDGE ( 'NONE', *, *, #3376, .T. ) ;
#1694 = AXIS2_PLACEMENT_3D ( 'NONE', #4170, #1900, #3829 ) ;
#1695 = FACE_OUTER_BOUND ( 'NONE', #383, .T. ) ;
#1696 = VERTEX_POINT ( 'NONE', #342 ) ;
#1697 = ORIENTED_EDGE ( 'NONE', *, *, #2416, .F. ) ;
#1698 = CARTESIAN_POINT ( 'NONE',  ( -49.99999999999999289, 1.421111387729532716, 40.00000000000000000 ) ) ;
#1699 = CARTESIAN_POINT ( 'NONE',  ( -69.83183426055219911, -60.50863326681898968, 40.00000000000000000 ) ) ;
#1700 = VECTOR ( 'NONE', #2556, 1000.000000000000000 ) ;
#1701 = CARTESIAN_POINT ( 'NONE',  ( 12.49999999999998401, -62.99999999999998579, 29.50000000000000355 ) ) ;
#1702 = ORIENTED_EDGE ( 'NONE', *, *, #2831, .T. ) ;
#1703 = FACE_OUTER_BOUND ( 'NONE', #78, .T. ) ;
#1704 = DIRECTION ( 'NONE',  ( -0.000000000000000000, 1.483645078138058959E-16, -1.000000000000000000 ) ) ;
#1705 = VECTOR ( 'NONE', #2960, 1000.000000000000000 ) ;
#1706 = DATE_TIME_ROLE ( 'classification_date' ) ;
#1707 = AXIS2_PLACEMENT_3D ( 'NONE', #10, #1232, #1662 ) ;
#1708 = PLANE ( 'NONE',  #1499 ) ;
#1709 = ORIENTED_EDGE ( 'NONE', *, *, #3502, .T. ) ;
#1710 = CARTESIAN_POINT ( 'NONE',  ( 40.32050807568879947, -76.00000000000000000, 7.499999999999996447 ) ) ;
#1711 = ADVANCED_FACE ( 'NONE', ( #1890 ), #3189, .F. ) ;
#1712 = PLANE ( 'NONE',  #716 ) ;
#1713 = CARTESIAN_POINT ( 'NONE',  ( 0.000000000000000000, -64.99999999999998579, 20.00000000000000000 ) ) ;
#1714 = VERTEX_POINT ( 'NONE', #1311 ) ;
#1715 = AXIS2_PLACEMENT_3D ( 'NONE', #2864, #907, #2478 ) ;
#1716 = DIRECTION ( 'NONE',  ( 0.000000000000000000, 0.000000000000000000, -1.000000000000000000 ) ) ;
#1717 = CIRCLE ( 'NONE', #3347, 1.700000000000000178 ) ;
#1718 = CIRCLE ( 'NONE', #4088, 1.700000000000000178 ) ;
#1719 = ORIENTED_EDGE ( 'NONE', *, *, #646, .F. ) ;
#1720 = EDGE_CURVE ( 'NONE', #2011, #2059, #3299, .T. ) ;
#1721 = ORIENTED_EDGE ( 'NONE', *, *, #3532, .T. ) ;
#1722 = DIRECTION ( 'NONE',  ( 0.000000000000000000, 0.000000000000000000, -1.000000000000000000 ) ) ;
#1723 = DIRECTION ( 'NONE',  ( 0.000000000000000000, 1.000000000000000000, 0.000000000000000000 ) ) ;
#1724 = ORIENTED_EDGE ( 'NONE', *, *, #1777, .F. ) ;
#1725 = VECTOR ( 'NONE', #3821, 1000.000000000000000 ) ;
#1726 = CARTESIAN_POINT ( 'NONE',  ( 47.17057966352418674, -38.95109855721010916, 0.000000000000000000 ) ) ;
#1727 = EDGE_CURVE ( 'NONE', #4122, #863, #3229, .T. ) ;
#1728 = CARTESIAN_POINT ( 'NONE',  ( -50.63742695762193335, -1.270135603009171499, 32.50000000000000000 ) ) ;
#1729 = DATE_AND_TIME ( #1070, #3832 ) ;
#1730 = CYLINDRICAL_SURFACE ( 'NONE', #1061, 3.400000000000000355 ) ;
#1731 = VERTEX_POINT ( 'NONE', #1041 ) ;
#1732 = LINE ( 'NONE', #143, #893 ) ;
#1733 = EDGE_CURVE ( 'NONE', #2438, #2585, #714, .T. ) ;
#1734 = CARTESIAN_POINT ( 'NONE',  ( 23.00000000000000000, 28.00000000000001066, 30.00000000000000000 ) ) ;
#1735 = CYLINDRICAL_SURFACE ( 'NONE', #1332, 4.049999999999998046 ) ;
#1736 = ORIENTED_EDGE ( 'NONE', *, *, #1747, .T. ) ;
#1737 = CIRCLE ( 'NONE', #2685, 9.999999999999994671 ) ;
#1738 = DIRECTION ( 'NONE',  ( 0.8660254037844414832, 0.4999999999999950595, -0.000000000000000000 ) ) ;
#1739 = AXIS2_PLACEMENT_3D ( 'NONE', #3658, #1997, #1120 ) ;
#1740 = VECTOR ( 'NONE', #3326, 1000.000000000000114 ) ;
#1741 = ORIENTED_EDGE ( 'NONE', *, *, #1587, .T. ) ;
#1742 = VERTEX_POINT ( 'NONE', #2060 ) ;
#1743 = CARTESIAN_POINT ( 'NONE',  ( 73.76945599784905028, -47.36296757774334765, 0.000000000000000000 ) ) ;
#1744 = VERTEX_POINT ( 'NONE', #3618 ) ;
#1745 = CARTESIAN_POINT ( 'NONE',  ( 52.17057966352412990, -47.61135259505451955, 0.000000000000000000 ) ) ;
#1746 = VERTEX_POINT ( 'NONE', #132 ) ;
#1747 = EDGE_CURVE ( 'NONE', #341, #1991, #3769, .T. ) ;
#1748 = DIRECTION ( 'NONE',  ( 1.000000000000000000, 0.000000000000000000, 0.000000000000000000 ) ) ;
#1749 = LINE ( 'NONE', #3385, #973 ) ;
#1750 = ORIENTED_EDGE ( 'NONE', *, *, #2479, .F. ) ;
#1751 = FACE_OUTER_BOUND ( 'NONE', #1205, .T. ) ;
#1752 = CARTESIAN_POINT ( 'NONE',  ( 39.99999999999998579, -66.00000000000000000, 32.50000000000000000 ) ) ;
#1753 = DIRECTION ( 'NONE',  ( 1.000000000000000000, 0.000000000000000000, 0.000000000000000000 ) ) ;
#1754 = VERTEX_POINT ( 'NONE', #2015 ) ;
#1755 = DIRECTION ( 'NONE',  ( -1.000000000000000000, 0.000000000000000000, 0.000000000000000000 ) ) ;
#1756 = EDGE_LOOP ( 'NONE', ( #2746, #1889, #2867, #750 ) ) ;
#1757 = ORIENTED_EDGE ( 'NONE', *, *, #372, .T. ) ;
#1758 = DIRECTION ( 'NONE',  ( 0.000000000000000000, 0.000000000000000000, -1.000000000000000000 ) ) ;
#1759 = CIRCLE ( 'NONE', #4134, 2.999999999999999112 ) ;
#1760 = ORIENTED_EDGE ( 'NONE', *, *, #838, .F. ) ;
#1761 = EDGE_CURVE ( 'NONE', #190, #1731, #3335, .T. ) ;
#1762 = CARTESIAN_POINT ( 'NONE',  ( 25.00000000000000000, 28.00000000000001066, 30.00000000000000000 ) ) ;
#1763 = ORIENTED_EDGE ( 'NONE', *, *, #1859, .F. ) ;
#1764 = AXIS2_PLACEMENT_3D ( 'NONE', #3264, #2964, #58 ) ;
#1765 = CARTESIAN_POINT ( 'NONE',  ( 23.00000000000000000, 30.00000000000001066, 40.00000000000000000 ) ) ;
#1766 = ADVANCED_FACE ( 'NONE', ( #426 ), #3297, .F. ) ;
#1767 = ADVANCED_FACE ( 'NONE', ( #68 ), #3675, .F. ) ;
#1768 = CARTESIAN_POINT ( 'NONE',  ( 56.00000000000000711, 1.421111387729531828, 7.500000000000000000 ) ) ;
#1769 = EDGE_CURVE ( 'NONE', #1775, #2421, #1252, .T. ) ;
#1770 = EDGE_CURVE ( 'NONE', #1390, #19, #2342, .T. ) ;
#1771 = ORIENTED_EDGE ( 'NONE', *, *, #1654, .F. ) ;
#1772 = CARTESIAN_POINT ( 'NONE',  ( -23.00000000000000000, 20.00000000000000711, 10.00000000000000000 ) ) ;
#1773 = CARTESIAN_POINT ( 'NONE',  ( 38.46443379049051714, 0.6912469907387279733, 32.50000000000000000 ) ) ;
#1774 = DIRECTION ( 'NONE',  ( 1.000000000000000000, 0.000000000000000000, 0.000000000000000000 ) ) ;
#1775 = VERTEX_POINT ( 'NONE', #1743 ) ;
#1776 = CARTESIAN_POINT ( 'NONE',  ( 37.64101615137759183, -55.99999999999997868, 40.00000000000000000 ) ) ;
#1777 = EDGE_CURVE ( 'NONE', #1540, #3820, #2701, .T. ) ;
#1778 = ORIENTED_EDGE ( 'NONE', *, *, #4147, .T. ) ;
#1779 = ORIENTED_EDGE ( 'NONE', *, *, #1579, .T. ) ;
#1780 = CARTESIAN_POINT ( 'NONE',  ( 68.29871130596434625, -52.00000000000014921, 40.00000000000000000 ) ) ;
#1781 = EDGE_CURVE ( 'NONE', #1248, #2011, #1060, .T. ) ;
#1782 = ORIENTED_EDGE ( 'NONE', *, *, #3459, .F. ) ;
#1783 = ADVANCED_FACE ( 'NONE', ( #739, #2409 ), #2724, .T. ) ;
#1784 = FACE_OUTER_BOUND ( 'NONE', #4155, .T. ) ;
#1785 = VECTOR ( 'NONE', #1182, 1000.000000000000000 ) ;
#1786 = VERTEX_POINT ( 'NONE', #2385 ) ;
#1787 = CARTESIAN_POINT ( 'NONE',  ( 45.32050807568875683, -74.66025403784441039, 40.00000000000000000 ) ) ;
#1788 = AXIS2_PLACEMENT_3D ( 'NONE', #2970, #2653, #280 ) ;
#1789 = EDGE_LOOP ( 'NONE', ( #4158, #2820, #2188, #3450 ) ) ;
#1790 = LINE ( 'NONE', #2816, #1159 ) ;
#1791 = DIRECTION ( 'NONE',  ( 1.000000000000000000, 0.000000000000000000, 0.000000000000000000 ) ) ;
#1792 = DIRECTION ( 'NONE',  ( -1.000000000000000000, 0.000000000000000000, 0.000000000000000000 ) ) ;
#1793 = EDGE_LOOP ( 'NONE', ( #3745, #1478, #1364, #3445, #3250, #1124, #853, #2425 ) ) ;
#1794 = DIRECTION ( 'NONE',  ( -1.000000000000000000, 0.000000000000000000, 0.000000000000000000 ) ) ;
#1795 = VERTEX_POINT ( 'NONE', #3315 ) ;
#1796 = CIRCLE ( 'NONE', #310, 2.000000000000001776 ) ;
#1797 = ORIENTED_EDGE ( 'NONE', *, *, #89, .T. ) ;
#1798 = FACE_OUTER_BOUND ( 'NONE', #2299, .T. ) ;
#1799 = DIRECTION ( 'NONE',  ( -0.000000000000000000, 1.000000000000000000, -0.000000000000000000 ) ) ;
#1800 = AXIS2_PLACEMENT_3D ( 'NONE', #417, #2989, #3939 ) ;
#1801 = EDGE_LOOP ( 'NONE', ( #2849, #297, #3117, #848 ) ) ;
#1802 = DIRECTION ( 'NONE',  ( 0.000000000000000000, 0.000000000000000000, 1.000000000000000000 ) ) ;
#1803 = ORIENTED_EDGE ( 'NONE', *, *, #1654, .T. ) ;
#1804 = ADVANCED_FACE ( 'NONE', ( #3043 ), #1441, .F. ) ;
#1805 = AXIS2_PLACEMENT_3D ( 'NONE', #1003, #726, #1297 ) ;
#1806 = DIRECTION ( 'NONE',  ( 0.4485411651231172581, 0.8937621737296764790, 0.000000000000000000 ) ) ;
#1807 = VERTEX_POINT ( 'NONE', #3357 ) ;
#1808 = CARTESIAN_POINT ( 'NONE',  ( 0.000000000000000000, -64.99999999999998579, 20.00000000000000000 ) ) ;
#1809 = CARTESIAN_POINT ( 'NONE',  ( -15.50000000000000711, 30.00000000000001421, 2.800000000000000266 ) ) ;
#1810 = CARTESIAN_POINT ( 'NONE',  ( -39.96152422706634866, -54.66025403784441750, 32.50000000000000000 ) ) ;
#1811 = EDGE_CURVE ( 'NONE', #316, #3251, #1355, .T. ) ;
#1812 = CYLINDRICAL_SURFACE ( 'NONE', #1144, 11.00000000000000000 ) ;
#1813 = EDGE_LOOP ( 'NONE', ( #627, #2726 ) ) ;
#1814 = CARTESIAN_POINT ( 'NONE',  ( 35.94999999999998863, -66.00000000000000000, 32.50000000000000000 ) ) ;
#1815 = EDGE_CURVE ( 'NONE', #170, #1952, #1324, .T. ) ;
#1816 = EDGE_CURVE ( 'NONE', #4060, #1293, #3377, .T. ) ;
#1817 = ORIENTED_EDGE ( 'NONE', *, *, #405, .T. ) ;
#1818 = ORIENTED_EDGE ( 'NONE', *, *, #755, .F. ) ;
#1819 = CARTESIAN_POINT ( 'NONE',  ( -64.24871130596434909, -52.00000000000014921, 0.000000000000000000 ) ) ;
#1820 = CARTESIAN_POINT ( 'NONE',  ( -23.00000000000000000, 20.00000000000000711, 10.00000000000000000 ) ) ;
#1821 = ORIENTED_EDGE ( 'NONE', *, *, #1467, .F. ) ;
#1822 = DIRECTION ( 'NONE',  ( -0.000000000000000000, -1.000000000000000000, -0.000000000000000000 ) ) ;
#1823 = ORIENTED_EDGE ( 'NONE', *, *, #1747, .F. ) ;
#1824 = VECTOR ( 'NONE', #3432, 1000.000000000000000 ) ;
#1825 = CARTESIAN_POINT ( 'NONE',  ( 15.50000000000000000, 34.00000000000000000, 35.50000000000000711 ) ) ;
#1826 = CIRCLE ( 'NONE', #479, 11.00000000000000000 ) ;
#1827 = VERTEX_POINT ( 'NONE', #3061 ) ;
#1828 = CARTESIAN_POINT ( 'NONE',  ( 23.00000000000000000, 28.00000000000001066, 10.00000000000000000 ) ) ;
#1829 = DIRECTION ( 'NONE',  ( 0.000000000000000000, 0.000000000000000000, -1.000000000000000000 ) ) ;
#1830 = LINE ( 'NONE', #1810, #2481 ) ;
#1831 = CARTESIAN_POINT ( 'NONE',  ( 25.00000000000000000, 22.00000000000000711, 10.00000000000000000 ) ) ;
#1832 = ORIENTED_EDGE ( 'NONE', *, *, #3858, .F. ) ;
#1833 = DIRECTION ( 'NONE',  ( 1.000000000000000000, 0.000000000000000000, 0.000000000000000000 ) ) ;
#1834 = ORIENTED_EDGE ( 'NONE', *, *, #1492, .T. ) ;
#1835 = VECTOR ( 'NONE', #1555, 1000.000000000000227 ) ;
#1836 = ORIENTED_EDGE ( 'NONE', *, *, #1277, .T. ) ;
#1837 = DIRECTION ( 'NONE',  ( -1.000000000000000000, 2.775557561562890957E-15, 0.000000000000000000 ) ) ;
#1838 = DIRECTION ( 'NONE',  ( -0.000000000000000000, -0.000000000000000000, 1.000000000000000000 ) ) ;
#1839 = DIRECTION ( 'NONE',  ( -0.000000000000000000, -0.000000000000000000, 1.000000000000000000 ) ) ;
#1840 = ORIENTED_EDGE ( 'NONE', *, *, #667, .F. ) ;
#1841 = EDGE_CURVE ( 'NONE', #797, #2270, #525, .T. ) ;
#1842 = DIRECTION ( 'NONE',  ( -0.000000000000000000, -0.000000000000000000, 1.000000000000000000 ) ) ;
#1843 = DIRECTION ( 'NONE',  ( -0.000000000000000000, -0.000000000000000000, 1.000000000000000000 ) ) ;
#1844 = DIRECTION ( 'NONE',  ( -0.000000000000000000, -0.000000000000000000, 1.000000000000000000 ) ) ;
#1845 = ORIENTED_EDGE ( 'NONE', *, *, #2965, .F. ) ;
#1846 = VECTOR ( 'NONE', #2034, 1000.000000000000000 ) ;
#1847 = DIRECTION ( 'NONE',  ( 0.8937621737296764790, -0.4485411651231172581, 0.000000000000000000 ) ) ;
#1848 = AXIS2_PLACEMENT_3D ( 'NONE', #2160, #1839, #209 ) ;
#1849 = ORIENTED_EDGE ( 'NONE', *, *, #1761, .F. ) ;
#1850 = AXIS2_PLACEMENT_3D ( 'NONE', #474, #3048, #2415 ) ;
#1851 = LINE ( 'NONE', #1150, #1567 ) ;
#1852 = FACE_OUTER_BOUND ( 'NONE', #1450, .T. ) ;
#1853 = DIRECTION ( 'NONE',  ( -1.000000000000000000, -1.613696256722611405E-16, 0.000000000000000000 ) ) ;
#1854 = DIRECTION ( 'NONE',  ( -0.000000000000000000, -1.000000000000000000, -0.000000000000000000 ) ) ;
#1855 = CARTESIAN_POINT ( 'NONE',  ( 64.24871130596434909, -52.00000000000014921, 7.499999999999992895 ) ) ;
#1856 = ORIENTED_EDGE ( 'NONE', *, *, #1950, .T. ) ;
#1857 = CARTESIAN_POINT ( 'NONE',  ( -11.00000000000001243, 33.99999999999998579, 20.00000000000000000 ) ) ;
#1858 = EDGE_CURVE ( 'NONE', #1266, #2468, #2504, .T. ) ;
#1859 = EDGE_CURVE ( 'NONE', #3564, #1442, #2426, .T. ) ;
#1860 = ORIENTED_EDGE ( 'NONE', *, *, #1548, .T. ) ;
#1861 = ORIENTED_EDGE ( 'NONE', *, *, #3709, .T. ) ;
#1862 = FACE_OUTER_BOUND ( 'NONE', #116, .T. ) ;
#1863 = CARTESIAN_POINT ( 'NONE',  ( -25.00000000000000000, 22.00000000000000711, 10.00000000000000000 ) ) ;
#1864 = ORIENTED_EDGE ( 'NONE', *, *, #2364, .T. ) ;
#1865 = DIRECTION ( 'NONE',  ( 0.000000000000000000, 0.000000000000000000, -1.000000000000000000 ) ) ;
#1866 = ADVANCED_FACE ( 'NONE', ( #1798 ), #3797, .F. ) ;
#1867 = DIRECTION ( 'NONE',  ( 0.000000000000000000, 0.000000000000000000, -1.000000000000000000 ) ) ;
#1868 = ORIENTED_EDGE ( 'NONE', *, *, #3422, .T. ) ;
#1869 = AXIS2_PLACEMENT_3D ( 'NONE', #3132, #220, #2497 ) ;
#1870 = VECTOR ( 'NONE', #3969, 1000.000000000000000 ) ;
#1871 = PLANE ( 'NONE',  #1563 ) ;
#1872 = ADVANCED_FACE ( 'NONE', ( #1138 ), #192, .T. ) ;
#1873 = ORIENTED_EDGE ( 'NONE', *, *, #2219, .F. ) ;
#1874 = CARTESIAN_POINT ( 'NONE',  ( 50.00000000000000711, -1.056984534117422618E-14, 0.000000000000000000 ) ) ;
#1875 = CYLINDRICAL_SURFACE ( 'NONE', #3929, 10.00000000000000178 ) ;
#1876 = DIRECTION ( 'NONE',  ( 0.000000000000000000, 0.000000000000000000, -1.000000000000000000 ) ) ;
#1877 = FACE_OUTER_BOUND ( 'NONE', #994, .T. ) ;
#1878 = DIRECTION ( 'NONE',  ( 0.000000000000000000, 0.000000000000000000, -1.000000000000000000 ) ) ;
#1879 = AXIS2_PLACEMENT_3D ( 'NONE', #4086, #2799, #201 ) ;
#1880 = EDGE_LOOP ( 'NONE', ( #3816, #3089, #2032, #2487 ) ) ;
#1881 = DIRECTION ( 'NONE',  ( 1.000000000000000000, 0.000000000000000000, 0.000000000000000000 ) ) ;
#1882 = VECTOR ( 'NONE', #2369, 1000.000000000000000 ) ;
#1883 = EDGE_LOOP ( 'NONE', ( #256, #831, #3267, #974 ) ) ;
#1884 = ORIENTED_EDGE ( 'NONE', *, *, #2080, .T. ) ;
#1885 = VECTOR ( 'NONE', #2253, 1000.000000000000000 ) ;
#1886 = ORIENTED_EDGE ( 'NONE', *, *, #3602, .T. ) ;
#1887 = DIRECTION ( 'NONE',  ( -0.000000000000000000, 0.000000000000000000, 1.000000000000000000 ) ) ;
#1888 = VERTEX_POINT ( 'NONE', #1204 ) ;
#1889 = ORIENTED_EDGE ( 'NONE', *, *, #956, .F. ) ;
#1890 = FACE_OUTER_BOUND ( 'NONE', #3782, .T. ) ;
#1891 = ADVANCED_FACE ( 'NONE', ( #208 ), #4052, .F. ) ;
#1892 = CYLINDRICAL_SURFACE ( 'NONE', #1481, 4.049999999999998046 ) ;
#1893 = VECTOR ( 'NONE', #2217, 1000.000000000000000 ) ;
#1894 = CARTESIAN_POINT ( 'NONE',  ( 12.49999999999998224, -46.00000000000000000, 7.500000000000000000 ) ) ;
#1895 = EDGE_CURVE ( 'NONE', #2741, #2156, #2354, .T. ) ;
#1896 = CARTESIAN_POINT ( 'NONE',  ( -15.50000000000000711, 34.00000000000000711, 37.20000000000000284 ) ) ;
#1897 = VECTOR ( 'NONE', #2868, 1000.000000000000000 ) ;
#1898 = DIRECTION ( 'NONE',  ( 0.000000000000000000, 0.000000000000000000, -1.000000000000000000 ) ) ;
#1899 = EDGE_CURVE ( 'NONE', #4075, #3301, #1483, .T. ) ;
#1900 = DIRECTION ( 'NONE',  ( 0.000000000000000000, 0.000000000000000000, -1.000000000000000000 ) ) ;
#1901 = ORIENTED_EDGE ( 'NONE', *, *, #1284, .T. ) ;
#1902 = CARTESIAN_POINT ( 'NONE',  ( -52.17057966352410858, -47.61135259505457640, 40.00000000000000000 ) ) ;
#1903 = AXIS2_PLACEMENT_3D ( 'NONE', #1768, #1704, #3662 ) ;
#1904 = LINE ( 'NONE', #3898, #94 ) ;
#1905 = CARTESIAN_POINT ( 'NONE',  ( 57.17057966352418674, -38.95109855721010916, 40.00000000000000000 ) ) ;
#1906 = VERTEX_POINT ( 'NONE', #3102 ) ;
#1907 = CARTESIAN_POINT ( 'NONE',  ( 50.63742695762195467, -1.270135603009172609, 0.000000000000000000 ) ) ;
#1908 = DIRECTION ( 'NONE',  ( -0.000000000000000000, -0.000000000000000000, 1.000000000000000000 ) ) ;
#1909 = EDGE_CURVE ( 'NONE', #836, #23, #2139, .T. ) ;
#1910 = CIRCLE ( 'NONE', #818, 6.000000000000000000 ) ;
#1911 = VECTOR ( 'NONE', #1534, 1000.000000000000000 ) ;
#1912 = ORIENTED_EDGE ( 'NONE', *, *, #1296, .T. ) ;
#1913 = CARTESIAN_POINT ( 'NONE',  ( 78.00000000000001421, -55.79274057836332901, 40.00000000000000000 ) ) ;
#1914 = ORIENTED_EDGE ( 'NONE', *, *, #184, .F. ) ;
#1915 = CARTESIAN_POINT ( 'NONE',  ( -45.32050807568871420, -74.66025403784442460, 40.00000000000000000 ) ) ;
#1916 = ADVANCED_FACE ( 'NONE', ( #2485, #841 ), #2825, .T. ) ;
#1917 = EDGE_CURVE ( 'NONE', #772, #2829, #1146, .T. ) ;
#1918 = PLANE ( 'NONE',  #794 ) ;
#1919 = CIRCLE ( 'NONE', #2185, 6.999999999999999112 ) ;
#1920 = LINE ( 'NONE', #2899, #3742 ) ;
#1921 = AXIS2_PLACEMENT_3D ( 'NONE', #4150, #3501, #1794 ) ;
#1922 = DIRECTION ( 'NONE',  ( -0.000000000000000000, -0.000000000000000000, 1.000000000000000000 ) ) ;
#1923 = CARTESIAN_POINT ( 'NONE',  ( -15.50000000000000711, 30.00000000000001421, 33.80000000000000426 ) ) ;
#1924 = ORIENTED_EDGE ( 'NONE', *, *, #1319, .F. ) ;
#1925 = CARTESIAN_POINT ( 'NONE',  ( -50.63742695762193335, -1.270135603009171943, 0.000000000000000000 ) ) ;
#1926 = FACE_OUTER_BOUND ( 'NONE', #2176, .T. ) ;
#1927 = ORIENTED_EDGE ( 'NONE', *, *, #3897, .F. ) ;
#1928 = CIRCLE ( 'NONE', #4029, 9.999999999999994671 ) ;
#1929 = ORIENTED_EDGE ( 'NONE', *, *, #2029, .F. ) ;
#1930 = ORIENTED_EDGE ( 'NONE', *, *, #2074, .F. ) ;
#1931 = DIRECTION ( 'NONE',  ( -0.000000000000000000, 0.000000000000000000, 1.000000000000000000 ) ) ;
#1932 = ORIENTED_EDGE ( 'NONE', *, *, #882, .F. ) ;
#1933 = DIRECTION ( 'NONE',  ( -0.8660254037844414832, -0.4999999999999950595, 0.000000000000000000 ) ) ;
#1934 = CARTESIAN_POINT ( 'NONE',  ( 15.50000000000000000, 30.00000000000000711, 4.500000000000000888 ) ) ;
#1935 = EDGE_CURVE ( 'NONE', #2723, #3988, #3420, .T. ) ;
#1936 = AXIS2_PLACEMENT_3D ( 'NONE', #164, #1452, #3433 ) ;
#1937 = LINE ( 'NONE', #3280, #2797 ) ;
#1938 = FACE_OUTER_BOUND ( 'NONE', #2812, .T. ) ;
#1939 = VECTOR ( 'NONE', #3091, 1000.000000000000000 ) ;
#1940 = DIRECTION ( 'NONE',  ( 0.4485411651231172581, 0.8937621737296764790, 0.000000000000000000 ) ) ;
#1941 = DIRECTION ( 'NONE',  ( -0.000000000000000000, -1.000000000000000000, -0.000000000000000000 ) ) ;
#1942 = ORIENTED_EDGE ( 'NONE', *, *, #4192, .T. ) ;
#1943 = LINE ( 'NONE', #1925, #2313 ) ;
#1944 = CIRCLE ( 'NONE', #2897, 4.049999999999998046 ) ;
#1945 = EDGE_CURVE ( 'NONE', #2954, #571, #3118, .T. ) ;
#1946 = CARTESIAN_POINT ( 'NONE',  ( 12.49999999999998224, -46.00000000000000000, 32.50000000000000000 ) ) ;
#1947 = ORIENTED_EDGE ( 'NONE', *, *, #1601, .T. ) ;
#1948 = EDGE_LOOP ( 'NONE', ( #2197, #4190, #2998, #2278 ) ) ;
#1949 = DIRECTION ( 'NONE',  ( 0.000000000000000000, -1.483645078138058959E-16, 1.000000000000000000 ) ) ;
#1950 = EDGE_CURVE ( 'NONE', #2628, #2723, #72, .T. ) ;
#1951 = EDGE_CURVE ( 'NONE', #489, #2177, #3257, .T. ) ;
#1952 = VERTEX_POINT ( 'NONE', #3485 ) ;
#1953 = CARTESIAN_POINT ( 'NONE',  ( 4.898587196589412829E-16, -65.99999999999998579, 24.00000000000000000 ) ) ;
#1954 = ORIENTED_EDGE ( 'NONE', *, *, #573, .F. ) ;
#1955 = ADVANCED_FACE ( 'NONE', ( #1862 ), #3164, .F. ) ;
#1956 = VERTEX_POINT ( 'NONE', #4136 ) ;
#1957 = CARTESIAN_POINT ( 'NONE',  ( 44.04999999999998295, -66.00000000000000000, 40.00000000000000000 ) ) ;
#1958 = DIRECTION ( 'NONE',  ( 0.000000000000000000, 0.000000000000000000, -1.000000000000000000 ) ) ;
#1959 = ORIENTED_EDGE ( 'NONE', *, *, #3935, .T. ) ;
#1960 = DIRECTION ( 'NONE',  ( 1.000000000000000000, 0.000000000000000000, 0.000000000000000000 ) ) ;
#1961 = CARTESIAN_POINT ( 'NONE',  ( -1.380839886877538447E-14, 33.99999999999998579, 20.00000000000000000 ) ) ;
#1962 = CARTESIAN_POINT ( 'NONE',  ( 0.000000000000000000, -65.99999999999998579, 20.00000000000000000 ) ) ;
#1963 = DIRECTION ( 'NONE',  ( -1.000000000000000000, 0.000000000000000000, 0.000000000000000000 ) ) ;
#1964 = VERTEX_POINT ( 'NONE', #3506 ) ;
#1965 = DIRECTION ( 'NONE',  ( 0.000000000000000000, -1.000000000000000000, -1.483645078138058959E-16 ) ) ;
#1966 = EDGE_CURVE ( 'NONE', #2661, #2330, #2203, .T. ) ;
#1967 = DIRECTION ( 'NONE',  ( -1.387778780781445922E-16, 1.000000000000000000, -0.000000000000000000 ) ) ;
#1968 = FACE_OUTER_BOUND ( 'NONE', #4092, .T. ) ;
#1969 = ORIENTED_EDGE ( 'NONE', *, *, #4124, .T. ) ;
#1970 = CARTESIAN_POINT ( 'NONE',  ( 50.00000000000000711, 1.421111387729529385, 32.50000000000000000 ) ) ;
#1971 = CIRCLE ( 'NONE', #4004, 2.000000000000001776 ) ;
#1972 = CARTESIAN_POINT ( 'NONE',  ( 49.99999999999999289, 33.99999999999999289, 40.00000000000000000 ) ) ;
#1973 = EDGE_LOOP ( 'NONE', ( #3075, #964, #3291, #4149 ) ) ;
#1974 = VERTEX_POINT ( 'NONE', #950 ) ;
#1975 = CARTESIAN_POINT ( 'NONE',  ( -60.33874540297188815, -42.89545990659898678, 32.50000000000000000 ) ) ;
#1976 = AXIS2_PLACEMENT_3D ( 'NONE', #635, #2300, #1597 ) ;
#1977 = CARTESIAN_POINT ( 'NONE',  ( 0.000000000000000000, -64.99999999999998579, 13.00000000000000000 ) ) ;
#1978 = CIRCLE ( 'NONE', #541, 11.00000000000000000 ) ;
#1979 = ORIENTED_EDGE ( 'NONE', *, *, #1320, .T. ) ;
#1980 = DIRECTION ( 'NONE',  ( -1.000000000000000000, 0.000000000000000000, 0.000000000000000000 ) ) ;
#1981 = DIRECTION ( 'NONE',  ( 0.000000000000000000, 0.000000000000000000, -1.000000000000000000 ) ) ;
#1982 = CALENDAR_DATE ( 2026, 8, 8 ) ;
#1983 = VECTOR ( 'NONE', #3964, 1000.000000000000000 ) ;
#1984 = LINE ( 'NONE', #4000, #2696 ) ;
#1985 = VERTEX_POINT ( 'NONE', #4180 ) ;
#1986 = CARTESIAN_POINT ( 'NONE',  ( 60.19871130596435194, -52.00000000000014921, 40.00000000000000000 ) ) ;
#1987 = CIRCLE ( 'NONE', #1921, 10.00000000000000178 ) ;
#1988 = FACE_OUTER_BOUND ( 'NONE', #3724, .T. ) ;
#1989 = CARTESIAN_POINT ( 'NONE',  ( -49.99999999999999289, 33.99999999999997868, 40.00000000000000000 ) ) ;
#1990 = AXIS2_PLACEMENT_3D ( 'NONE', #3944, #666, #3247 ) ;
#1991 = VERTEX_POINT ( 'NONE', #273 ) ;
#1992 = CARTESIAN_POINT ( 'NONE',  ( -39.96152422706634866, -54.66025403784442460, 7.499999999999991118 ) ) ;
#1993 = EDGE_CURVE ( 'NONE', #2923, #1095, #628, .T. ) ;
#1994 = PLANE ( 'NONE',  #3423 ) ;
#1995 = ORIENTED_EDGE ( 'NONE', *, *, #3276, .F. ) ;
#1996 = EDGE_LOOP ( 'NONE', ( #1550, #4072, #3738, #443, #1059, #949, #799, #3418 ) ) ;
#1997 = DIRECTION ( 'NONE',  ( -0.000000000000000000, 0.000000000000000000, 1.000000000000000000 ) ) ;
#1998 = EDGE_CURVE ( 'NONE', #2954, #4114, #2245, .T. ) ;
#1999 = DIRECTION ( 'NONE',  ( -0.4485411651231172581, -0.8937621737296764790, -1.326025850080007290E-16 ) ) ;
#2000 = ORIENTED_EDGE ( 'NONE', *, *, #1522, .F. ) ;
#2001 = DIRECTION ( 'NONE',  ( 0.000000000000000000, 1.000000000000000000, 0.000000000000000000 ) ) ;
#2002 = ADVANCED_FACE ( 'NONE', ( #2549 ), #3840, .F. ) ;
#2003 = DIRECTION ( 'NONE',  ( 0.4999999999999943934, 0.8660254037844419273, -0.000000000000000000 ) ) ;
#2004 = VECTOR ( 'NONE', #3583, 1000.000000000000000 ) ;
#2005 = DIRECTION ( 'NONE',  ( -0.000000000000000000, -0.000000000000000000, 1.000000000000000000 ) ) ;
#2006 = ORIENTED_EDGE ( 'NONE', *, *, #2889, .F. ) ;
#2007 = CARTESIAN_POINT ( 'NONE',  ( -49.99999999999999289, 33.99999999999997868, 0.000000000000000000 ) ) ;
#2008 = CIRCLE ( 'NONE', #315, 5.999999999999998224 ) ;
#2009 = CARTESIAN_POINT ( 'NONE',  ( 56.00000000000000711, 1.421111387729531828, 32.50000000000000000 ) ) ;
#2010 = CARTESIAN_POINT ( 'NONE',  ( 25.00000000000000000, 30.00000000000001066, 30.00000000000000000 ) ) ;
#2011 = VERTEX_POINT ( 'NONE', #328 ) ;
#2012 = CYLINDRICAL_SURFACE ( 'NONE', #2057, 1.700000000000000178 ) ;
#2013 = ORIENTED_EDGE ( 'NONE', *, *, #3935, .F. ) ;
#2014 = ORIENTED_EDGE ( 'NONE', *, *, #176, .T. ) ;
#2015 = CARTESIAN_POINT ( 'NONE',  ( 25.00000000000000000, 22.00000000000000711, 0.000000000000000000 ) ) ;
#2016 = ORIENTED_EDGE ( 'NONE', *, *, #1632, .F. ) ;
#2017 = DIRECTION ( 'NONE',  ( -1.000000000000000000, 0.000000000000000000, 0.000000000000000000 ) ) ;
#2018 = VERTEX_POINT ( 'NONE', #2918 ) ;
#2019 = EDGE_CURVE ( 'NONE', #1991, #2700, #2301, .T. ) ;
#2020 = CARTESIAN_POINT ( 'NONE',  ( 78.00000000000001421, -55.79274057836332901, 32.50000000000000000 ) ) ;
#2021 = DIRECTION ( 'NONE',  ( 1.000000000000000000, 0.000000000000000000, 0.000000000000000000 ) ) ;
#2022 = CARTESIAN_POINT ( 'NONE',  ( -45.32050807568871420, -74.66025403784442460, 0.000000000000000000 ) ) ;
#2023 = PERSON_AND_ORGANIZATION_ROLE ( 'creator' ) ;
#2024 = AXIS2_PLACEMENT_3D ( 'NONE', #2935, #47, #1312 ) ;
#2025 = DIRECTION ( 'NONE',  ( 0.4999999999999945599, 0.8660254037844418162, -0.000000000000000000 ) ) ;
#2026 = CARTESIAN_POINT ( 'NONE',  ( 57.17057966352418674, -38.95109855721010916, 32.50000000000000000 ) ) ;
#2027 = ORIENTED_EDGE ( 'NONE', *, *, #2082, .T. ) ;
#2028 = DIRECTION ( 'NONE',  ( -1.000000000000000000, -3.686879161817355883E-16, 0.000000000000000000 ) ) ;
#2029 = EDGE_CURVE ( 'NONE', #1754, #338, #3913, .T. ) ;
#2030 = DIRECTION ( 'NONE',  ( -0.000000000000000000, 0.000000000000000000, 1.000000000000000000 ) ) ;
#2031 = DIRECTION ( 'NONE',  ( -0.000000000000000000, 0.000000000000000000, 1.000000000000000000 ) ) ;
#2032 = ORIENTED_EDGE ( 'NONE', *, *, #1917, .T. ) ;
#2033 = VERTEX_POINT ( 'NONE', #1616 ) ;
#2034 = DIRECTION ( 'NONE',  ( 0.000000000000000000, 0.000000000000000000, -1.000000000000000000 ) ) ;
#2035 = ORIENTED_EDGE ( 'NONE', *, *, #1587, .F. ) ;
#2036 = EDGE_LOOP ( 'NONE', ( #468, #1263, #3460, #951 ) ) ;
#2037 = CARTESIAN_POINT ( 'NONE',  ( -4.718447854656914508E-15, 33.99999999999998579, 20.00000000000000000 ) ) ;
#2038 = EDGE_CURVE ( 'NONE', #2490, #507, #3794, .T. ) ;
#2039 = DIRECTION ( 'NONE',  ( 1.000000000000000000, 0.000000000000000000, 0.000000000000000000 ) ) ;
#2040 = ORIENTED_EDGE ( 'NONE', *, *, #3502, .F. ) ;
#2041 = EDGE_CURVE ( 'NONE', #3456, #447, #1215, .T. ) ;
#2042 = CARTESIAN_POINT ( 'NONE',  ( 15.50000000000000000, 30.00000000000000711, 35.50000000000000711 ) ) ;
#2043 = CARTESIAN_POINT ( 'NONE',  ( 0.000000000000000000, -65.99999999999998579, 16.00000000000000000 ) ) ;
#2044 = CARTESIAN_POINT ( 'NONE',  ( 0.000000000000000000, 30.00000000000001066, 10.00000000000000000 ) ) ;
#2045 = AXIS2_PLACEMENT_3D ( 'NONE', #3539, #1236, #596 ) ;
#2046 =( NAMED_UNIT ( * ) PLANE_ANGLE_UNIT ( ) SI_UNIT ( $, .RADIAN. ) );
#2047 = VECTOR ( 'NONE', #3559, 1000.000000000000000 ) ;
#2048 = DIRECTION ( 'NONE',  ( 0.4485411651231172581, 0.8937621737296764790, 0.000000000000000000 ) ) ;
#2049 = ORIENTED_EDGE ( 'NONE', *, *, #103, .T. ) ;
#2050 = CARTESIAN_POINT ( 'NONE',  ( 33.10186074811246471, -1.999999999999979572, 40.00000000000000000 ) ) ;
#2051 = CARTESIAN_POINT ( 'NONE',  ( -25.00000000000000000, 30.00000000000001421, 10.00000000000000000 ) ) ;
#2052 = CARTESIAN_POINT ( 'NONE',  ( 36.80391159174331506, 4.000000000000021316, 7.500000000000000000 ) ) ;
#2053 = ORIENTED_EDGE ( 'NONE', *, *, #2471, .T. ) ;
#2054 = CIRCLE ( 'NONE', #2328, 10.00000000000000178 ) ;
#2055 = EDGE_LOOP ( 'NONE', ( #1508, #3785, #3710, #2987, #543, #2389 ) ) ;
#2056 = CARTESIAN_POINT ( 'NONE',  ( -52.17057966352410858, -47.61135259505457640, 32.50000000000000000 ) ) ;
#2057 = AXIS2_PLACEMENT_3D ( 'NONE', #359, #21, #1306 ) ;
#2058 = ORIENTED_EDGE ( 'NONE', *, *, #2612, .F. ) ;
#2059 = VERTEX_POINT ( 'NONE', #3536 ) ;
#2060 = CARTESIAN_POINT ( 'NONE',  ( -11.00000000000001243, 31.99999999999998579, 20.00000000000000000 ) ) ;
#2061 = EDGE_LOOP ( 'NONE', ( #470, #3793 ) ) ;
#2062 = CARTESIAN_POINT ( 'NONE',  ( 23.00000000000000000, 22.00000000000000711, 30.00000000000000000 ) ) ;
#2063 = ORIENTED_EDGE ( 'NONE', *, *, #895, .F. ) ;
#2064 = DIRECTION ( 'NONE',  ( 0.000000000000000000, -1.483645078138058959E-16, 1.000000000000000000 ) ) ;
#2065 = DIRECTION ( 'NONE',  ( 0.000000000000000000, -1.000000000000000000, -2.141633920959022233E-16 ) ) ;
#2066 = DIRECTION ( 'NONE',  ( 1.000000000000000000, 0.000000000000000000, 0.000000000000000000 ) ) ;
#2067 = VERTEX_POINT ( 'NONE', #2558 ) ;
#2068 = CARTESIAN_POINT ( 'NONE',  ( 25.00000000000000000, 28.00000000000001066, 10.00000000000000000 ) ) ;
#2069 = CARTESIAN_POINT ( 'NONE',  ( 0.000000000000000000, 30.00000000000001066, 30.00000000000000000 ) ) ;
#2070 = FACE_BOUND ( 'NONE', #3226, .T. ) ;
#2071 = ORIENTED_EDGE ( 'NONE', *, *, #3950, .F. ) ;
#2072 = AXIS2_PLACEMENT_3D ( 'NONE', #4085, #1854, #2456 ) ;
#2073 = CARTESIAN_POINT ( 'NONE',  ( -40.32050807568876394, -76.00000000000000000, 7.499999999999996447 ) ) ;
#2074 = EDGE_CURVE ( 'NONE', #3795, #2033, #3112, .T. ) ;
#2075 = AXIS2_PLACEMENT_3D ( 'NONE', #2995, #3696, #2078 ) ;
#2076 = EDGE_LOOP ( 'NONE', ( #2903, #1864 ) ) ;
#2077 = ORIENTED_EDGE ( 'NONE', *, *, #2913, .F. ) ;
#2078 = DIRECTION ( 'NONE',  ( 1.000000000000000000, 0.000000000000000000, 0.000000000000000000 ) ) ;
#2079 = EDGE_CURVE ( 'NONE', #3382, #2788, #942, .T. ) ;
#2080 = EDGE_CURVE ( 'NONE', #1956, #2760, #3850, .T. ) ;
#2081 = CARTESIAN_POINT ( 'NONE',  ( -12.49999999999998401, -65.99999999999998579, 10.49999999999998934 ) ) ;
#2082 = EDGE_CURVE ( 'NONE', #3230, #1542, #1172, .T. ) ;
#2083 = VECTOR ( 'NONE', #107, 1000.000000000000000 ) ;
#2084 = ORIENTED_EDGE ( 'NONE', *, *, #883, .F. ) ;
#2085 = DIRECTION ( 'NONE',  ( 0.000000000000000000, 0.000000000000000000, -1.000000000000000000 ) ) ;
#2086 = VECTOR ( 'NONE', #3401, 1000.000000000000000 ) ;
#2087 = DIRECTION ( 'NONE',  ( -0.000000000000000000, -1.000000000000000000, -0.000000000000000000 ) ) ;
#2088 = EDGE_CURVE ( 'NONE', #1348, #2104, #2817, .T. ) ;
#2089 = ORIENTED_EDGE ( 'NONE', *, *, #715, .F. ) ;
#2090 = CARTESIAN_POINT ( 'NONE',  ( 33.10186074811246471, -1.999999999999979572, 32.50000000000000000 ) ) ;
#2091 = AXIS2_PLACEMENT_3D ( 'NONE', #3761, #654, #998 ) ;
#2092 = CARTESIAN_POINT ( 'NONE',  ( 0.000000000000000000, -65.99999999999998579, 20.00000000000000000 ) ) ;
#2093 = DIRECTION ( 'NONE',  ( -0.000000000000000000, -0.000000000000000000, 1.000000000000000000 ) ) ;
#2094 = EDGE_CURVE ( 'NONE', #2833, #2502, #2496, .T. ) ;
#2095 = ORIENTED_EDGE ( 'NONE', *, *, #1106, .F. ) ;
#2096 = DIRECTION ( 'NONE',  ( -1.000000000000000000, 0.000000000000000000, 0.000000000000000000 ) ) ;
#2097 = ORIENTED_EDGE ( 'NONE', *, *, #646, .T. ) ;
#2098 = VECTOR ( 'NONE', #519, 1000.000000000000000 ) ;
#2099 = ORIENTED_EDGE ( 'NONE', *, *, #2855, .T. ) ;
#2100 = CARTESIAN_POINT ( 'NONE',  ( 25.00000000000000000, 28.00000000000001066, 0.000000000000000000 ) ) ;
#2101 = CIRCLE ( 'NONE', #2407, 10.00000000000000178 ) ;
#2102 = EDGE_LOOP ( 'NONE', ( #3877, #3694, #1176, #108 ) ) ;
#2103 = DIRECTION ( 'NONE',  ( 0.000000000000000000, 0.000000000000000000, -1.000000000000000000 ) ) ;
#2104 = VERTEX_POINT ( 'NONE', #3766 ) ;
#2105 = VECTOR ( 'NONE', #2213, 1000.000000000000000 ) ;
#2106 = CARTESIAN_POINT ( 'NONE',  ( -52.17057966352410858, -47.61135259505457640, 40.00000000000000000 ) ) ;
#2107 = CARTESIAN_POINT ( 'NONE',  ( -64.24871130596434909, -52.00000000000014921, 40.00000000000000000 ) ) ;
#2108 = CARTESIAN_POINT ( 'NONE',  ( 43.00000000000000711, -75.99999999999998579, 40.00000000000000000 ) ) ;
#2109 = ORIENTED_EDGE ( 'NONE', *, *, #573, .T. ) ;
#2110 = DIRECTION ( 'NONE',  ( 0.000000000000000000, 0.000000000000000000, 1.000000000000000000 ) ) ;
#2111 = CIRCLE ( 'NONE', #1360, 4.049999999999998046 ) ;
#2112 = AXIS2_PLACEMENT_3D ( 'NONE', #1894, #1960, #371 ) ;
#2113 = DIRECTION ( 'NONE',  ( -1.000000000000000000, 0.000000000000000000, 0.000000000000000000 ) ) ;
#2114 = DIRECTION ( 'NONE',  ( -0.4485411651231172581, -0.8937621737296764790, -1.326025850080007290E-16 ) ) ;
#2115 = ORIENTED_EDGE ( 'NONE', *, *, #2762, .T. ) ;
#2116 = CARTESIAN_POINT ( 'NONE',  ( -47.17057966352415832, -38.95109855721015890, 40.00000000000000000 ) ) ;
#2117 = VERTEX_POINT ( 'NONE', #2150 ) ;
#2118 = VECTOR ( 'NONE', #1738, 1000.000000000000000 ) ;
#2119 = VERTEX_POINT ( 'NONE', #2514 ) ;
#2120 = DIRECTION ( 'NONE',  ( -0.000000000000000000, -1.000000000000000000, -0.000000000000000000 ) ) ;
#2121 = ORIENTED_EDGE ( 'NONE', *, *, #2756, .F. ) ;
#2122 = CARTESIAN_POINT ( 'NONE',  ( 60.19871130596435194, -52.00000000000014921, 32.50000000000000000 ) ) ;
#2123 = ORIENTED_EDGE ( 'NONE', *, *, #1325, .F. ) ;
#2124 = EDGE_CURVE ( 'NONE', #1609, #2272, #3475, .T. ) ;
#2125 = DIRECTION ( 'NONE',  ( 0.000000000000000000, 0.000000000000000000, -1.000000000000000000 ) ) ;
#2126 = AXIS2_PLACEMENT_3D ( 'NONE', #2850, #1506, #3799 ) ;
#2127 = VERTEX_POINT ( 'NONE', #2474 ) ;
#2128 = PLANE ( 'NONE',  #2659 ) ;
#2129 = EDGE_CURVE ( 'NONE', #664, #1775, #3787, .T. ) ;
#2130 = ADVANCED_FACE ( 'NONE', ( #1852 ), #1576, .T. ) ;
#2131 = CARTESIAN_POINT ( 'NONE',  ( -64.83183426055225596, -51.84837922897456508, 32.50000000000000000 ) ) ;
#2132 = CARTESIAN_POINT ( 'NONE',  ( -74.83183426055224174, -51.84837922897456508, 40.00000000000000000 ) ) ;
#2133 = ORIENTED_EDGE ( 'NONE', *, *, #3088, .F. ) ;
#2134 = CARTESIAN_POINT ( 'NONE',  ( -74.83183426055224174, -51.84837922897456508, 40.00000000000000000 ) ) ;
#2135 = ORIENTED_EDGE ( 'NONE', *, *, #2346, .T. ) ;
#2136 = AXIS2_PLACEMENT_3D ( 'NONE', #3537, #1275, #3176 ) ;
#2137 = VERTEX_POINT ( 'NONE', #1896 ) ;
#2138 = CIRCLE ( 'NONE', #1188, 1.700000000000000178 ) ;
#2139 = LINE ( 'NONE', #2806, #1420 ) ;
#2140 = CARTESIAN_POINT ( 'NONE',  ( -12.49999999999998224, -76.00000000000000000, 32.50000000000000000 ) ) ;
#2141 = CIRCLE ( 'NONE', #3836, 6.000000000000000000 ) ;
#2142 = ORIENTED_EDGE ( 'NONE', *, *, #1815, .F. ) ;
#2143 = LINE ( 'NONE', #3781, #1725 ) ;
#2144 = ORIENTED_EDGE ( 'NONE', *, *, #1648, .F. ) ;
#2145 = CIRCLE ( 'NONE', #2491, 2.000000000000001776 ) ;
#2146 = VECTOR ( 'NONE', #355, 1000.000000000000114 ) ;
#2147 = PLANE ( 'NONE',  #2241 ) ;
#2148 = ORIENTED_EDGE ( 'NONE', *, *, #3610, .F. ) ;
#2149 = DIRECTION ( 'NONE',  ( -0.000000000000000000, -1.000000000000000000, -0.000000000000000000 ) ) ;
#2150 = CARTESIAN_POINT ( 'NONE',  ( 25.00000000000000000, 22.00000000000000711, 30.00000000000000000 ) ) ;
#2151 = CYLINDRICAL_SURFACE ( 'NONE', #2072, 6.999999999999999112 ) ;
#2152 = CARTESIAN_POINT ( 'NONE',  ( -33.10186074811242918, -1.999999999999987566, 7.500000000000000000 ) ) ;
#2153 = EDGE_LOOP ( 'NONE', ( #1098, #2702, #1006, #1333 ) ) ;
#2154 = CARTESIAN_POINT ( 'NONE',  ( -12.49999999999998401, -62.99999999999998579, 32.50000000000000000 ) ) ;
#2155 = EDGE_CURVE ( 'NONE', #1561, #2643, #1351, .T. ) ;
#2156 = VERTEX_POINT ( 'NONE', #1809 ) ;
#2157 = ORIENTED_EDGE ( 'NONE', *, *, #61, .T. ) ;
#2158 = DIRECTION ( 'NONE',  ( -0.000000000000000000, 0.000000000000000000, 1.000000000000000000 ) ) ;
#2159 = CARTESIAN_POINT ( 'NONE',  ( 0.000000000000000000, -65.99999999999998579, 20.00000000000000000 ) ) ;
#2160 = CARTESIAN_POINT ( 'NONE',  ( 64.24871130596434909, -52.00000000000014921, 40.00000000000000000 ) ) ;
#2161 = VERTEX_POINT ( 'NONE', #899 ) ;
#2162 = CARTESIAN_POINT ( 'NONE',  ( -49.99999999999999289, 1.421111387729532716, 7.500000000000000000 ) ) ;
#2163 = ADVANCED_FACE ( 'NONE', ( #4083, #3452 ), #239, .T. ) ;
#2164 = ORIENTED_EDGE ( 'NONE', *, *, #282, .T. ) ;
#2165 = VECTOR ( 'NONE', #1273, 1000.000000000000000 ) ;
#2166 = DIRECTION ( 'NONE',  ( -1.000000000000000000, 0.000000000000000000, 0.000000000000000000 ) ) ;
#2167 = ADVANCED_FACE ( 'NONE', ( #1535 ), #2877, .T. ) ;
#2168 = CIRCLE ( 'NONE', #3261, 1.700000000000000178 ) ;
#2169 = ORIENTED_EDGE ( 'NONE', *, *, #1193, .T. ) ;
#2170 = FACE_OUTER_BOUND ( 'NONE', #3337, .T. ) ;
#2171 = CARTESIAN_POINT ( 'NONE',  ( -68.29871130596434625, -52.00000000000014921, 40.00000000000000000 ) ) ;
#2172 = CARTESIAN_POINT ( 'NONE',  ( 47.17057966352418674, -38.95109855721010916, 7.499999999999992895 ) ) ;
#2173 = FACE_OUTER_BOUND ( 'NONE', #2316, .T. ) ;
#2174 = ORIENTED_EDGE ( 'NONE', *, *, #3425, .F. ) ;
#2175 = CARTESIAN_POINT ( 'NONE',  ( 68.29871130596434625, -52.00000000000014921, 0.000000000000000000 ) ) ;
#2176 = EDGE_LOOP ( 'NONE', ( #2089, #2443, #3395, #1208 ) ) ;
#2177 = VERTEX_POINT ( 'NONE', #1491 ) ;
#2178 = DIRECTION ( 'NONE',  ( 1.000000000000000000, 0.000000000000000000, 0.000000000000000000 ) ) ;
#2179 = ADVANCED_FACE ( 'NONE', ( #219 ), #4166, .T. ) ;
#2180 = ORIENTED_EDGE ( 'NONE', *, *, #697, .T. ) ;
#2181 = VECTOR ( 'NONE', #1023, 999.9999999999998863 ) ;
#2182 = DIRECTION ( 'NONE',  ( -1.000000000000000000, 0.000000000000000000, -0.000000000000000000 ) ) ;
#2183 = DIRECTION ( 'NONE',  ( 1.000000000000000000, 0.000000000000000000, 0.000000000000000000 ) ) ;
#2184 = VERTEX_POINT ( 'NONE', #3809 ) ;
#2185 = AXIS2_PLACEMENT_3D ( 'NONE', #2371, #2001, #2324 ) ;
#2186 = DIRECTION ( 'NONE',  ( -0.000000000000000000, -0.000000000000000000, 1.000000000000000000 ) ) ;
#2187 = VECTOR ( 'NONE', #1876, 1000.000000000000000 ) ;
#2188 = ORIENTED_EDGE ( 'NONE', *, *, #3425, .T. ) ;
#2189 = AXIS2_PLACEMENT_3D ( 'NONE', #3997, #4016, #1087 ) ;
#2190 = DIRECTION ( 'NONE',  ( -1.000000000000000000, 0.000000000000000000, -1.796983462838132834E-16 ) ) ;
#2191 = DIRECTION ( 'NONE',  ( 0.000000000000000000, 0.000000000000000000, -1.000000000000000000 ) ) ;
#2192 = CARTESIAN_POINT ( 'NONE',  ( 52.17057966352412990, -47.61135259505451955, 32.50000000000000000 ) ) ;
#2193 = AXIS2_PLACEMENT_3D ( 'NONE', #630, #1931, #3842 ) ;
#2194 = LINE ( 'NONE', #1986, #4139 ) ;
#2195 = LINE ( 'NONE', #3196, #2206 ) ;
#2196 = DIRECTION ( 'NONE',  ( 0.000000000000000000, 0.000000000000000000, -1.000000000000000000 ) ) ;
#2197 = ORIENTED_EDGE ( 'NONE', *, *, #3329, .F. ) ;
#2198 = LINE ( 'NONE', #2134, #3072 ) ;
#2199 = DIRECTION ( 'NONE',  ( 0.000000000000000000, -0.000000000000000000, -1.000000000000000000 ) ) ;
#2200 = VERTEX_POINT ( 'NONE', #3496 ) ;
#2201 = ADVANCED_FACE ( 'NONE', ( #577 ), #1875, .T. ) ;
#2202 = CARTESIAN_POINT ( 'NONE',  ( -40.32050807568876394, -66.00000000000000000, 0.000000000000000000 ) ) ;
#2203 = LINE ( 'NONE', #2527, #668 ) ;
#2204 = ORIENTED_EDGE ( 'NONE', *, *, #2402, .F. ) ;
#2205 = DIRECTION ( 'NONE',  ( 0.000000000000000000, 0.000000000000000000, -1.000000000000000000 ) ) ;
#2206 = VECTOR ( 'NONE', #616, 1000.000000000000000 ) ;
#2207 = CARTESIAN_POINT ( 'NONE',  ( -4.718447854656914508E-15, 9.999999999999994671, 20.00000000000000000 ) ) ;
#2208 = EDGE_CURVE ( 'NONE', #3864, #1379, #1610, .T. ) ;
#2209 = ORIENTED_EDGE ( 'NONE', *, *, #449, .T. ) ;
#2210 = CC_DESIGN_PERSON_AND_ORGANIZATION_ASSIGNMENT ( #391, #2984, ( #698 ) ) ;
#2211 = ORGANIZATION ( '未', '未', '' ) ;
#2212 = EDGE_CURVE ( 'NONE', #1964, #777, #2645, .T. ) ;
#2213 = DIRECTION ( 'NONE',  ( 0.000000000000000000, -0.000000000000000000, -1.000000000000000000 ) ) ;
#2214 = CARTESIAN_POINT ( 'NONE',  ( 45.32050807568874262, -74.66025403784441039, 32.50000000000000000 ) ) ;
#2215 = CARTESIAN_POINT ( 'NONE',  ( 60.19871130596435194, -52.00000000000014921, 40.00000000000000000 ) ) ;
#2216 = DIRECTION ( 'NONE',  ( -0.000000000000000000, -0.000000000000000000, 1.000000000000000000 ) ) ;
#2217 = DIRECTION ( 'NONE',  ( -0.000000000000000000, -0.000000000000000000, 1.000000000000000000 ) ) ;
#2218 = VECTOR ( 'NONE', #1130, 1000.000000000000000 ) ;
#2219 = EDGE_CURVE ( 'NONE', #2311, #671, #1759, .T. ) ;
#2220 = ORIENTED_EDGE ( 'NONE', *, *, #3021, .F. ) ;
#2221 = LINE ( 'NONE', #2154, #2873 ) ;
#2222 = FACE_OUTER_BOUND ( 'NONE', #290, .T. ) ;
#2223 = AXIS2_PLACEMENT_3D ( 'NONE', #2727, #2017, #2767 ) ;
#2224 = CARTESIAN_POINT ( 'NONE',  ( 50.00000000000000711, -1.056984534117422618E-14, 32.50000000000000000 ) ) ;
#2225 = EDGE_CURVE ( 'NONE', #2127, #3339, #476, .T. ) ;
#2226 = VERTEX_POINT ( 'NONE', #1907 ) ;
#2227 = EDGE_CURVE ( 'NONE', #2117, #932, #565, .T. ) ;
#2228 = AXIS2_PLACEMENT_3D ( 'NONE', #634, #2234, #1271 ) ;
#2229 = VERTEX_POINT ( 'NONE', #1265 ) ;
#2230 = DIRECTION ( 'NONE',  ( -0.000000000000000000, -0.000000000000000000, 1.000000000000000000 ) ) ;
#2231 = VERTEX_POINT ( 'NONE', #864 ) ;
#2232 = VERTEX_POINT ( 'NONE', #4179 ) ;
#2233 = CARTESIAN_POINT ( 'NONE',  ( 68.29871130596434625, -52.00000000000014921, 40.00000000000000000 ) ) ;
#2234 = DIRECTION ( 'NONE',  ( -0.000000000000000000, 0.000000000000000000, 1.000000000000000000 ) ) ;
#2235 = VECTOR ( 'NONE', #2114, 1000.000000000000114 ) ;
#2236 = CARTESIAN_POINT ( 'NONE',  ( 64.83183426055228438, -51.84837922897451534, 40.00000000000000000 ) ) ;
#2237 = CARTESIAN_POINT ( 'NONE',  ( 73.76945599784905028, -47.36296757774334765, 40.00000000000000000 ) ) ;
#2238 = CYLINDRICAL_SURFACE ( 'NONE', #83, 10.00000000000000178 ) ;
#2239 = ORIENTED_EDGE ( 'NONE', *, *, #3838, .F. ) ;
#2240 = DIRECTION ( 'NONE',  ( -1.387778780781445922E-16, 1.000000000000000000, 0.000000000000000000 ) ) ;
#2241 = AXIS2_PLACEMENT_3D ( 'NONE', #4079, #1847, #1806 ) ;
#2242 = CYLINDRICAL_SURFACE ( 'NONE', #3076, 10.00000000000000178 ) ;
#2243 = LINE ( 'NONE', #2224, #2146 ) ;
#2244 = EDGE_LOOP ( 'NONE', ( #608, #839, #2397, #4102 ) ) ;
#2245 = LINE ( 'NONE', #1223, #1897 ) ;
#2246 = VECTOR ( 'NONE', #1005, 1000.000000000000000 ) ;
#2247 = AXIS2_PLACEMENT_3D ( 'NONE', #2236, #2537, #1980 ) ;
#2248 = EDGE_CURVE ( 'NONE', #3641, #2119, #2101, .T. ) ;
#2249 = ORIENTED_EDGE ( 'NONE', *, *, #1761, .T. ) ;
#2250 = FACE_BOUND ( 'NONE', #1513, .T. ) ;
#2251 = EDGE_LOOP ( 'NONE', ( #1465, #706 ) ) ;
#2252 = CARTESIAN_POINT ( 'NONE',  ( 60.33874540297191658, -42.89545990659892283, 40.00000000000000000 ) ) ;
#2253 = DIRECTION ( 'NONE',  ( 0.000000000000000000, -1.000000000000000000, 0.000000000000000000 ) ) ;
#2254 = VECTOR ( 'NONE', #3699, 1000.000000000000000 ) ;
#2255 = ADVANCED_FACE ( 'NONE', ( #3292, #380, #3569, #3268, #1673, #3591 ), #3615, .T. ) ;
#2256 = DIRECTION ( 'NONE',  ( 1.000000000000000000, 1.178355371040220958E-16, 0.000000000000000000 ) ) ;
#2257 = PRODUCT_RELATED_PRODUCT_CATEGORY ( 'detail', '', ( #702 ) ) ;
#2258 = DIRECTION ( 'NONE',  ( 1.000000000000000000, 0.000000000000000000, 0.000000000000000000 ) ) ;
#2259 = VECTOR ( 'NONE', #2908, 1000.000000000000000 ) ;
#2260 = DIRECTION ( 'NONE',  ( -1.000000000000000000, -2.081668171172168119E-15, 0.000000000000000000 ) ) ;
#2261 = CARTESIAN_POINT ( 'NONE',  ( -36.80391159174330085, 4.000000000000012434, 40.00000000000000000 ) ) ;
#2262 = FACE_OUTER_BOUND ( 'NONE', #3837, .T. ) ;
#2263 = ADVANCED_FACE ( 'NONE', ( #2271 ), #2012, .F. ) ;
#2264 = EDGE_CURVE ( 'NONE', #482, #88, #2607, .T. ) ;
#2265 = ORIENTED_EDGE ( 'NONE', *, *, #3753, .F. ) ;
#2266 = DIRECTION ( 'NONE',  ( -0.000000000000000000, -0.000000000000000000, 1.000000000000000000 ) ) ;
#2267 = CARTESIAN_POINT ( 'NONE',  ( -36.80391159174330085, 4.000000000000012434, 40.00000000000000000 ) ) ;
#2268 = ORIENTED_EDGE ( 'NONE', *, *, #3729, .F. ) ;
#2269 = AXIS2_PLACEMENT_3D ( 'NONE', #3249, #2589, #669 ) ;
#2270 = VERTEX_POINT ( 'NONE', #2293 ) ;
#2271 = FACE_OUTER_BOUND ( 'NONE', #1080, .T. ) ;
#2272 = VERTEX_POINT ( 'NONE', #1992 ) ;
#2273 = LINE ( 'NONE', #1309, #2470 ) ;
#2274 = VERTEX_POINT ( 'NONE', #3901 ) ;
#2275 = CARTESIAN_POINT ( 'NONE',  ( 23.00000000000000000, 22.00000000000000711, 10.00000000000000000 ) ) ;
#2276 = DIRECTION ( 'NONE',  ( 0.000000000000000000, -1.483645078138058959E-16, 1.000000000000000000 ) ) ;
#2277 = ADVANCED_FACE ( 'NONE', ( #2312 ), #3878, .T. ) ;
#2278 = ORIENTED_EDGE ( 'NONE', *, *, #1335, .T. ) ;
#2279 = CC_DESIGN_APPROVAL ( #615, ( #2955 ) ) ;
#2280 = AXIS2_PLACEMENT_3D ( 'NONE', #694, #1099, #720 ) ;
#2281 = DIRECTION ( 'NONE',  ( 0.000000000000000000, 0.000000000000000000, -1.000000000000000000 ) ) ;
#2282 = CARTESIAN_POINT ( 'NONE',  ( 25.00000000000000000, 22.00000000000000711, 10.00000000000000000 ) ) ;
#2283 = DIRECTION ( 'NONE',  ( 0.000000000000000000, 0.000000000000000000, -1.000000000000000000 ) ) ;
#2284 = PLANE ( 'NONE',  #713 ) ;
#2285 = CARTESIAN_POINT ( 'NONE',  ( 38.46443379049051714, 0.6912469907387275292, 32.50000000000000000 ) ) ;
#2286 = ORIENTED_EDGE ( 'NONE', *, *, #1815, .T. ) ;
#2287 = DIRECTION ( 'NONE',  ( 1.000000000000000000, 0.000000000000000000, 0.000000000000000000 ) ) ;
#2288 = AXIS2_PLACEMENT_3D ( 'NONE', #3011, #1691, #3920 ) ;
#2289 = FACE_OUTER_BOUND ( 'NONE', #2800, .T. ) ;
#2290 = LINE ( 'NONE', #3589, #1062 ) ;
#2291 = ORIENTED_EDGE ( 'NONE', *, *, #3860, .F. ) ;
#2292 = EDGE_CURVE ( 'NONE', #2270, #682, #163, .T. ) ;
#2293 = CARTESIAN_POINT ( 'NONE',  ( -74.83183426055224174, -51.84837922897456508, 0.000000000000000000 ) ) ;
#2294 = VECTOR ( 'NONE', #407, 1000.000000000000000 ) ;
#2295 = DIRECTION ( 'NONE',  ( 0.000000000000000000, 0.000000000000000000, -1.000000000000000000 ) ) ;
#2296 = VERTEX_POINT ( 'NONE', #2969 ) ;
#2297 = ORIENTED_EDGE ( 'NONE', *, *, #709, .F. ) ;
#2298 = DIRECTION ( 'NONE',  ( 0.000000000000000000, -1.000000000000000000, -2.141633920959022233E-16 ) ) ;
#2299 = EDGE_LOOP ( 'NONE', ( #3673, #1930, #2769, #4038 ) ) ;
#2300 = DIRECTION ( 'NONE',  ( 0.000000000000000000, 0.000000000000000000, -1.000000000000000000 ) ) ;
#2301 = LINE ( 'NONE', #2576, #808 ) ;
#2302 = DIRECTION ( 'NONE',  ( -0.8660254037844412611, -0.4999999999999953371, 0.000000000000000000 ) ) ;
#2303 = EDGE_CURVE ( 'NONE', #19, #3382, #1650, .T. ) ;
#2304 = CARTESIAN_POINT ( 'NONE',  ( 15.50000000000000000, 34.00000000000000000, 4.500000000000000888 ) ) ;
#2305 = EDGE_CURVE ( 'NONE', #2177, #489, #2596, .T. ) ;
#2306 = ORIENTED_EDGE ( 'NONE', *, *, #1841, .F. ) ;
#2307 = DIRECTION ( 'NONE',  ( -1.387778780781445922E-16, 1.000000000000000000, 0.000000000000000000 ) ) ;
#2308 = VECTOR ( 'NONE', #287, 1000.000000000000000 ) ;
#2309 = CARTESIAN_POINT ( 'NONE',  ( -45.32050807568871420, -74.66025403784442460, 40.00000000000000000 ) ) ;
#2310 = FACE_OUTER_BOUND ( 'NONE', #3992, .T. ) ;
#2311 = VERTEX_POINT ( 'NONE', #1349 ) ;
#2312 = FACE_OUTER_BOUND ( 'NONE', #2931, .T. ) ;
#2313 = VECTOR ( 'NONE', #3543, 1000.000000000000000 ) ;
#2314 = EDGE_CURVE ( 'NONE', #825, #1390, #222, .T. ) ;
#2315 = DIRECTION ( 'NONE',  ( -3.686879161817355883E-16, 1.000000000000000000, 0.000000000000000000 ) ) ;
#2316 = EDGE_LOOP ( 'NONE', ( #585, #1287, #3695, #4050 ) ) ;
#2317 = VERTEX_POINT ( 'NONE', #1037 ) ;
#2318 = DIRECTION ( 'NONE',  ( -1.000000000000000000, 0.000000000000000000, 0.000000000000000000 ) ) ;
#2319 = EDGE_CURVE ( 'NONE', #738, #992, #3632, .T. ) ;
#2320 = VECTOR ( 'NONE', #2190, 1000.000000000000000 ) ;
#2321 = ORIENTED_EDGE ( 'NONE', *, *, #3234, .T. ) ;
#2322 = DIRECTION ( 'NONE',  ( -0.8660254037844412611, -0.4999999999999953371, 0.000000000000000000 ) ) ;
#2323 = ORIENTED_EDGE ( 'NONE', *, *, #3893, .F. ) ;
#2324 = DIRECTION ( 'NONE',  ( 0.000000000000000000, 0.000000000000000000, 1.000000000000000000 ) ) ;
#2325 = CARTESIAN_POINT ( 'NONE',  ( 0.000000000000000000, -64.99999999999998579, 20.00000000000000000 ) ) ;
#2326 = CARTESIAN_POINT ( 'NONE',  ( 23.00000000000000000, 20.00000000000000711, 10.00000000000000000 ) ) ;
#2327 = COORDINATED_UNIVERSAL_TIME_OFFSET ( 8, 0, .AHEAD. ) ;
#2328 = AXIS2_PLACEMENT_3D ( 'NONE', #2999, #3660, #388 ) ;
#2329 = CARTESIAN_POINT ( 'NONE',  ( 49.99999999999999289, 33.99999999999999289, 0.000000000000000000 ) ) ;
#2330 = VERTEX_POINT ( 'NONE', #2929 ) ;
#2331 = LINE ( 'NONE', #2007, #2733 ) ;
#2332 = VECTOR ( 'NONE', #2604, 1000.000000000000000 ) ;
#2333 = DIRECTION ( 'NONE',  ( -0.000000000000000000, -0.000000000000000000, 1.000000000000000000 ) ) ;
#2334 = DIRECTION ( 'NONE',  ( 1.000000000000000000, 0.000000000000000000, 0.000000000000000000 ) ) ;
#2335 = CIRCLE ( 'NONE', #695, 6.000000000000000000 ) ;
#2336 = ORIENTED_EDGE ( 'NONE', *, *, #1231, .F. ) ;
#2337 = DIRECTION ( 'NONE',  ( 0.000000000000000000, -1.000000000000000000, -1.483645078138058959E-16 ) ) ;
#2338 = AXIS2_PLACEMENT_3D ( 'NONE', #587, #1887, #975 ) ;
#2339 = ORIENTED_EDGE ( 'NONE', *, *, #3131, .F. ) ;
#2340 = EDGE_CURVE ( 'NONE', #2438, #2156, #1627, .T. ) ;
#2341 = ORIENTED_EDGE ( 'NONE', *, *, #1376, .F. ) ;
#2342 = LINE ( 'NONE', #1698, #3905 ) ;
#2343 = CARTESIAN_POINT ( 'NONE',  ( 80.00000000000000000, -62.99999999999998579, 29.50000000000000355 ) ) ;
#2344 = EDGE_CURVE ( 'NONE', #3360, #1540, #3008, .T. ) ;
#2345 = EDGE_LOOP ( 'NONE', ( #2341, #2077 ) ) ;
#2346 = EDGE_CURVE ( 'NONE', #2413, #2274, #1399, .T. ) ;
#2347 = FACE_OUTER_BOUND ( 'NONE', #1948, .T. ) ;
#2348 = LINE ( 'NONE', #3931, #430 ) ;
#2349 = LINE ( 'NONE', #2958, #2410 ) ;
#2350 = APPROVAL_DATE_TIME ( #3624, #3715 ) ;
#2351 = LOCAL_TIME ( 21, 18, 35.00000000000000000, #679 ) ;
#2352 = CYLINDRICAL_SURFACE ( 'NONE', #3647, 10.00000000000000178 ) ;
#2353 = CARTESIAN_POINT ( 'NONE',  ( -73.76945599784902186, -47.36296757774339028, 32.50000000000000000 ) ) ;
#2354 = CIRCLE ( 'NONE', #2893, 1.700000000000000178 ) ;
#2355 = ORIENTED_EDGE ( 'NONE', *, *, #463, .F. ) ;
#2356 = CYLINDRICAL_SURFACE ( 'NONE', #2394, 10.00000000000000178 ) ;
#2357 = VECTOR ( 'NONE', #183, 1000.000000000000000 ) ;
#2358 = CARTESIAN_POINT ( 'NONE',  ( -25.00000000000000000, 30.00000000000001421, 30.00000000000000000 ) ) ;
#2359 = EDGE_CURVE ( 'NONE', #1396, #2274, #3555, .T. ) ;
#2360 = CARTESIAN_POINT ( 'NONE',  ( 50.00000000000000000, 6.999999999999994671, 32.50000000000000000 ) ) ;
#2361 = ORIENTED_EDGE ( 'NONE', *, *, #805, .T. ) ;
#2362 = CIRCLE ( 'NONE', #3235, 1.700000000000000178 ) ;
#2363 = PLANE ( 'NONE',  #3137 ) ;
#2364 = EDGE_CURVE ( 'NONE', #2585, #2438, #1717, .T. ) ;
#2365 = ORIENTED_EDGE ( 'NONE', *, *, #1426, .T. ) ;
#2366 = ADVANCED_FACE ( 'NONE', ( #842 ), #866, .F. ) ;
#2367 = ORIENTED_EDGE ( 'NONE', *, *, #2479, .T. ) ;
#2368 = CARTESIAN_POINT ( 'NONE',  ( 64.83183426055228438, -51.84837922897451534, 0.000000000000000000 ) ) ;
#2369 = DIRECTION ( 'NONE',  ( 0.000000000000000000, 0.000000000000000000, -1.000000000000000000 ) ) ;
#2370 = ORIENTED_EDGE ( 'NONE', *, *, #1622, .T. ) ;
#2371 = CARTESIAN_POINT ( 'NONE',  ( 0.000000000000000000, -65.99999999999998579, 20.00000000000000000 ) ) ;
#2372 = CARTESIAN_POINT ( 'NONE',  ( 64.24871130596434909, -52.00000000000014921, 0.000000000000000000 ) ) ;
#2373 = FACE_OUTER_BOUND ( 'NONE', #2244, .T. ) ;
#2374 = ORIENTED_EDGE ( 'NONE', *, *, #137, .T. ) ;
#2375 = CARTESIAN_POINT ( 'NONE',  ( -23.00000000000000000, 20.00000000000000711, 40.00000000000000000 ) ) ;
#2376 = LINE ( 'NONE', #2737, #1740 ) ;
#2377 = FACE_OUTER_BOUND ( 'NONE', #3006, .T. ) ;
#2378 = VERTEX_POINT ( 'NONE', #1863 ) ;
#2379 = VECTOR ( 'NONE', #2191, 1000.000000000000000 ) ;
#2380 = VERTEX_POINT ( 'NONE', #2140 ) ;
#2381 = CARTESIAN_POINT ( 'NONE',  ( 49.99999999999999289, 33.99999999999999289, 40.00000000000000000 ) ) ;
#2382 = VERTEX_POINT ( 'NONE', #1504 ) ;
#2383 = CIRCLE ( 'NONE', #674, 2.999999999999999112 ) ;
#2384 = VERTEX_POINT ( 'NONE', #2807 ) ;
#2385 = CARTESIAN_POINT ( 'NONE',  ( 73.76945599784905028, -47.36296757774334765, 32.50000000000000000 ) ) ;
#2386 = DIRECTION ( 'NONE',  ( 1.387778780781445922E-16, -1.000000000000000000, -0.000000000000000000 ) ) ;
#2387 = ADVANCED_FACE ( 'NONE', ( #3121 ), #545, .F. ) ;
#2388 = DIRECTION ( 'NONE',  ( 0.000000000000000000, 0.000000000000000000, -1.000000000000000000 ) ) ;
#2389 = ORIENTED_EDGE ( 'NONE', *, *, #2573, .T. ) ;
#2390 = DIRECTION ( 'NONE',  ( 0.000000000000000000, -0.000000000000000000, -1.000000000000000000 ) ) ;
#2391 = LINE ( 'NONE', #1002, #3687 ) ;
#2392 = CYLINDRICAL_SURFACE ( 'NONE', #908, 4.049999999999998046 ) ;
#2393 = APPROVAL_ROLE ( '' ) ;
#2394 = AXIS2_PLACEMENT_3D ( 'NONE', #1689, #4044, #3984 ) ;
#2395 = DIRECTION ( 'NONE',  ( -0.8660254037844418162, 0.4999999999999945599, 0.000000000000000000 ) ) ;
#2396 = EDGE_CURVE ( 'NONE', #1278, #2734, #526, .T. ) ;
#2397 = ORIENTED_EDGE ( 'NONE', *, *, #4037, .T. ) ;
#2398 = DIRECTION ( 'NONE',  ( 0.000000000000000000, 0.000000000000000000, -1.000000000000000000 ) ) ;
#2399 = CARTESIAN_POINT ( 'NONE',  ( -25.00000000000000000, 20.00000000000000711, 0.000000000000000000 ) ) ;
#2400 = FACE_OUTER_BOUND ( 'NONE', #1076, .T. ) ;
#2401 = EDGE_CURVE ( 'NONE', #2274, #1396, #3142, .T. ) ;
#2402 = EDGE_CURVE ( 'NONE', #3482, #797, #4022, .T. ) ;
#2403 = ORIENTED_EDGE ( 'NONE', *, *, #2646, .T. ) ;
#2404 = VECTOR ( 'NONE', #1457, 1000.000000000000000 ) ;
#2405 = FACE_OUTER_BOUND ( 'NONE', #605, .T. ) ;
#2406 = ADVANCED_FACE ( 'NONE', ( #3822 ), #3470, .F. ) ;
#2407 = AXIS2_PLACEMENT_3D ( 'NONE', #3861, #2158, #1837 ) ;
#2408 = EDGE_LOOP ( 'NONE', ( #3096, #2752, #217, #1163, #968, #1856, #1779, #1947 ) ) ;
#2409 = FACE_OUTER_BOUND ( 'NONE', #776, .T. ) ;
#2410 = VECTOR ( 'NONE', #1981, 1000.000000000000000 ) ;
#2411 = ORIENTED_EDGE ( 'NONE', *, *, #343, .T. ) ;
#2412 = CARTESIAN_POINT ( 'NONE',  ( 40.32050807568879947, -75.99999999999998579, 40.00000000000000000 ) ) ;
#2413 = VERTEX_POINT ( 'NONE', #2853 ) ;
#2414 = DIRECTION ( 'NONE',  ( 0.000000000000000000, -1.483645078138058959E-16, 1.000000000000000000 ) ) ;
#2415 = DIRECTION ( 'NONE',  ( -1.000000000000000000, 0.000000000000000000, 0.000000000000000000 ) ) ;
#2416 = EDGE_CURVE ( 'NONE', #2413, #3568, #2335, .T. ) ;
#2417 = VERTEX_POINT ( 'NONE', #2507 ) ;
#2418 = DIRECTION ( 'NONE',  ( 5.551115123125781913E-15, -1.000000000000000000, -1.734723475976806848E-16 ) ) ;
#2419 = DIRECTION ( 'NONE',  ( -1.000000000000000000, 0.000000000000000000, 0.000000000000000000 ) ) ;
#2420 = DIRECTION ( 'NONE',  ( -0.000000000000000000, -1.000000000000000000, -0.000000000000000000 ) ) ;
#2421 = VERTEX_POINT ( 'NONE', #3510 ) ;
#2422 = VECTOR ( 'NONE', #578, 1000.000000000000000 ) ;
#2423 = CARTESIAN_POINT ( 'NONE',  ( -40.32050807568876394, -66.00000000000000000, 32.50000000000000000 ) ) ;
#2424 = ORIENTED_EDGE ( 'NONE', *, *, #2346, .F. ) ;
#2425 = ORIENTED_EDGE ( 'NONE', *, *, #2344, .T. ) ;
#2426 = LINE ( 'NONE', #1780, #783 ) ;
#2427 = VERTEX_POINT ( 'NONE', #3801 ) ;
#2428 = CYLINDRICAL_SURFACE ( 'NONE', #1337, 2.999999999999999112 ) ;
#2429 = VECTOR ( 'NONE', #3652, 1000.000000000000000 ) ;
#2430 = EDGE_LOOP ( 'NONE', ( #1697, #2460 ) ) ;
#2431 = CARTESIAN_POINT ( 'NONE',  ( 25.00000000000000000, 22.00000000000000711, 40.00000000000000000 ) ) ;
#2432 = PLANE ( 'NONE',  #28 ) ;
#2433 = EDGE_LOOP ( 'NONE', ( #1771, #1185, #4137, #3402, #1760, #1132, #2403, #3447, #2115, #1995, #1065, #3437, #401 ) ) ;
#2434 = FACE_OUTER_BOUND ( 'NONE', #3754, .T. ) ;
#2435 = DIRECTION ( 'NONE',  ( 1.000000000000000000, 1.178355371040220958E-16, 0.000000000000000000 ) ) ;
#2436 = EDGE_CURVE ( 'NONE', #3568, #1396, #3146, .T. ) ;
#2437 = CYLINDRICAL_SURFACE ( 'NONE', #1473, 3.000000000000000000 ) ;
#2438 = VERTEX_POINT ( 'NONE', #1527 ) ;
#2439 = ORIENTED_EDGE ( 'NONE', *, *, #2621, .T. ) ;
#2440 = CARTESIAN_POINT ( 'NONE',  ( 47.17057966352418674, -38.95109855721010916, 40.00000000000000000 ) ) ;
#2441 = ORIENTED_EDGE ( 'NONE', *, *, #3234, .F. ) ;
#2442 = AXIS2_PLACEMENT_3D ( 'NONE', #4024, #2420, #3706 ) ;
#2443 = ORIENTED_EDGE ( 'NONE', *, *, #225, .T. ) ;
#2444 = ADVANCED_FACE ( 'NONE', ( #569 ), #3168, .F. ) ;
#2445 = VECTOR ( 'NONE', #1195, 1000.000000000000000 ) ;
#2446 = EDGE_LOOP ( 'NONE', ( #3807, #202 ) ) ;
#2447 = PLANE ( 'NONE',  #2676 ) ;
#2448 = VERTEX_POINT ( 'NONE', #433 ) ;
#2449 = EDGE_CURVE ( 'NONE', #3564, #1744, #2938, .T. ) ;
#2450 = AXIS2_PLACEMENT_3D ( 'NONE', #4058, #3405, #1469 ) ;
#2451 = CARTESIAN_POINT ( 'NONE',  ( -64.24871130596434909, -52.00000000000014921, 40.00000000000000000 ) ) ;
#2452 = ORIENTED_EDGE ( 'NONE', *, *, #1472, .F. ) ;
#2453 = PLANE ( 'NONE',  #1432 ) ;
#2454 = UNCERTAINTY_MEASURE_WITH_UNIT (LENGTH_MEASURE( 1.000000000000000082E-05 ), #3683, 'distance_accuracy_value', 'NONE');
#2455 = AXIS2_PLACEMENT_3D ( 'NONE', #3627, #3686, #3050 ) ;
#2456 = DIRECTION ( 'NONE',  ( 0.000000000000000000, 0.000000000000000000, -1.000000000000000000 ) ) ;
#2457 = CARTESIAN_POINT ( 'NONE',  ( 23.00000000000000000, 22.00000000000000711, 10.00000000000000000 ) ) ;
#2458 = ORIENTED_EDGE ( 'NONE', *, *, #1720, .F. ) ;
#2459 = CARTESIAN_POINT ( 'NONE',  ( 0.000000000000000000, -64.99999999999998579, 20.00000000000000000 ) ) ;
#2460 = ORIENTED_EDGE ( 'NONE', *, *, #3733, .F. ) ;
#2461 = AXIS2_PLACEMENT_3D ( 'NONE', #158, #1446, #778 ) ;
#2462 = ORIENTED_EDGE ( 'NONE', *, *, #2029, .T. ) ;
#2463 = DIRECTION ( 'NONE',  ( -0.000000000000000000, -1.000000000000000000, -0.000000000000000000 ) ) ;
#2464 = AXIS2_PLACEMENT_3D ( 'NONE', #2784, #2386, #3466 ) ;
#2465 = VERTEX_POINT ( 'NONE', #2982 ) ;
#2466 = EDGE_CURVE ( 'NONE', #2803, #2721, #389, .T. ) ;
#2467 = FACE_OUTER_BOUND ( 'NONE', #2968, .T. ) ;
#2468 = VERTEX_POINT ( 'NONE', #2043 ) ;
#2469 = CARTESIAN_POINT ( 'NONE',  ( 23.00000000000000000, 30.00000000000001066, 10.00000000000000000 ) ) ;
#2470 = VECTOR ( 'NONE', #3527, 1000.000000000000000 ) ;
#2471 = EDGE_CURVE ( 'NONE', #3211, #351, #2348, .T. ) ;
#2472 = EDGE_LOOP ( 'NONE', ( #2717, #2027, #4067, #3354 ) ) ;
#2473 = DIRECTION ( 'NONE',  ( 0.000000000000000000, 1.000000000000000000, 0.000000000000000000 ) ) ;
#2474 = CARTESIAN_POINT ( 'NONE',  ( -56.10820140082092422, -34.46568690597898410, 32.50000000000000000 ) ) ;
#2475 = DIRECTION ( 'NONE',  ( -0.000000000000000000, -1.000000000000000000, -0.000000000000000000 ) ) ;
#2476 = DIRECTION ( 'NONE',  ( 0.000000000000000000, 0.000000000000000000, -1.000000000000000000 ) ) ;
#2477 = ORIENTED_EDGE ( 'NONE', *, *, #3015, .F. ) ;
#2478 = DIRECTION ( 'NONE',  ( -1.000000000000000000, 0.000000000000000000, 0.000000000000000000 ) ) ;
#2479 = EDGE_CURVE ( 'NONE', #1974, #539, #3818, .T. ) ;
#2480 = VERTEX_POINT ( 'NONE', #1405 ) ;
#2481 = VECTOR ( 'NONE', #2755, 1000.000000000000000 ) ;
#2482 = ORIENTED_EDGE ( 'NONE', *, *, #4101, .F. ) ;
#2483 = AXIS2_PLACEMENT_3D ( 'NONE', #2037, #1398, #3949 ) ;
#2484 = CARTESIAN_POINT ( 'NONE',  ( -50.00000000000000000, 6.999999999999994671, 29.50000000000000355 ) ) ;
#2485 = FACE_OUTER_BOUND ( 'NONE', #3862, .T. ) ;
#2486 = VECTOR ( 'NONE', #1074, 1000.000000000000000 ) ;
#2487 = ORIENTED_EDGE ( 'NONE', *, *, #4119, .F. ) ;
#2488 = EDGE_CURVE ( 'NONE', #316, #2427, #2391, .T. ) ;
#2489 = LINE ( 'NONE', #508, #502 ) ;
#2490 = VERTEX_POINT ( 'NONE', #1147 ) ;
#2491 = AXIS2_PLACEMENT_3D ( 'NONE', #1407, #3625, #3957 ) ;
#2492 = CIRCLE ( 'NONE', #1197, 2.000000000000001776 ) ;
#2493 = CYLINDRICAL_SURFACE ( 'NONE', #3534, 3.000000000000000000 ) ;
#2494 = VERTEX_POINT ( 'NONE', #3722 ) ;
#2495 = FACE_BOUND ( 'NONE', #3210, .T. ) ;
#2496 = LINE ( 'NONE', #2171, #875 ) ;
#2497 = DIRECTION ( 'NONE',  ( 1.000000000000000000, 0.000000000000000000, 0.000000000000000000 ) ) ;
#2498 = DIRECTION ( 'NONE',  ( -1.000000000000000000, 0.000000000000000000, 0.000000000000000000 ) ) ;
#2499 = ADVANCED_FACE ( 'NONE', ( #3087 ), #180, .T. ) ;
#2500 = ORIENTED_EDGE ( 'NONE', *, *, #925, .F. ) ;
#2501 = CARTESIAN_POINT ( 'NONE',  ( -55.99999999999999289, 1.421111387729532716, 7.500000000000000000 ) ) ;
#2502 = VERTEX_POINT ( 'NONE', #3407 ) ;
#2503 = ORIENTED_EDGE ( 'NONE', *, *, #1632, .T. ) ;
#2504 = LINE ( 'NONE', #2783, #243 ) ;
#2505 = ORIENTED_EDGE ( 'NONE', *, *, #405, .F. ) ;
#2506 = DIRECTION ( 'NONE',  ( 1.000000000000000000, 0.000000000000000000, 0.000000000000000000 ) ) ;
#2507 = CARTESIAN_POINT ( 'NONE',  ( 23.00000000000000000, 20.00000000000000711, 0.000000000000000000 ) ) ;
#2508 = ORIENTED_EDGE ( 'NONE', *, *, #895, .T. ) ;
#2509 = AXIS2_PLACEMENT_3D ( 'NONE', #3517, #594, #1556 ) ;
#2510 = CARTESIAN_POINT ( 'NONE',  ( 36.80391159174331506, 4.000000000000021316, 40.00000000000000000 ) ) ;
#2511 = AXIS2_PLACEMENT_3D ( 'NONE', #2945, #3609, #2287 ) ;
#2512 = ORIENTED_EDGE ( 'NONE', *, *, #613, .F. ) ;
#2513 = DIRECTION ( 'NONE',  ( 0.000000000000000000, -1.000000000000000000, 0.000000000000000000 ) ) ;
#2514 = CARTESIAN_POINT ( 'NONE',  ( -40.32050807568876394, -76.00000000000000000, 40.00000000000000000 ) ) ;
#2515 = DIRECTION ( 'NONE',  ( 0.000000000000000000, 0.000000000000000000, -1.000000000000000000 ) ) ;
#2516 = ADVANCED_FACE ( 'NONE', ( #4059 ), #2432, .F. ) ;
#2517 = CARTESIAN_POINT ( 'NONE',  ( 12.49999999999998224, -46.00000000000000000, 7.500000000000000000 ) ) ;
#2518 = ORIENTED_EDGE ( 'NONE', *, *, #89, .F. ) ;
#2519 = CIRCLE ( 'NONE', #1976, 10.00000000000000178 ) ;
#2520 = CARTESIAN_POINT ( 'NONE',  ( -64.24871130596434909, -52.00000000000014921, 40.00000000000000000 ) ) ;
#2521 = EDGE_CURVE ( 'NONE', #3958, #3018, #2540, .T. ) ;
#2522 = ADVANCED_FACE ( 'NONE', ( #2839 ), #3155, .F. ) ;
#2523 = EDGE_LOOP ( 'NONE', ( #154, #4001 ) ) ;
#2524 = ORIENTED_EDGE ( 'NONE', *, *, #546, .F. ) ;
#2525 = DIRECTION ( 'NONE',  ( 1.000000000000000000, 0.000000000000000000, -0.000000000000000000 ) ) ;
#2526 = ADVANCED_FACE ( 'NONE', ( #3386 ), #807, .F. ) ;
#2527 = CARTESIAN_POINT ( 'NONE',  ( 8.572527594031473190E-16, -64.99999999999998579, 27.00000000000000000 ) ) ;
#2528 = VERTEX_POINT ( 'NONE', #3429 ) ;
#2529 = AXIS2_PLACEMENT_3D ( 'NONE', #3373, #466, #1755 ) ;
#2530 = CARTESIAN_POINT ( 'NONE',  ( -50.63742695762193335, -1.270135603009171499, 0.000000000000000000 ) ) ;
#2531 = DIRECTION ( 'NONE',  ( 1.000000000000000000, 0.000000000000000000, 0.000000000000000000 ) ) ;
#2532 = ORIENTED_EDGE ( 'NONE', *, *, #3805, .T. ) ;
#2533 = AXIS2_PLACEMENT_3D ( 'NONE', #38, #1967, #3856 ) ;
#2534 = DIRECTION ( 'NONE',  ( 1.000000000000000000, 0.000000000000000000, 0.000000000000000000 ) ) ;
#2535 = EDGE_CURVE ( 'NONE', #3018, #2567, #1085, .T. ) ;
#2536 = VECTOR ( 'NONE', #1799, 1000.000000000000000 ) ;
#2537 = DIRECTION ( 'NONE',  ( -0.000000000000000000, 0.000000000000000000, 1.000000000000000000 ) ) ;
#2538 = DIRECTION ( 'NONE',  ( -0.000000000000000000, -0.000000000000000000, 1.000000000000000000 ) ) ;
#2539 = EDGE_CURVE ( 'NONE', #482, #3356, #4080, .T. ) ;
#2540 = LINE ( 'NONE', #2192, #2187 ) ;
#2541 = VECTOR ( 'NONE', #952, 1000.000000000000000 ) ;
#2542 = CYLINDRICAL_SURFACE ( 'NONE', #43, 4.049999999999998046 ) ;
#2543 = CARTESIAN_POINT ( 'NONE',  ( -68.29871130596434625, -52.00000000000014921, 7.499999999999992895 ) ) ;
#2544 = VERTEX_POINT ( 'NONE', #2353 ) ;
#2545 = DIRECTION ( 'NONE',  ( 0.000000000000000000, 1.000000000000000000, 0.000000000000000000 ) ) ;
#2546 = DIRECTION ( 'NONE',  ( 0.4485411651231172581, 0.8937621737296764790, 0.000000000000000000 ) ) ;
#2547 = CARTESIAN_POINT ( 'NONE',  ( -64.83183426055225596, -51.84837922897456508, 0.000000000000000000 ) ) ;
#2548 = ORIENTED_EDGE ( 'NONE', *, *, #127, .F. ) ;
#2549 = FACE_OUTER_BOUND ( 'NONE', #2894, .T. ) ;
#2550 = ORIENTED_EDGE ( 'NONE', *, *, #2939, .F. ) ;
#2551 = CARTESIAN_POINT ( 'NONE',  ( -38.46443379049049582, 0.6912469907387239765, 7.500000000000000000 ) ) ;
#2552 = AXIS2_PLACEMENT_3D ( 'NONE', #4063, #518, #2435 ) ;
#2553 = ORIENTED_EDGE ( 'NONE', *, *, #1640, .F. ) ;
#2554 = LINE ( 'NONE', #1915, #641 ) ;
#2555 = AXIS2_PLACEMENT_3D ( 'NONE', #3051, #1388, #4005 ) ;
#2556 = DIRECTION ( 'NONE',  ( 0.000000000000000000, -0.000000000000000000, -1.000000000000000000 ) ) ;
#2557 = CARTESIAN_POINT ( 'NONE',  ( -50.00000000000000000, 9.999999999999994671, 29.50000000000000355 ) ) ;
#2558 = CARTESIAN_POINT ( 'NONE',  ( 68.29871130596434625, -52.00000000000014921, 40.00000000000000000 ) ) ;
#2559 = FACE_OUTER_BOUND ( 'NONE', #730, .T. ) ;
#2560 = CARTESIAN_POINT ( 'NONE',  ( 60.33874540297191658, -42.89545990659892283, 0.000000000000000000 ) ) ;
#2561 = ORIENTED_EDGE ( 'NONE', *, *, #311, .F. ) ;
#2562 = LINE ( 'NONE', #3286, #205 ) ;
#2563 = EDGE_CURVE ( 'NONE', #2772, #3529, #1971, .T. ) ;
#2564 = CARTESIAN_POINT ( 'NONE',  ( -56.10820140082092422, -34.46568690597898410, 0.000000000000000000 ) ) ;
#2565 = CARTESIAN_POINT ( 'NONE',  ( 50.00000000000000711, 1.421111387729531828, 32.50000000000000000 ) ) ;
#2566 = ORIENTED_EDGE ( 'NONE', *, *, #749, .F. ) ;
#2567 = VERTEX_POINT ( 'NONE', #2026 ) ;
#2568 = CARTESIAN_POINT ( 'NONE',  ( 38.46443379049051714, 0.6912469907387288615, 7.499999999999999112 ) ) ;
#2569 = EDGE_CURVE ( 'NONE', #4009, #2448, #100, .T. ) ;
#2570 = ORIENTED_EDGE ( 'NONE', *, *, #2364, .F. ) ;
#2571 = CARTESIAN_POINT ( 'NONE',  ( 34.96152422706639840, -45.99999999999997868, 40.00000000000000000 ) ) ;
#2572 = FACE_OUTER_BOUND ( 'NONE', #3880, .T. ) ;
#2573 = EDGE_CURVE ( 'NONE', #4020, #4047, #2383, .T. ) ;
#2574 = EDGE_CURVE ( 'NONE', #2137, #2232, #2168, .T. ) ;
#2575 = FACE_OUTER_BOUND ( 'NONE', #1328, .T. ) ;
#2576 = CARTESIAN_POINT ( 'NONE',  ( 4.163799117101000559E-16, -65.99999999999998579, 16.60000000000000142 ) ) ;
#2577 = FACE_OUTER_BOUND ( 'NONE', #3248, .T. ) ;
#2578 = CARTESIAN_POINT ( 'NONE',  ( 12.49999999999998224, -62.99999999999998579, 32.50000000000000000 ) ) ;
#2579 = CIRCLE ( 'NONE', #3668, 1.700000000000000178 ) ;
#2580 = DIRECTION ( 'NONE',  ( -0.4485411651231172581, -0.8937621737296764790, 0.000000000000000000 ) ) ;
#2581 = VERTEX_POINT ( 'NONE', #1394 ) ;
#2582 = PLANE ( 'NONE',  #344 ) ;
#2583 = CARTESIAN_POINT ( 'NONE',  ( -64.83183426055225596, -51.84837922897456508, 40.00000000000000000 ) ) ;
#2584 = DIRECTION ( 'NONE',  ( 0.000000000000000000, -0.000000000000000000, 1.000000000000000000 ) ) ;
#2585 = VERTEX_POINT ( 'NONE', #4106 ) ;
#2586 = CARTESIAN_POINT ( 'NONE',  ( -23.00000000000000000, 28.00000000000001066, 0.000000000000000000 ) ) ;
#2587 = VECTOR ( 'NONE', #3258, 1000.000000000000000 ) ;
#2588 = ORIENTED_EDGE ( 'NONE', *, *, #3098, .T. ) ;
#2589 = DIRECTION ( 'NONE',  ( -1.000000000000000000, -0.000000000000000000, -0.000000000000000000 ) ) ;
#2590 = ORIENTED_EDGE ( 'NONE', *, *, #1636, .T. ) ;
#2591 = DIRECTION ( 'NONE',  ( -0.000000000000000000, -0.000000000000000000, 1.000000000000000000 ) ) ;
#2592 = CARTESIAN_POINT ( 'NONE',  ( -64.24871130596434909, -52.00000000000014921, 7.499999999999992895 ) ) ;
#2593 = ORIENTED_EDGE ( 'NONE', *, *, #3147, .T. ) ;
#2594 = AXIS2_PLACEMENT_3D ( 'NONE', #2761, #3352, #1716 ) ;
#2595 = CARTESIAN_POINT ( 'NONE',  ( 36.80391159174331506, 4.000000000000021316, 40.00000000000000000 ) ) ;
#2596 = CIRCLE ( 'NONE', #625, 4.049999999999998046 ) ;
#2597 = DIRECTION ( 'NONE',  ( 1.000000000000000000, 0.000000000000000000, 0.000000000000000000 ) ) ;
#2598 = LINE ( 'NONE', #658, #2892 ) ;
#2599 = EDGE_CURVE ( 'NONE', #1744, #1714, #2194, .T. ) ;
#2600 = CARTESIAN_POINT ( 'NONE',  ( -39.99999999999998579, -66.00000000000000000, 40.00000000000000000 ) ) ;
#2601 = VECTOR ( 'NONE', #3319, 1000.000000000000000 ) ;
#2602 = VERTEX_POINT ( 'NONE', #621 ) ;
#2603 = DIRECTION ( 'NONE',  ( -0.000000000000000000, -1.000000000000000000, -0.000000000000000000 ) ) ;
#2604 = DIRECTION ( 'NONE',  ( 0.8660254037844419273, -0.4999999999999943934, -7.418225390690212209E-17 ) ) ;
#2605 = DIRECTION ( 'NONE',  ( -1.387778780781445922E-16, 1.000000000000000000, -0.000000000000000000 ) ) ;
#2606 = ORIENTED_EDGE ( 'NONE', *, *, #754, .T. ) ;
#2607 = LINE ( 'NONE', #1970, #969 ) ;
#2608 = ORIENTED_EDGE ( 'NONE', *, *, #1547, .F. ) ;
#2609 = DIRECTION ( 'NONE',  ( 0.000000000000000000, -1.000000000000000000, -1.734723475976808080E-16 ) ) ;
#2610 = VERTEX_POINT ( 'NONE', #3221 ) ;
#2611 = ADVANCED_FACE ( 'NONE', ( #3565 ), #2582, .F. ) ;
#2612 = EDGE_CURVE ( 'NONE', #3820, #890, #4, .T. ) ;
#2613 = CARTESIAN_POINT ( 'NONE',  ( 40.32050807568879947, -76.00000000000000000, 32.49999999999999289 ) ) ;
#2614 = EDGE_LOOP ( 'NONE', ( #1157, #2370, #3101, #3160 ) ) ;
#2615 = CC_DESIGN_APPROVAL ( #3715, ( #698 ) ) ;
#2616 = VECTOR ( 'NONE', #404, 1000.000000000000000 ) ;
#2617 = CARTESIAN_POINT ( 'NONE',  ( -49.99999999999999289, -2.281631333264775835E-14, 0.000000000000000000 ) ) ;
#2618 = DIRECTION ( 'NONE',  ( -0.000000000000000000, 1.000000000000000000, -0.000000000000000000 ) ) ;
#2619 = CYLINDRICAL_SURFACE ( 'NONE', #3100, 6.999999999999999112 ) ;
#2620 = DIRECTION ( 'NONE',  ( 0.000000000000000000, 0.000000000000000000, -1.000000000000000000 ) ) ;
#2621 = EDGE_CURVE ( 'NONE', #2721, #3716, #2722, .T. ) ;
#2622 = ORIENTED_EDGE ( 'NONE', *, *, #2725, .F. ) ;
#2623 = CARTESIAN_POINT ( 'NONE',  ( -1.353084311261909534E-14, 31.99999999999998579, 20.00000000000000000 ) ) ;
#2624 = CIRCLE ( 'NONE', #1879, 5.999999999999998224 ) ;
#2625 = CYLINDRICAL_SURFACE ( 'NONE', #2533, 11.00000000000000000 ) ;
#2626 = CARTESIAN_POINT ( 'NONE',  ( 80.00000000000000000, -65.99999999999998579, 32.50000000000000000 ) ) ;
#2627 = EDGE_CURVE ( 'NONE', #3339, #869, #3243, .T. ) ;
#2628 = VERTEX_POINT ( 'NONE', #2882 ) ;
#2629 = DIRECTION ( 'NONE',  ( -0.000000000000000000, -0.000000000000000000, 1.000000000000000000 ) ) ;
#2630 = AXIS2_PLACEMENT_3D ( 'NONE', #3084, #1401, #3659 ) ;
#2631 = CARTESIAN_POINT ( 'NONE',  ( -23.00000000000000000, 30.00000000000001066, 30.00000000000000000 ) ) ;
#2632 = ORIENTED_EDGE ( 'NONE', *, *, #3187, .T. ) ;
#2633 = ORIENTED_EDGE ( 'NONE', *, *, #2248, .T. ) ;
#2634 = DIRECTION ( 'NONE',  ( 0.000000000000000000, 0.000000000000000000, -1.000000000000000000 ) ) ;
#2635 = VECTOR ( 'NONE', #2790, 1000.000000000000000 ) ;
#2636 = CYLINDRICAL_SURFACE ( 'NONE', #3378, 10.00000000000000178 ) ;
#2637 = ORIENTED_EDGE ( 'NONE', *, *, #3187, .F. ) ;
#2638 = CARTESIAN_POINT ( 'NONE',  ( -34.96152422706639840, -56.00000000000000711, 32.50000000000000000 ) ) ;
#2639 = DIRECTION ( 'NONE',  ( 0.000000000000000000, 0.000000000000000000, 1.000000000000000000 ) ) ;
#2640 = PERSON_AND_ORGANIZATION ( #317, #2211 ) ;
#2641 = DIRECTION ( 'NONE',  ( 0.000000000000000000, 0.000000000000000000, 1.000000000000000000 ) ) ;
#2642 = AXIS2_PLACEMENT_3D ( 'NONE', #331, #244, #944 ) ;
#2643 = VERTEX_POINT ( 'NONE', #1322 ) ;
#2644 = CARTESIAN_POINT ( 'NONE',  ( 43.00000000000000711, -75.99999999999998579, 0.000000000000000000 ) ) ;
#2645 = CIRCLE ( 'NONE', #2916, 10.00000000000000178 ) ;
#2646 = EDGE_CURVE ( 'NONE', #2567, #3415, #745, .T. ) ;
#2647 = CARTESIAN_POINT ( 'NONE',  ( 33.10186074811246471, -1.999999999999979572, 0.000000000000000000 ) ) ;
#2648 = LINE ( 'NONE', #1989, #1126 ) ;
#2649 = VERTEX_POINT ( 'NONE', #3202 ) ;
#2650 = DIRECTION ( 'NONE',  ( -1.000000000000000000, 3.541727096785982071E-15, 0.000000000000000000 ) ) ;
#2651 = CIRCLE ( 'NONE', #940, 5.999999999999998224 ) ;
#2652 = EDGE_CURVE ( 'NONE', #3548, #1418, #1943, .T. ) ;
#2653 = DIRECTION ( 'NONE',  ( -0.000000000000000000, -1.000000000000000000, -0.000000000000000000 ) ) ;
#2654 = EDGE_LOOP ( 'NONE', ( #1932, #1222, #3064, #2548 ) ) ;
#2655 = EDGE_CURVE ( 'NONE', #1742, #4075, #1826, .T. ) ;
#2656 = VERTEX_POINT ( 'NONE', #333 ) ;
#2657 = DIRECTION ( 'NONE',  ( 0.000000000000000000, 0.000000000000000000, -1.000000000000000000 ) ) ;
#2658 = AXIS2_PLACEMENT_3D ( 'NONE', #3004, #35, #705 ) ;
#2659 = AXIS2_PLACEMENT_3D ( 'NONE', #2595, #3194, #2256 ) ;
#2660 = DIRECTION ( 'NONE',  ( -0.000000000000000000, -0.000000000000000000, 1.000000000000000000 ) ) ;
#2661 = VERTEX_POINT ( 'NONE', #1007 ) ;
#2662 = CYLINDRICAL_SURFACE ( 'NONE', #3747, 4.049999999999998046 ) ;
#2663 = ADVANCED_FACE ( 'NONE', ( #1279 ), #1645, .F. ) ;
#2664 = LINE ( 'NONE', #1047, #2601 ) ;
#2665 = SECURITY_CLASSIFICATION_LEVEL ( 'unclassified' ) ;
#2666 = DIRECTION ( 'NONE',  ( -0.000000000000000000, 1.000000000000000000, -0.000000000000000000 ) ) ;
#2667 = ORIENTED_EDGE ( 'NONE', *, *, #141, .F. ) ;
#2668 = CARTESIAN_POINT ( 'NONE',  ( -15.50000000000000711, 34.00000000000000711, 35.50000000000000711 ) ) ;
#2669 = ADVANCED_FACE ( 'NONE', ( #4172 ), #3521, .F. ) ;
#2670 = AXIS2_PLACEMENT_3D ( 'NONE', #2267, #3566, #2546 ) ;
#2671 = EDGE_CURVE ( 'NONE', #3301, #3590, #1978, .T. ) ;
#2672 = DIRECTION ( 'NONE',  ( 0.000000000000000000, -1.000000000000000000, -2.141633920959022233E-16 ) ) ;
#2673 = CYLINDRICAL_SURFACE ( 'NONE', #3170, 4.049999999999998046 ) ;
#2674 = ORIENTED_EDGE ( 'NONE', *, *, #701, .F. ) ;
#2675 = FACE_OUTER_BOUND ( 'NONE', #4178, .T. ) ;
#2676 = AXIS2_PLACEMENT_3D ( 'NONE', #276, #1865, #2182 ) ;
#2677 = ORIENTED_EDGE ( 'NONE', *, *, #2922, .T. ) ;
#2678 = EDGE_LOOP ( 'NONE', ( #2632, #1639 ) ) ;
#2679 = DIRECTION ( 'NONE',  ( 0.000000000000000000, -0.000000000000000000, -1.000000000000000000 ) ) ;
#2680 = CYLINDRICAL_SURFACE ( 'NONE', #3824, 2.999999999999999112 ) ;
#2681 = ORIENTED_EDGE ( 'NONE', *, *, #3557, .F. ) ;
#2682 = DIRECTION ( 'NONE',  ( 0.8660254037844420383, -0.4999999999999943934, 0.000000000000000000 ) ) ;
#2683 = CARTESIAN_POINT ( 'NONE',  ( 69.83183426055222753, -60.50863326681892573, 40.00000000000000000 ) ) ;
#2684 = PERSON_AND_ORGANIZATION ( #317, #2211 ) ;
#2685 = AXIS2_PLACEMENT_3D ( 'NONE', #2131, #200, #1196 ) ;
#2686 = DIRECTION ( 'NONE',  ( 0.000000000000000000, 0.000000000000000000, -1.000000000000000000 ) ) ;
#2687 = DIRECTION ( 'NONE',  ( -4.081702296416015504E-16, 1.000000000000000000, -0.000000000000000000 ) ) ;
#2688 = VECTOR ( 'NONE', #3907, 1000.000000000000000 ) ;
#2689 = ORIENTED_EDGE ( 'NONE', *, *, #2225, .F. ) ;
#2690 = LINE ( 'NONE', #1051, #3201 ) ;
#2691 = CIRCLE ( 'NONE', #513, 9.999999999999994671 ) ;
#2692 = LINE ( 'NONE', #59, #2759 ) ;
#2693 = CARTESIAN_POINT ( 'NONE',  ( 56.00000000000000711, 1.421111387729531828, 40.00000000000000000 ) ) ;
#2694 = ADVANCED_FACE ( 'NONE', ( #3896 ), #2904, .F. ) ;
#2695 = EDGE_LOOP ( 'NONE', ( #1050, #1089, #3711, #2608 ) ) ;
#2696 = VECTOR ( 'NONE', #2005, 1000.000000000000000 ) ;
#2697 = DIRECTION ( 'NONE',  ( -1.000000000000000000, 0.000000000000000000, 0.000000000000000000 ) ) ;
#2698 = VECTOR ( 'NONE', #2885, 1000.000000000000000 ) ;
#2699 = ORIENTED_EDGE ( 'NONE', *, *, #3633, .F. ) ;
#2700 = VERTEX_POINT ( 'NONE', #3586 ) ;
#2701 = LINE ( 'NONE', #4011, #2616 ) ;
#2702 = ORIENTED_EDGE ( 'NONE', *, *, #176, .F. ) ;
#2703 = EDGE_CURVE ( 'NONE', #1964, #1438, #946, .T. ) ;
#2704 = DIRECTION ( 'NONE',  ( 0.000000000000000000, 0.000000000000000000, -1.000000000000000000 ) ) ;
#2705 = EDGE_LOOP ( 'NONE', ( #2512, #2441, #1484, #3790 ) ) ;
#2706 = LINE ( 'NONE', #432, #1369 ) ;
#2707 = EDGE_CURVE ( 'NONE', #1985, #1000, #2562, .T. ) ;
#2708 = ADVANCED_FACE ( 'NONE', ( #376 ), #1668, .T. ) ;
#2709 = DIRECTION ( 'NONE',  ( -0.8660254037844414832, -0.4999999999999950595, 0.000000000000000000 ) ) ;
#2710 = APPLICATION_PROTOCOL_DEFINITION ( 'international standard', 'config_control_design', 1994, #1330 ) ;
#2711 = CARTESIAN_POINT ( 'NONE',  ( 40.32050807568879947, -65.99999999999998579, 40.00000000000000000 ) ) ;
#2712 = EDGE_CURVE ( 'NONE', #766, #2846, #2579, .T. ) ;
#2713 = ORIENTED_EDGE ( 'NONE', *, *, #4130, .T. ) ;
#2714 = DIRECTION ( 'NONE',  ( 1.000000000000000000, 0.000000000000000000, 0.000000000000000000 ) ) ;
#2715 = DIRECTION ( 'NONE',  ( 0.000000000000000000, 0.000000000000000000, -1.000000000000000000 ) ) ;
#2716 = DIRECTION ( 'NONE',  ( -1.000000000000000000, 0.000000000000000000, -0.000000000000000000 ) ) ;
#2717 = ORIENTED_EDGE ( 'NONE', *, *, #1376, .T. ) ;
#2718 = VECTOR ( 'NONE', #3827, 1000.000000000000000 ) ;
#2719 = ORIENTED_EDGE ( 'NONE', *, *, #3323, .F. ) ;
#2720 = DIRECTION ( 'NONE',  ( -0.000000000000000000, -0.000000000000000000, 1.000000000000000000 ) ) ;
#2721 = VERTEX_POINT ( 'NONE', #3367 ) ;
#2722 = CIRCLE ( 'NONE', #1286, 5.999999999999998224 ) ;
#2723 = VERTEX_POINT ( 'NONE', #2068 ) ;
#2724 = PLANE ( 'NONE',  #4174 ) ;
#2725 = EDGE_CURVE ( 'NONE', #2544, #825, #2753, .T. ) ;
#2726 = ORIENTED_EDGE ( 'NONE', *, *, #991, .T. ) ;
#2727 = CARTESIAN_POINT ( 'NONE',  ( -25.00000000000000000, 20.00000000000000711, 10.00000000000000000 ) ) ;
#2728 = ORIENTED_EDGE ( 'NONE', *, *, #189, .F. ) ;
#2729 = CIRCLE ( 'NONE', #4012, 10.00000000000000178 ) ;
#2730 = CARTESIAN_POINT ( 'NONE',  ( 36.80391159174331506, 4.000000000000021316, 32.50000000000000000 ) ) ;
#2731 = DIRECTION ( 'NONE',  ( 0.000000000000000000, 0.000000000000000000, 1.000000000000000000 ) ) ;
#2732 =( NAMED_UNIT ( * ) SI_UNIT ( $, .STERADIAN. ) SOLID_ANGLE_UNIT ( ) );
#2733 = VECTOR ( 'NONE', #3308, 1000.000000000000000 ) ;
#2734 = VERTEX_POINT ( 'NONE', #1772 ) ;
#2735 = DIRECTION ( 'NONE',  ( 0.000000000000000000, -1.000000000000000000, 0.000000000000000000 ) ) ;
#2736 = CIRCLE ( 'NONE', #4084, 4.049999999999998046 ) ;
#2737 = CARTESIAN_POINT ( 'NONE',  ( 50.00000000000000711, -6.718102166059167695E-15, 7.500000000000000000 ) ) ;
#2738 = CARTESIAN_POINT ( 'NONE',  ( -1.353084311261909534E-14, 31.99999999999998579, 20.00000000000000000 ) ) ;
#2739 = EDGE_LOOP ( 'NONE', ( #3246, #3817, #3614, #1339 ) ) ;
#2740 = DIRECTION ( 'NONE',  ( 1.000000000000000000, 0.000000000000000000, 0.000000000000000000 ) ) ;
#2741 = VERTEX_POINT ( 'NONE', #162 ) ;
#2742 = ORIENTED_EDGE ( 'NONE', *, *, #2248, .F. ) ;
#2743 = CARTESIAN_POINT ( 'NONE',  ( 78.00000000000001421, -55.79274057836332901, 7.499999999999992895 ) ) ;
#2744 = AXIS2_PLACEMENT_3D ( 'NONE', #806, #3086, #2731 ) ;
#2745 = VECTOR ( 'NONE', #2230, 1000.000000000000000 ) ;
#2746 = ORIENTED_EDGE ( 'NONE', *, *, #3139, .F. ) ;
#2747 = LINE ( 'NONE', #429, #56 ) ;
#2748 = EDGE_LOOP ( 'NONE', ( #3841, #2524, #146, #3242 ) ) ;
#2749 = DIRECTION ( 'NONE',  ( 0.000000000000000000, 0.000000000000000000, 1.000000000000000000 ) ) ;
#2750 = ADVANCED_FACE ( 'NONE', ( #3666 ), #731, .F. ) ;
#2751 = FACE_OUTER_BOUND ( 'NONE', #1973, .T. ) ;
#2752 = ORIENTED_EDGE ( 'NONE', *, *, #4031, .T. ) ;
#2753 = LINE ( 'NONE', #3388, #352 ) ;
#2754 = CIRCLE ( 'NONE', #241, 4.049999999999998046 ) ;
#2755 = DIRECTION ( 'NONE',  ( 0.000000000000000000, 0.000000000000000000, -1.000000000000000000 ) ) ;
#2756 = EDGE_CURVE ( 'NONE', #1991, #341, #1500, .T. ) ;
#2757 = FACE_OUTER_BOUND ( 'NONE', #547, .T. ) ;
#2758 = ORIENTED_EDGE ( 'NONE', *, *, #701, .T. ) ;
#2759 = VECTOR ( 'NONE', #2715, 1000.000000000000000 ) ;
#2760 = VERTEX_POINT ( 'NONE', #1451 ) ;
#2761 = CARTESIAN_POINT ( 'NONE',  ( -25.00000000000000000, 20.00000000000000711, 30.00000000000000000 ) ) ;
#2762 = EDGE_CURVE ( 'NONE', #3902, #3491, #16, .T. ) ;
#2763 = VERTEX_POINT ( 'NONE', #1710 ) ;
#2764 = EDGE_LOOP ( 'NONE', ( #1644, #1832 ) ) ;
#2765 = DIRECTION ( 'NONE',  ( -1.387778780781445922E-16, 1.000000000000000000, -0.000000000000000000 ) ) ;
#2766 = ORIENTED_EDGE ( 'NONE', *, *, #3071, .F. ) ;
#2767 = DIRECTION ( 'NONE',  ( 0.000000000000000000, 0.000000000000000000, 1.000000000000000000 ) ) ;
#2768 = CIRCLE ( 'NONE', #931, 5.000000000000000888 ) ;
#2769 = ORIENTED_EDGE ( 'NONE', *, *, #1553, .F. ) ;
#2770 = DIRECTION ( 'NONE',  ( 0.000000000000000000, -1.483645078138058959E-16, 1.000000000000000000 ) ) ;
#2771 = DIRECTION ( 'NONE',  ( 0.000000000000000000, 0.000000000000000000, -1.000000000000000000 ) ) ;
#2772 = VERTEX_POINT ( 'NONE', #707 ) ;
#2773 = CARTESIAN_POINT ( 'NONE',  ( -52.17057966352410858, -47.61135259505457640, 7.499999999999992895 ) ) ;
#2774 = VECTOR ( 'NONE', #345, 1000.000000000000000 ) ;
#2775 = PLANE ( 'NONE',  #2552 ) ;
#2776 = CARTESIAN_POINT ( 'NONE',  ( -12.49999999999998224, -76.00000000000000000, 7.500000000000000000 ) ) ;
#2777 = ORIENTED_EDGE ( 'NONE', *, *, #3400, .T. ) ;
#2778 = DIRECTION ( 'NONE',  ( -0.4485411651231172581, -0.8937621737296764790, 0.000000000000000000 ) ) ;
#2779 = ADVANCED_FACE ( 'NONE', ( #751 ), #2356, .F. ) ;
#2780 = ORIENTED_EDGE ( 'NONE', *, *, #1338, .T. ) ;
#2781 = CIRCLE ( 'NONE', #3309, 1.700000000000000178 ) ;
#2782 = ORIENTED_EDGE ( 'NONE', *, *, #3894, .T. ) ;
#2783 = CARTESIAN_POINT ( 'NONE',  ( 0.000000000000000000, -65.49999999999998579, 16.00000000000000000 ) ) ;
#2784 = CARTESIAN_POINT ( 'NONE',  ( -4.718447854656914508E-15, 31.99999999999998579, 20.00000000000000000 ) ) ;
#2785 = ORIENTED_EDGE ( 'NONE', *, *, #46, .F. ) ;
#2786 = EDGE_CURVE ( 'NONE', #1103, #3158, #3346, .T. ) ;
#2787 = CARTESIAN_POINT ( 'NONE',  ( 64.24871130596434909, -52.00000000000014921, 40.00000000000000000 ) ) ;
#2788 = VERTEX_POINT ( 'NONE', #416 ) ;
#2789 = VECTOR ( 'NONE', #235, 1000.000000000000000 ) ;
#2790 = DIRECTION ( 'NONE',  ( -0.000000000000000000, -0.000000000000000000, 1.000000000000000000 ) ) ;
#2791 = DIRECTION ( 'NONE',  ( -1.000000000000000000, 0.000000000000000000, 0.000000000000000000 ) ) ;
#2792 = ADVANCED_FACE ( 'NONE', ( #1073 ), #1090, .F. ) ;
#2793 = ORIENTED_EDGE ( 'NONE', *, *, #3218, .F. ) ;
#2794 = FACE_OUTER_BOUND ( 'NONE', #2036, .T. ) ;
#2795 = VECTOR ( 'NONE', #3241, 1000.000000000000000 ) ;
#2796 = CARTESIAN_POINT ( 'NONE',  ( 39.96152422706634866, -54.66025403784439618, 7.499999999999992895 ) ) ;
#2797 = VECTOR ( 'NONE', #3601, 1000.000000000000000 ) ;
#2798 = LINE ( 'NONE', #537, #1939 ) ;
#2799 = DIRECTION ( 'NONE',  ( -0.000000000000000000, -0.000000000000000000, 1.000000000000000000 ) ) ;
#2800 = EDGE_LOOP ( 'NONE', ( #3574, #3272, #3136, #2758 ) ) ;
#2801 = CARTESIAN_POINT ( 'NONE',  ( -55.99999999999999289, 1.421111387729532716, 40.00000000000000000 ) ) ;
#2802 = EDGE_CURVE ( 'NONE', #1501, #1591, #2331, .T. ) ;
#2803 = VERTEX_POINT ( 'NONE', #396 ) ;
#2804 = AXIS2_PLACEMENT_3D ( 'NONE', #2440, #3014, #1116 ) ;
#2805 = ORIENTED_EDGE ( 'NONE', *, *, #343, .F. ) ;
#2806 = CARTESIAN_POINT ( 'NONE',  ( 56.10820140082095264, -34.46568690597892726, 7.499999999999992895 ) ) ;
#2807 = CARTESIAN_POINT ( 'NONE',  ( -33.10186074811242918, 4.000000000000013323, 32.50000000000000000 ) ) ;
#2808 = AXIS2_PLACEMENT_3D ( 'NONE', #2949, #1012, #647 ) ;
#2809 = ORIENTED_EDGE ( 'NONE', *, *, #718, .F. ) ;
#2810 = CARTESIAN_POINT ( 'NONE',  ( -3.983659775168502830E-15, 31.99999999999998579, 14.00000000000000000 ) ) ;
#2811 = AXIS2_PLACEMENT_3D ( 'NONE', #3623, #2003, #2983 ) ;
#2812 = EDGE_LOOP ( 'NONE', ( #553, #505, #1249, #1308 ) ) ;
#2813 = LINE ( 'NONE', #3825, #3936 ) ;
#2814 = AXIS2_PLACEMENT_3D ( 'NONE', #1590, #2315, #321 ) ;
#2815 = ORIENTED_EDGE ( 'NONE', *, *, #4119, .T. ) ;
#2816 = CARTESIAN_POINT ( 'NONE',  ( 15.50000000000000000, 30.00000000000000711, 2.800000000000000266 ) ) ;
#2817 = LINE ( 'NONE', #2215, #3190 ) ;
#2818 = DIRECTION ( 'NONE',  ( 0.000000000000000000, -1.000000000000000000, -1.734723475976806848E-16 ) ) ;
#2819 = DIRECTION ( 'NONE',  ( 0.000000000000000000, -1.483645078138058959E-16, 1.000000000000000000 ) ) ;
#2820 = ORIENTED_EDGE ( 'NONE', *, *, #4101, .T. ) ;
#2821 = DIRECTION ( 'NONE',  ( 1.000000000000000000, 0.000000000000000000, 0.000000000000000000 ) ) ;
#2822 = EDGE_LOOP ( 'NONE', ( #504, #3371 ) ) ;
#2823 = VECTOR ( 'NONE', #4188, 1000.000000000000000 ) ;
#2824 = EDGE_LOOP ( 'NONE', ( #2948, #1901, #935, #375 ) ) ;
#2825 = PLANE ( 'NONE',  #3531 ) ;
#2826 = ORIENTED_EDGE ( 'NONE', *, *, #1584, .F. ) ;
#2827 = CYLINDRICAL_SURFACE ( 'NONE', #3890, 10.00000000000000178 ) ;
#2828 = DIRECTION ( 'NONE',  ( -1.000000000000000000, 0.000000000000000000, 0.000000000000000000 ) ) ;
#2829 = VERTEX_POINT ( 'NONE', #79 ) ;
#2830 = EDGE_CURVE ( 'NONE', #1095, #2772, #1365, .T. ) ;
#2831 = EDGE_CURVE ( 'NONE', #2232, #2137, #551, .T. ) ;
#2832 = DIRECTION ( 'NONE',  ( -0.000000000000000000, 0.000000000000000000, 1.000000000000000000 ) ) ;
#2833 = VERTEX_POINT ( 'NONE', #3007 ) ;
#2834 = CARTESIAN_POINT ( 'NONE',  ( -35.94999999999998863, -66.00000000000000000, 0.000000000000000000 ) ) ;
#2835 = EDGE_CURVE ( 'NONE', #869, #3148, #1732, .T. ) ;
#2836 = VECTOR ( 'NONE', #2660, 1000.000000000000000 ) ;
#2837 = CC_DESIGN_PERSON_AND_ORGANIZATION_ASSIGNMENT ( #2640, #413, ( #4173 ) ) ;
#2838 = CARTESIAN_POINT ( 'NONE',  ( -64.83183426055225596, -51.84837922897456508, 40.00000000000000000 ) ) ;
#2839 = FACE_OUTER_BOUND ( 'NONE', #2102, .T. ) ;
#2840 = CARTESIAN_POINT ( 'NONE',  ( -50.00000000000000000, 6.999999999999995559, 7.499999999999999112 ) ) ;
#2841 = EDGE_CURVE ( 'NONE', #1974, #3924, #2690, .T. ) ;
#2842 = CARTESIAN_POINT ( 'NONE',  ( 47.17057966352418674, -38.95109855721010916, 40.00000000000000000 ) ) ;
#2843 = ORIENTED_EDGE ( 'NONE', *, *, #3806, .F. ) ;
#2844 = DIRECTION ( 'NONE',  ( -1.000000000000000000, 0.000000000000000000, 0.000000000000000000 ) ) ;
#2845 = ORIENTED_EDGE ( 'NONE', *, *, #1319, .T. ) ;
#2846 = VERTEX_POINT ( 'NONE', #124 ) ;
#2847 = DIRECTION ( 'NONE',  ( -0.000000000000000000, 0.000000000000000000, -1.000000000000000000 ) ) ;
#2848 = ADVANCED_FACE ( 'NONE', ( #1751 ), #790, .F. ) ;
#2849 = ORIENTED_EDGE ( 'NONE', *, *, #304, .F. ) ;
#2850 = CARTESIAN_POINT ( 'NONE',  ( 23.00000000000000000, 28.00000000000001066, 30.00000000000000000 ) ) ;
#2851 = CARTESIAN_POINT ( 'NONE',  ( 64.24871130596434909, -52.00000000000014921, 0.000000000000000000 ) ) ;
#2852 = CIRCLE ( 'NONE', #406, 4.049999999999998046 ) ;
#2853 = CARTESIAN_POINT ( 'NONE',  ( -4.718447854656914508E-15, 9.999999999999994671, 26.00000000000000355 ) ) ;
#2854 = ORIENTED_EDGE ( 'NONE', *, *, #1403, .T. ) ;
#2855 = EDGE_CURVE ( 'NONE', #23, #2161, #2729, .T. ) ;
#2856 = AXIS2_PLACEMENT_3D ( 'NONE', #1544, #488, #2847 ) ;
#2857 = CYLINDRICAL_SURFACE ( 'NONE', #195, 1.700000000000000178 ) ;
#2858 = CARTESIAN_POINT ( 'NONE',  ( 0.000000000000000000, -65.49999999999998579, 20.00000000000000000 ) ) ;
#2859 = CARTESIAN_POINT ( 'NONE',  ( -60.33874540297188815, -42.89545990659898678, 7.499999999999992895 ) ) ;
#2860 = FACE_BOUND ( 'NONE', #3333, .T. ) ;
#2861 = CARTESIAN_POINT ( 'NONE',  ( -15.50000000000000711, 30.00000000000001421, 35.50000000000000711 ) ) ;
#2862 = ORIENTED_EDGE ( 'NONE', *, *, #3253, .F. ) ;
#2863 = CIRCLE ( 'NONE', #2930, 4.049999999999998046 ) ;
#2864 = CARTESIAN_POINT ( 'NONE',  ( -23.00000000000000000, 22.00000000000000711, 0.000000000000000000 ) ) ;
#2865 = CYLINDRICAL_SURFACE ( 'NONE', #1372, 9.999999999999994671 ) ;
#2866 = CARTESIAN_POINT ( 'NONE',  ( -11.00000000000001243, 31.99999999999998579, 20.00000000000000000 ) ) ;
#2867 = ORIENTED_EDGE ( 'NONE', *, *, #3422, .F. ) ;
#2868 = DIRECTION ( 'NONE',  ( -0.000000000000000000, -1.000000000000000000, -0.000000000000000000 ) ) ;
#2869 = ORIENTED_EDGE ( 'NONE', *, *, #3021, .T. ) ;
#2870 = CIRCLE ( 'NONE', #157, 10.00000000000000178 ) ;
#2871 = DIRECTION ( 'NONE',  ( 0.000000000000000000, -1.000000000000000000, 0.000000000000000000 ) ) ;
#2872 = ORIENTED_EDGE ( 'NONE', *, *, #1679, .F. ) ;
#2873 = VECTOR ( 'NONE', #2844, 1000.000000000000000 ) ;
#2874 = DIRECTION ( 'NONE',  ( -0.000000000000000000, -0.000000000000000000, 1.000000000000000000 ) ) ;
#2875 = AXIS2_PLACEMENT_3D ( 'NONE', #2372, #51, #2021 ) ;
#2876 = CARTESIAN_POINT ( 'NONE',  ( 47.17057966352418674, -38.95109855721010916, 40.00000000000000000 ) ) ;
#2877 = CYLINDRICAL_SURFACE ( 'NONE', #1082, 9.999999999999994671 ) ;
#2878 = VECTOR ( 'NONE', #632, 1000.000000000000000 ) ;
#2879 = CARTESIAN_POINT ( 'NONE',  ( 35.94999999999998863, -66.00000000000000000, 40.00000000000000000 ) ) ;
#2880 = LINE ( 'NONE', #2560, #2795 ) ;
#2881 = VERTEX_POINT ( 'NONE', #3704 ) ;
#2882 = CARTESIAN_POINT ( 'NONE',  ( 23.00000000000000000, 30.00000000000000711, 10.00000000000000000 ) ) ;
#2883 = ADVANCED_FACE ( 'NONE', ( #4061, #2495 ), #516, .T. ) ;
#2884 = CARTESIAN_POINT ( 'NONE',  ( 64.24871130596434909, -52.00000000000014921, 7.499999999999992895 ) ) ;
#2885 = DIRECTION ( 'NONE',  ( 0.000000000000000000, 0.000000000000000000, 1.000000000000000000 ) ) ;
#2886 = ORIENTED_EDGE ( 'NONE', *, *, #1054, .T. ) ;
#2887 = DIRECTION ( 'NONE',  ( 0.000000000000000000, 0.000000000000000000, 1.000000000000000000 ) ) ;
#2888 = ADVANCED_FACE ( 'NONE', ( #2434 ), #3111, .F. ) ;
#2889 = EDGE_CURVE ( 'NONE', #571, #785, #1790, .T. ) ;
#2890 = ORIENTED_EDGE ( 'NONE', *, *, #2305, .F. ) ;
#2891 = CARTESIAN_POINT ( 'NONE',  ( -25.00000000000000000, 28.00000000000001066, 0.000000000000000000 ) ) ;
#2892 = VECTOR ( 'NONE', #595, 1000.000000000000000 ) ;
#2893 = AXIS2_PLACEMENT_3D ( 'NONE', #801, #544, #3755 ) ;
#2894 = EDGE_LOOP ( 'NONE', ( #1688, #884, #1969, #2782 ) ) ;
#2895 = CIRCLE ( 'NONE', #3436, 1.700000000000000178 ) ;
#2896 = DIRECTION ( 'NONE',  ( 0.000000000000000000, 0.000000000000000000, 1.000000000000000000 ) ) ;
#2897 = AXIS2_PLACEMENT_3D ( 'NONE', #2851, #1843, #588 ) ;
#2898 = VECTOR ( 'NONE', #2906, 1000.000000000000000 ) ;
#2899 = CARTESIAN_POINT ( 'NONE',  ( -39.96152422706634866, -54.66025403784441750, 0.000000000000000000 ) ) ;
#2900 = CARTESIAN_POINT ( 'NONE',  ( 23.00000000000000000, 22.00000000000000711, 30.00000000000000000 ) ) ;
#2901 = CARTESIAN_POINT ( 'NONE',  ( -50.63742695762193335, -1.270135603009171943, 32.50000000000000000 ) ) ;
#2902 = LINE ( 'NONE', #2285, #611 ) ;
#2903 = ORIENTED_EDGE ( 'NONE', *, *, #1733, .T. ) ;
#2904 = CYLINDRICAL_SURFACE ( 'NONE', #2511, 2.000000000000001776 ) ;
#2905 = DIRECTION ( 'NONE',  ( 1.000000000000000000, 0.000000000000000000, 0.000000000000000000 ) ) ;
#2906 = DIRECTION ( 'NONE',  ( 0.000000000000000000, 0.000000000000000000, 1.000000000000000000 ) ) ;
#2907 = EDGE_LOOP ( 'NONE', ( #1657, #1924, #1667, #3127 ) ) ;
#2908 = DIRECTION ( 'NONE',  ( -0.000000000000000000, -0.000000000000000000, 1.000000000000000000 ) ) ;
#2909 = ORIENTED_EDGE ( 'NONE', *, *, #216, .F. ) ;
#2910 = CARTESIAN_POINT ( 'NONE',  ( -52.17057966352410858, -47.61135259505457640, 0.000000000000000000 ) ) ;
#2911 = ORIENTED_EDGE ( 'NONE', *, *, #1895, .T. ) ;
#2912 = CARTESIAN_POINT ( 'NONE',  ( -39.99999999999998579, -66.00000000000000000, 0.000000000000000000 ) ) ;
#2913 = EDGE_CURVE ( 'NONE', #3230, #1266, #420, .T. ) ;
#2914 = CYLINDRICAL_SURFACE ( 'NONE', #400, 2.000000000000001776 ) ;
#2915 = ORIENTED_EDGE ( 'NONE', *, *, #1579, .F. ) ;
#2916 = AXIS2_PLACEMENT_3D ( 'NONE', #2202, #3796, #3463 ) ;
#2917 = DIRECTION ( 'NONE',  ( -1.000000000000000000, 0.000000000000000000, 0.000000000000000000 ) ) ;
#2918 = CARTESIAN_POINT ( 'NONE',  ( 57.17057966352418674, -38.95109855721010916, 40.00000000000000000 ) ) ;
#2919 = FACE_OUTER_BOUND ( 'NONE', #3462, .T. ) ;
#2920 = DIRECTION ( 'NONE',  ( 0.000000000000000000, -0.000000000000000000, -1.000000000000000000 ) ) ;
#2921 = DIRECTION ( 'NONE',  ( 0.000000000000000000, 0.000000000000000000, 1.000000000000000000 ) ) ;
#2922 = EDGE_CURVE ( 'NONE', #421, #3924, #149, .T. ) ;
#2923 = VERTEX_POINT ( 'NONE', #873 ) ;
#2924 = CARTESIAN_POINT ( 'NONE',  ( 49.99999999999999289, 33.99999999999999289, 40.00000000000000000 ) ) ;
#2925 = DIRECTION ( 'NONE',  ( -0.000000000000000000, -0.000000000000000000, 1.000000000000000000 ) ) ;
#2926 = ORIENTED_EDGE ( 'NONE', *, *, #1156, .T. ) ;
#2927 = ORIENTED_EDGE ( 'NONE', *, *, #2303, .T. ) ;
#2928 = ADVANCED_FACE ( 'NONE', ( #2170 ), #2453, .F. ) ;
#2929 = CARTESIAN_POINT ( 'NONE',  ( 8.572527594031474176E-16, -65.99999999999998579, 27.00000000000000355 ) ) ;
#2930 = AXIS2_PLACEMENT_3D ( 'NONE', #3090, #261, #218 ) ;
#2931 = EDGE_LOOP ( 'NONE', ( #1959, #3505, #3439, #424 ) ) ;
#2932 = FACE_OUTER_BOUND ( 'NONE', #2153, .T. ) ;
#2933 = ORIENTED_EDGE ( 'NONE', *, *, #749, .T. ) ;
#2934 = ORIENTED_EDGE ( 'NONE', *, *, #1284, .F. ) ;
#2935 = CARTESIAN_POINT ( 'NONE',  ( -50.00000000000000000, 6.999999999999994671, 10.49999999999999822 ) ) ;
#2936 = AXIS2_PLACEMENT_3D ( 'NONE', #560, #224, #1520 ) ;
#2937 = LINE ( 'NONE', #1253, #2047 ) ;
#2938 = CIRCLE ( 'NONE', #2875, 4.049999999999998046 ) ;
#2939 = EDGE_CURVE ( 'NONE', #1482, #1609, #1475, .T. ) ;
#2940 = CARTESIAN_POINT ( 'NONE',  ( -49.99999999999999289, 6.999999999999995559, 32.50000000000000000 ) ) ;
#2941 = CARTESIAN_POINT ( 'NONE',  ( -34.96152422706640550, -46.00000000000000711, 40.00000000000000000 ) ) ;
#2942 = FACE_OUTER_BOUND ( 'NONE', #1084, .T. ) ;
#2943 = VECTOR ( 'NONE', #960, 1000.000000000000000 ) ;
#2944 = ORIENTED_EDGE ( 'NONE', *, *, #498, .T. ) ;
#2945 = CARTESIAN_POINT ( 'NONE',  ( -23.00000000000000000, 22.00000000000000711, 10.00000000000000000 ) ) ;
#2946 = DIRECTION ( 'NONE',  ( 0.000000000000000000, 0.000000000000000000, -1.000000000000000000 ) ) ;
#2947 = ORIENTED_EDGE ( 'NONE', *, *, #2208, .T. ) ;
#2948 = ORIENTED_EDGE ( 'NONE', *, *, #188, .T. ) ;
#2949 = CARTESIAN_POINT ( 'NONE',  ( -64.83183426055225596, -51.84837922897456508, 0.000000000000000000 ) ) ;
#2950 = LINE ( 'NONE', #1972, #2541 ) ;
#2951 = ORIENTED_EDGE ( 'NONE', *, *, #3860, .T. ) ;
#2952 = ORIENTED_EDGE ( 'NONE', *, *, #2314, .T. ) ;
#2953 = CARTESIAN_POINT ( 'NONE',  ( -34.96152422706639840, -56.00000000000000711, 40.00000000000000000 ) ) ;
#2954 = VERTEX_POINT ( 'NONE', #3808 ) ;
#2955 = SECURITY_CLASSIFICATION ( '', '', #2665 ) ;
#2956 = ADVANCED_FACE ( 'NONE', ( #2794 ), #497, .F. ) ;
#2957 = DIRECTION ( 'NONE',  ( 0.000000000000000000, 1.000000000000000000, 0.000000000000000000 ) ) ;
#2958 = CARTESIAN_POINT ( 'NONE',  ( -56.10820140082092422, -34.46568690597898410, 32.50000000000000000 ) ) ;
#2959 = APPROVAL_STATUS ( 'not_yet_approved' ) ;
#2960 = DIRECTION ( 'NONE',  ( -0.000000000000000000, -0.000000000000000000, 1.000000000000000000 ) ) ;
#2961 = EDGE_CURVE ( 'NONE', #2380, #1888, #3746, .T. ) ;
#2962 = EDGE_CURVE ( 'NONE', #2137, #2602, #1851, .T. ) ;
#2963 = VERTEX_POINT ( 'NONE', #2834 ) ;
#2964 = DIRECTION ( 'NONE',  ( 0.000000000000000000, 0.000000000000000000, -1.000000000000000000 ) ) ;
#2965 = EDGE_CURVE ( 'NONE', #341, #581, #1171, .T. ) ;
#2966 = FACE_OUTER_BOUND ( 'NONE', #3334, .T. ) ;
#2967 = DIRECTION ( 'NONE',  ( -0.000000000000000000, -0.000000000000000000, 1.000000000000000000 ) ) ;
#2968 = EDGE_LOOP ( 'NONE', ( #639, #332, #402, #661, #1282, #294, #2681, #2339, #589, #4160, #719, #2477, #3013, #699, #912 ) ) ;
#2969 = CARTESIAN_POINT ( 'NONE',  ( -56.10820140082092422, -34.46568690597898410, 0.000000000000000000 ) ) ;
#2970 = CARTESIAN_POINT ( 'NONE',  ( 0.000000000000000000, -65.49999999999998579, 20.00000000000000000 ) ) ;
#2971 = VERTEX_POINT ( 'NONE', #4126 ) ;
#2972 = ORIENTED_EDGE ( 'NONE', *, *, #2449, .T. ) ;
#2973 = DIRECTION ( 'NONE',  ( 0.8660254037844412611, 0.4999999999999953926, 7.418225390690227001E-17 ) ) ;
#2974 = EDGE_CURVE ( 'NONE', #1775, #2226, #3474, .T. ) ;
#2975 = CIRCLE ( 'NONE', #2228, 5.999999999999998224 ) ;
#2976 = LINE ( 'NONE', #70, #2836 ) ;
#2977 = DIRECTION ( 'NONE',  ( 1.000000000000000000, 3.686879161817355883E-16, 5.470020122120092554E-32 ) ) ;
#2978 = EDGE_CURVE ( 'NONE', #1348, #1408, #214, .T. ) ;
#2979 = ORIENTED_EDGE ( 'NONE', *, *, #883, .T. ) ;
#2980 = EDGE_CURVE ( 'NONE', #2468, #1542, #3804, .T. ) ;
#2981 = LINE ( 'NONE', #1765, #1439 ) ;
#2982 = CARTESIAN_POINT ( 'NONE',  ( 50.63742695762195467, -1.270135603009172609, 32.50000000000000000 ) ) ;
#2983 = DIRECTION ( 'NONE',  ( -0.8660254037844419273, 0.4999999999999943934, 0.000000000000000000 ) ) ;
#2984 = PERSON_AND_ORGANIZATION_ROLE ( 'creator' ) ;
#2985 = CARTESIAN_POINT ( 'NONE',  ( 0.000000000000000000, -65.99999999999998579, 20.00000000000000000 ) ) ;
#2986 = CIRCLE ( 'NONE', #3926, 11.00000000000000000 ) ;
#2987 = ORIENTED_EDGE ( 'NONE', *, *, #1507, .T. ) ;
#2988 = DIRECTION ( 'NONE',  ( 1.000000000000000000, 0.000000000000000000, 0.000000000000000000 ) ) ;
#2989 = DIRECTION ( 'NONE',  ( -0.000000000000000000, -0.000000000000000000, 1.000000000000000000 ) ) ;
#2990 = CARTESIAN_POINT ( 'NONE',  ( 12.49999999999998401, -65.99999999999998579, 29.50000000000000355 ) ) ;
#2991 = ORIENTED_EDGE ( 'NONE', *, *, #2539, .F. ) ;
#2992 = CARTESIAN_POINT ( 'NONE',  ( -23.00000000000000000, 30.00000000000001066, 0.000000000000000000 ) ) ;
#2993 = ORIENTED_EDGE ( 'NONE', *, *, #2264, .T. ) ;
#2994 = ORIENTED_EDGE ( 'NONE', *, *, #1811, .T. ) ;
#2995 = CARTESIAN_POINT ( 'NONE',  ( 64.24871130596434909, -52.00000000000014921, 40.00000000000000000 ) ) ;
#2996 = AXIS2_PLACEMENT_3D ( 'NONE', #2050, #439, #2988 ) ;
#2997 = CARTESIAN_POINT ( 'NONE',  ( 0.000000000000000000, -65.49999999999998579, 16.00000000000000000 ) ) ;
#2998 = ORIENTED_EDGE ( 'NONE', *, *, #827, .T. ) ;
#2999 = CARTESIAN_POINT ( 'NONE',  ( 64.83183426055228438, -51.84837922897451534, 7.499999999999992895 ) ) ;
#3000 = DIRECTION ( 'NONE',  ( -0.000000000000000000, -1.000000000000000000, -0.000000000000000000 ) ) ;
#3001 = COORDINATED_UNIVERSAL_TIME_OFFSET ( 8, 0, .AHEAD. ) ;
#3002 = EDGE_CURVE ( 'NONE', #1408, #1348, #2863, .T. ) ;
#3003 = CIRCLE ( 'NONE', #2529, 2.000000000000001776 ) ;
#3004 = CARTESIAN_POINT ( 'NONE',  ( -23.00000000000000000, 28.00000000000001066, 40.00000000000000000 ) ) ;
#3005 = DIRECTION ( 'NONE',  ( 0.000000000000000000, -0.000000000000000000, -1.000000000000000000 ) ) ;
#3006 = EDGE_LOOP ( 'NONE', ( #620, #1170, #1533, #379, #1225, #403, #66, #3525, #2952, #1834, #822, #867, #986, #197, #1868, #3963, #2869, #3295, #1244 ) ) ;
#3007 = CARTESIAN_POINT ( 'NONE',  ( -68.29871130596434625, -52.00000000000014921, 32.50000000000000000 ) ) ;
#3008 = CIRCLE ( 'NONE', #3281, 2.000000000000001776 ) ;
#3009 = CIRCLE ( 'NONE', #1234, 6.000000000000000000 ) ;
#3010 = FACE_OUTER_BOUND ( 'NONE', #464, .T. ) ;
#3011 = CARTESIAN_POINT ( 'NONE',  ( 39.99999999999998579, -66.00000000000000000, 0.000000000000000000 ) ) ;
#3012 = ORIENTED_EDGE ( 'NONE', *, *, #3909, .T. ) ;
#3013 = ORIENTED_EDGE ( 'NONE', *, *, #3547, .T. ) ;
#3014 = DIRECTION ( 'NONE',  ( 0.000000000000000000, -0.000000000000000000, -1.000000000000000000 ) ) ;
#3015 = EDGE_CURVE ( 'NONE', #2427, #2421, #4103, .T. ) ;
#3016 = AXIS2_PLACEMENT_3D ( 'NONE', #3446, #1822, #1184 ) ;
#3017 = ORIENTED_EDGE ( 'NONE', *, *, #3592, .T. ) ;
#3018 = VERTEX_POINT ( 'NONE', #1515 ) ;
#3019 = DIRECTION ( 'NONE',  ( -0.000000000000000000, -0.000000000000000000, 1.000000000000000000 ) ) ;
#3020 = ADVANCED_FACE ( 'NONE', ( #1192 ), #2128, .T. ) ;
#3021 = EDGE_CURVE ( 'NONE', #3083, #1118, #2519, .T. ) ;
#3022 = DIRECTION ( 'NONE',  ( -1.000000000000000000, 2.775557561562890957E-15, 0.000000000000000000 ) ) ;
#3023 = ORIENTED_EDGE ( 'NONE', *, *, #532, .T. ) ;
#3024 = DIRECTION ( 'NONE',  ( -0.000000000000000000, -1.000000000000000000, -0.000000000000000000 ) ) ;
#3025 = CARTESIAN_POINT ( 'NONE',  ( 36.80391159174331506, 4.000000000000021316, 0.000000000000000000 ) ) ;
#3026 = DIRECTION ( 'NONE',  ( 0.000000000000000000, 0.000000000000000000, -1.000000000000000000 ) ) ;
#3027 = APPROVAL_DATE_TIME ( #1729, #615 ) ;
#3028 = CIRCLE ( 'NONE', #175, 6.999999999999999112 ) ;
#3029 = CARTESIAN_POINT ( 'NONE',  ( 50.00000000000000000, 9.999999999999994671, 29.50000000000000355 ) ) ;
#3030 = AXIS2_PLACEMENT_3D ( 'NONE', #2912, #653, #3 ) ;
#3031 = ORIENTED_EDGE ( 'NONE', *, *, #1320, .F. ) ;
#3032 = DIRECTION ( 'NONE',  ( -0.000000000000000000, -1.000000000000000000, -0.000000000000000000 ) ) ;
#3033 = CIRCLE ( 'NONE', #3970, 10.00000000000000178 ) ;
#3034 = DIRECTION ( 'NONE',  ( -0.000000000000000000, 1.000000000000000000, -0.000000000000000000 ) ) ;
#3035 = CARTESIAN_POINT ( 'NONE',  ( 35.94999999999998863, -66.00000000000000000, 7.499999999999985789 ) ) ;
#3036 = EDGE_CURVE ( 'NONE', #2417, #1278, #1937, .T. ) ;
#3037 = VERTEX_POINT ( 'NONE', #918 ) ;
#3038 = AXIS2_PLACEMENT_3D ( 'NONE', #1961, #12, #3604 ) ;
#3039 = LINE ( 'NONE', #422, #2118 ) ;
#3040 = AXIS2_PLACEMENT_3D ( 'NONE', #2626, #710, #2716 ) ;
#3041 = ORIENTED_EDGE ( 'NONE', *, *, #360, .T. ) ;
#3042 = VERTEX_POINT ( 'NONE', #614 ) ;
#3043 = FACE_OUTER_BOUND ( 'NONE', #454, .T. ) ;
#3044 = FACE_OUTER_BOUND ( 'NONE', #3854, .T. ) ;
#3045 = ORIENTED_EDGE ( 'NONE', *, *, #2396, .F. ) ;
#3046 = ADVANCED_FACE ( 'NONE', ( #593 ), #3215, .T. ) ;
#3047 = DIRECTION ( 'NONE',  ( -1.000000000000000000, 0.000000000000000000, 0.000000000000000000 ) ) ;
#3048 = DIRECTION ( 'NONE',  ( 0.000000000000000000, -0.000000000000000000, -1.000000000000000000 ) ) ;
#3049 = EDGE_LOOP ( 'NONE', ( #795, #3917, #670, #2411 ) ) ;
#3050 = DIRECTION ( 'NONE',  ( 0.000000000000000000, 0.000000000000000000, 1.000000000000000000 ) ) ;
#3051 = CARTESIAN_POINT ( 'NONE',  ( 33.10186074811246471, -1.999999999999979572, 40.00000000000000000 ) ) ;
#3052 = DIRECTION ( 'NONE',  ( 0.000000000000000000, 0.000000000000000000, -1.000000000000000000 ) ) ;
#3053 = ORIENTED_EDGE ( 'NONE', *, *, #1141, .F. ) ;
#3054 = AXIS2_PLACEMENT_3D ( 'NONE', #199, #3154, #517 ) ;
#3055 = ORIENTED_EDGE ( 'NONE', *, *, #830, .T. ) ;
#3056 = DIRECTION ( 'NONE',  ( -1.000000000000000000, -3.686879161817355883E-16, 0.000000000000000000 ) ) ;
#3057 = EDGE_CURVE ( 'NONE', #1202, #3158, #4078, .T. ) ;
#3058 = VECTOR ( 'NONE', #662, 1000.000000000000000 ) ;
#3059 = ORIENTED_EDGE ( 'NONE', *, *, #2396, .T. ) ;
#3060 = ADVANCED_FACE ( 'NONE', ( #3237, #2575 ), #3912, .T. ) ;
#3061 = CARTESIAN_POINT ( 'NONE',  ( -49.99999999999999289, 9.999999999999994671, 10.49999999999999822 ) ) ;
#3062 = EDGE_LOOP ( 'NONE', ( #3757, #4007, #90, #1373, #879, #1672, #1496, #2845, #2164, #734, #3205, #1344 ) ) ;
#3063 = CARTESIAN_POINT ( 'NONE',  ( -39.99999999999998579, -66.00000000000000000, 32.50000000000000000 ) ) ;
#3064 = ORIENTED_EDGE ( 'NONE', *, *, #7, .F. ) ;
#3065 = VECTOR ( 'NONE', #656, 1000.000000000000000 ) ;
#3066 = CYLINDRICAL_SURFACE ( 'NONE', #2461, 4.049999999999998046 ) ;
#3067 = EDGE_CURVE ( 'NONE', #1418, #682, #1316, .T. ) ;
#3068 = PLANE ( 'NONE',  #77 ) ;
#3069 = EDGE_LOOP ( 'NONE', ( #3966, #415, #213, #3184 ) ) ;
#3070 = DIRECTION ( 'NONE',  ( 0.4485411651231172581, 0.8937621737296764790, 0.000000000000000000 ) ) ;
#3071 = EDGE_CURVE ( 'NONE', #1827, #3947, #959, .T. ) ;
#3072 = VECTOR ( 'NONE', #3135, 1000.000000000000000 ) ;
#3073 = CARTESIAN_POINT ( 'NONE',  ( 50.00000000000000000, 9.999999999999994671, 10.49999999999999822 ) ) ;
#3074 = CARTESIAN_POINT ( 'NONE',  ( -36.80391159174330085, 4.000000000000015987, 7.500000000000000000 ) ) ;
#3075 = ORIENTED_EDGE ( 'NONE', *, *, #2082, .F. ) ;
#3076 = AXIS2_PLACEMENT_3D ( 'NONE', #3544, #623, #2905 ) ;
#3077 = DIRECTION ( 'NONE',  ( -3.686879161817355883E-16, 1.000000000000000000, 0.000000000000000000 ) ) ;
#3078 = AXIS2_PLACEMENT_3D ( 'NONE', #1549, #4140, #2531 ) ;
#3079 = EDGE_LOOP ( 'NONE', ( #844, #970, #3617, #1849 ) ) ;
#3080 = ORIENTED_EDGE ( 'NONE', *, *, #2466, .T. ) ;
#3081 = DIRECTION ( 'NONE',  ( 0.000000000000000000, 0.000000000000000000, 1.000000000000000000 ) ) ;
#3082 = CIRCLE ( 'NONE', #3016, 1.700000000000000178 ) ;
#3083 = VERTEX_POINT ( 'NONE', #2214 ) ;
#3084 = CARTESIAN_POINT ( 'NONE',  ( -34.96152422706640550, -46.00000000000000711, 7.499999999999992895 ) ) ;
#3085 = EDGE_LOOP ( 'NONE', ( #2297, #559, #1353, #3138 ) ) ;
#3086 = DIRECTION ( 'NONE',  ( 0.000000000000000000, 1.000000000000000000, 0.000000000000000000 ) ) ;
#3087 = FACE_OUTER_BOUND ( 'NONE', #1996, .T. ) ;
#3088 = EDGE_CURVE ( 'NONE', #2272, #1238, #1920, .T. ) ;
#3089 = ORIENTED_EDGE ( 'NONE', *, *, #262, .T. ) ;
#3090 = CARTESIAN_POINT ( 'NONE',  ( 64.24871130596434909, -52.00000000000014921, 32.50000000000000000 ) ) ;
#3091 = DIRECTION ( 'NONE',  ( 0.8660254037844414832, 0.4999999999999950595, 7.418225390690222070E-17 ) ) ;
#3092 = AXIS2_PLACEMENT_3D ( 'NONE', #1181, #3081, #1161 ) ;
#3093 = CARTESIAN_POINT ( 'NONE',  ( 80.00000000000000000, -62.99999999999998579, 10.49999999999998934 ) ) ;
#3094 = EDGE_CURVE ( 'NONE', #23, #1519, #2937, .T. ) ;
#3095 = VECTOR ( 'NONE', #3961, 1000.000000000000000 ) ;
#3096 = ORIENTED_EDGE ( 'NONE', *, *, #1014, .T. ) ;
#3097 = CARTESIAN_POINT ( 'NONE',  ( 56.00000000000000711, 1.421111387729531828, 40.00000000000000000 ) ) ;
#3098 = EDGE_CURVE ( 'NONE', #3864, #2018, #3613, .T. ) ;
#3099 = ORIENTED_EDGE ( 'NONE', *, *, #4147, .F. ) ;
#3100 = AXIS2_PLACEMENT_3D ( 'NONE', #1274, #1599, #2283 ) ;
#3101 = ORIENTED_EDGE ( 'NONE', *, *, #1811, .F. ) ;
#3102 = CARTESIAN_POINT ( 'NONE',  ( 39.96152422706634866, -54.66025403784439618, 40.00000000000000000 ) ) ;
#3103 = EDGE_LOOP ( 'NONE', ( #3752, #1183, #885, #2097, #3698, #1675, #1368, #3906 ) ) ;
#3104 = CARTESIAN_POINT ( 'NONE',  ( 68.29871130596434625, -52.00000000000014921, 7.499999999999992895 ) ) ;
#3105 = EDGE_CURVE ( 'NONE', #645, #2311, #347, .T. ) ;
#3106 = EDGE_LOOP ( 'NONE', ( #491, #1486 ) ) ;
#3107 = CARTESIAN_POINT ( 'NONE',  ( -15.50000000000000711, 30.00000000000001421, 35.50000000000000711 ) ) ;
#3108 = EDGE_CURVE ( 'NONE', #2803, #2231, #3535, .T. ) ;
#3109 = ADVANCED_FACE ( 'NONE', ( #941 ), #3515, .F. ) ;
#3110 = EDGE_LOOP ( 'NONE', ( #1402, #3943, #3178, #1246 ) ) ;
#3111 = PLANE ( 'NONE',  #3677 ) ;
#3112 = LINE ( 'NONE', #2796, #2308 ) ;
#3113 = DIRECTION ( 'NONE',  ( 0.000000000000000000, 0.000000000000000000, -1.000000000000000000 ) ) ;
#3114 = LINE ( 'NONE', #185, #252 ) ;
#3115 = ORIENTED_EDGE ( 'NONE', *, *, #3945, .T. ) ;
#3116 = LINE ( 'NONE', #187, #966 ) ;
#3117 = ORIENTED_EDGE ( 'NONE', *, *, #2671, .T. ) ;
#3118 = CIRCLE ( 'NONE', #1623, 1.700000000000000178 ) ;
#3119 = ORIENTED_EDGE ( 'NONE', *, *, #1648, .T. ) ;
#3120 = CARTESIAN_POINT ( 'NONE',  ( 0.000000000000000000, -65.49999999999998579, 20.00000000000000000 ) ) ;
#3121 = FACE_OUTER_BOUND ( 'NONE', #36, .T. ) ;
#3122 = ORIENTED_EDGE ( 'NONE', *, *, #4164, .T. ) ;
#3123 = CARTESIAN_POINT ( 'NONE',  ( -68.29871130596434625, -52.00000000000014921, 40.00000000000000000 ) ) ;
#3124 = AXIS2_PLACEMENT_3D ( 'NONE', #512, #1488, #2791 ) ;
#3125 = VERTEX_POINT ( 'NONE', #677 ) ;
#3126 = DIRECTION ( 'NONE',  ( -0.000000000000000000, -1.000000000000000000, -0.000000000000000000 ) ) ;
#3127 = ORIENTED_EDGE ( 'NONE', *, *, #2488, .F. ) ;
#3128 = DIRECTION ( 'NONE',  ( -0.000000000000000000, 1.000000000000000000, -0.000000000000000000 ) ) ;
#3129 = DIRECTION ( 'NONE',  ( -1.000000000000000000, 0.000000000000000000, 0.000000000000000000 ) ) ;
#3130 = CIRCLE ( 'NONE', #2247, 10.00000000000000178 ) ;
#3131 = EDGE_CURVE ( 'NONE', #2656, #643, #3581, .T. ) ;
#3132 = CARTESIAN_POINT ( 'NONE',  ( -33.10186074811242918, -1.999999999999987566, 40.00000000000000000 ) ) ;
#3133 = CARTESIAN_POINT ( 'NONE',  ( 0.000000000000000000, -73.99999999999998579, 23.40000000000000213 ) ) ;
#3134 = ORIENTED_EDGE ( 'NONE', *, *, #1733, .F. ) ;
#3135 = DIRECTION ( 'NONE',  ( 0.000000000000000000, 0.000000000000000000, -1.000000000000000000 ) ) ;
#3136 = ORIENTED_EDGE ( 'NONE', *, *, #1, .T. ) ;
#3137 = AXIS2_PLACEMENT_3D ( 'NONE', #1776, #3077, #3056 ) ;
#3138 = ORIENTED_EDGE ( 'NONE', *, *, #2227, .F. ) ;
#3139 = EDGE_CURVE ( 'NONE', #923, #4197, #3130, .T. ) ;
#3140 = DIRECTION ( 'NONE',  ( -0.000000000000000000, -0.000000000000000000, 1.000000000000000000 ) ) ;
#3141 = CARTESIAN_POINT ( 'NONE',  ( -4.718447854656914508E-15, 31.99999999999998579, 20.00000000000000000 ) ) ;
#3142 = CIRCLE ( 'NONE', #1444, 6.000000000000000000 ) ;
#3143 = ORIENTED_EDGE ( 'NONE', *, *, #3680, .T. ) ;
#3144 = DIRECTION ( 'NONE',  ( -0.000000000000000000, -0.000000000000000000, 1.000000000000000000 ) ) ;
#3145 = AXIS2_PLACEMENT_3D ( 'NONE', #1108, #2770, #2065 ) ;
#3146 = LINE ( 'NONE', #3490, #1102 ) ;
#3147 = EDGE_CURVE ( 'NONE', #3988, #1754, #32, .T. ) ;
#3148 = VERTEX_POINT ( 'NONE', #3826 ) ;
#3149 = ADVANCED_FACE ( 'NONE', ( #1575 ), #2662, .F. ) ;
#3150 = EDGE_CURVE ( 'NONE', #1248, #3641, #3681, .T. ) ;
#3151 = CARTESIAN_POINT ( 'NONE',  ( 69.83183426055222753, -60.50863326681892573, 40.00000000000000000 ) ) ;
#3152 = ORIENTED_EDGE ( 'NONE', *, *, #366, .F. ) ;
#3153 = CARTESIAN_POINT ( 'NONE',  ( 0.000000000000000000, -65.99999999999998579, 20.00000000000000000 ) ) ;
#3154 = DIRECTION ( 'NONE',  ( 0.000000000000000000, 0.000000000000000000, -1.000000000000000000 ) ) ;
#3155 = CYLINDRICAL_SURFACE ( 'NONE', #1628, 1.700000000000000178 ) ;
#3156 = LINE ( 'NONE', #2840, #2357 ) ;
#3157 = FACE_OUTER_BOUND ( 'NONE', #1756, .T. ) ;
#3158 = VERTEX_POINT ( 'NONE', #2638 ) ;
#3159 = LINE ( 'NONE', #582, #626 ) ;
#3160 = ORIENTED_EDGE ( 'NONE', *, *, #2488, .T. ) ;
#3161 = EDGE_CURVE ( 'NONE', #2448, #2760, #724, .T. ) ;
#3162 = EDGE_LOOP ( 'NONE', ( #2793, #150, #1445, #1979 ) ) ;
#3163 = AXIS2_PLACEMENT_3D ( 'NONE', #865, #1462, #1503 ) ;
#3164 = PLANE ( 'NONE',  #2856 ) ;
#3165 = DIRECTION ( 'NONE',  ( -0.000000000000000000, -1.000000000000000000, -0.000000000000000000 ) ) ;
#3166 = ORIENTED_EDGE ( 'NONE', *, *, #304, .T. ) ;
#3167 = CARTESIAN_POINT ( 'NONE',  ( -40.32050807568876394, -66.00000000000000000, 40.00000000000000000 ) ) ;
#3168 = CYLINDRICAL_SURFACE ( 'NONE', #3078, 5.999999999999998224 ) ;
#3169 = ORIENTED_EDGE ( 'NONE', *, *, #2208, .F. ) ;
#3170 = AXIS2_PLACEMENT_3D ( 'NONE', #3987, #4006, #1753 ) ;
#3171 = DIRECTION ( 'NONE',  ( -0.8937621737296761459, -0.4485411651231179242, 0.000000000000000000 ) ) ;
#3172 = EDGE_LOOP ( 'NONE', ( #3375, #2123, #1719, #2719 ) ) ;
#3173 = CARTESIAN_POINT ( 'NONE',  ( 64.24871130596434909, -52.00000000000014921, 32.50000000000000000 ) ) ;
#3174 = AXIS2_PLACEMENT_3D ( 'NONE', #3063, #1466, #3359 ) ;
#3175 = CARTESIAN_POINT ( 'NONE',  ( -40.32050807568876394, -66.00000000000000000, 40.00000000000000000 ) ) ;
#3176 = DIRECTION ( 'NONE',  ( 1.000000000000000000, 0.000000000000000000, 0.000000000000000000 ) ) ;
#3177 = CARTESIAN_POINT ( 'NONE',  ( -36.80391159174330085, 4.000000000000012434, 40.00000000000000000 ) ) ;
#3178 = ORIENTED_EDGE ( 'NONE', *, *, #1449, .F. ) ;
#3179 = LINE ( 'NONE', #269, #4154 ) ;
#3180 = CIRCLE ( 'NONE', #1342, 10.00000000000000178 ) ;
#3181 = DIRECTION ( 'NONE',  ( 0.000000000000000000, 0.000000000000000000, 1.000000000000000000 ) ) ;
#3182 = ORIENTED_EDGE ( 'NONE', *, *, #1067, .T. ) ;
#3183 = DIRECTION ( 'NONE',  ( -0.000000000000000000, -1.000000000000000000, -0.000000000000000000 ) ) ;
#3184 = ORIENTED_EDGE ( 'NONE', *, *, #2129, .F. ) ;
#3185 = CARTESIAN_POINT ( 'NONE',  ( 36.80391159174331506, 4.000000000000021316, 40.00000000000000000 ) ) ;
#3186 = AXIS2_PLACEMENT_3D ( 'NONE', #2152, #558, #3749 ) ;
#3187 = EDGE_CURVE ( 'NONE', #1097, #2661, #92, .T. ) ;
#3188 = ORIENTED_EDGE ( 'NONE', *, *, #3279, .F. ) ;
#3189 = PLANE ( 'NONE',  #4108 ) ;
#3190 = VECTOR ( 'NONE', #555, 1000.000000000000000 ) ;
#3191 = CARTESIAN_POINT ( 'NONE',  ( -39.99999999999998579, -66.00000000000000000, 40.00000000000000000 ) ) ;
#3192 = EDGE_CURVE ( 'NONE', #1413, #3083, #3996, .T. ) ;
#3193 = CIRCLE ( 'NONE', #1903, 6.000000000000000000 ) ;
#3194 = DIRECTION ( 'NONE',  ( 1.178355371040220958E-16, -1.000000000000000000, 0.000000000000000000 ) ) ;
#3195 = DIRECTION ( 'NONE',  ( -1.387778780781445922E-16, 1.000000000000000000, 0.000000000000000000 ) ) ;
#3196 = CARTESIAN_POINT ( 'NONE',  ( -73.76945599784900764, -47.36296757774338317, 40.00000000000000000 ) ) ;
#3197 = DIRECTION ( 'NONE',  ( -0.000000000000000000, -0.000000000000000000, 1.000000000000000000 ) ) ;
#3198 = EDGE_CURVE ( 'NONE', #368, #2229, #3412, .T. ) ;
#3199 = AXIS2_PLACEMENT_3D ( 'NONE', #14, #4189, #2196 ) ;
#3200 = ORIENTED_EDGE ( 'NONE', *, *, #4074, .T. ) ;
#3201 = VECTOR ( 'NONE', #3032, 1000.000000000000000 ) ;
#3202 = CARTESIAN_POINT ( 'NONE',  ( 50.00000000000000711, 6.999999999999995559, 7.500000000000002665 ) ) ;
#3203 = DIRECTION ( 'NONE',  ( 0.000000000000000000, -1.483645078138058959E-16, 1.000000000000000000 ) ) ;
#3204 = EDGE_LOOP ( 'NONE', ( #2169, #2926, #2944, #524 ) ) ;
#3205 = ORIENTED_EDGE ( 'NONE', *, *, #1245, .T. ) ;
#3206 = DIRECTION ( 'NONE',  ( 1.000000000000000000, 0.000000000000000000, 0.000000000000000000 ) ) ;
#3207 = ORIENTED_EDGE ( 'NONE', *, *, #2569, .T. ) ;
#3208 = VECTOR ( 'NONE', #2390, 1000.000000000000000 ) ;
#3209 = LINE ( 'NONE', #1612, #700 ) ;
#3210 = EDGE_LOOP ( 'NONE', ( #1750, #1029 ) ) ;
#3211 = VERTEX_POINT ( 'NONE', #3622 ) ;
#3212 = PLANE ( 'NONE',  #312 ) ;
#3213 = VECTOR ( 'NONE', #18, 1000.000000000000000 ) ;
#3214 = DIRECTION ( 'NONE',  ( -0.4999999999999953926, 0.8660254037844413721, 0.000000000000000000 ) ) ;
#3215 = PLANE ( 'NONE',  #2112 ) ;
#3216 = VECTOR ( 'NONE', #2295, 1000.000000000000000 ) ;
#3217 = CARTESIAN_POINT ( 'NONE',  ( -15.50000000000000711, 30.00000000000001421, 6.200000000000001066 ) ) ;
#3218 = EDGE_CURVE ( 'NONE', #3125, #802, #786, .T. ) ;
#3219 = LINE ( 'NONE', #307, #3741 ) ;
#3220 = ORIENTED_EDGE ( 'NONE', *, *, #2319, .T. ) ;
#3221 = CARTESIAN_POINT ( 'NONE',  ( -33.10186074811242918, 4.000000000000013323, 7.500000000000000000 ) ) ;
#3222 = CYLINDRICAL_SURFACE ( 'NONE', #160, 5.000000000000000888 ) ;
#3223 = DIRECTION ( 'NONE',  ( 1.000000000000000000, -0.000000000000000000, -0.000000000000000000 ) ) ;
#3224 = ORIENTED_EDGE ( 'NONE', *, *, #449, .F. ) ;
#3225 = EDGE_CURVE ( 'NONE', #1952, #170, #2736, .T. ) ;
#3226 = EDGE_LOOP ( 'NONE', ( #1570, #586 ) ) ;
#3227 = FACE_OUTER_BOUND ( 'NONE', #1474, .T. ) ;
#3228 = VECTOR ( 'NONE', #1898, 1000.000000000000000 ) ;
#3229 = CIRCLE ( 'NONE', #1739, 10.00000000000000178 ) ;
#3230 = VERTEX_POINT ( 'NONE', #746 ) ;
#3231 = CARTESIAN_POINT ( 'NONE',  ( -52.17057966352410858, -47.61135259505457640, 7.499999999999992006 ) ) ;
#3232 = AXIS2_PLACEMENT_3D ( 'NONE', #1734, #3310, #1052 ) ;
#3233 = PLANE ( 'NONE',  #3516 ) ;
#3234 = EDGE_CURVE ( 'NONE', #1293, #1746, #1510, .T. ) ;
#3235 = AXIS2_PLACEMENT_3D ( 'NONE', #2304, #3607, #2686 ) ;
#3236 = CIRCLE ( 'NONE', #4115, 9.999999999999994671 ) ;
#3237 = FACE_BOUND ( 'NONE', #2430, .T. ) ;
#3238 = CARTESIAN_POINT ( 'NONE',  ( -34.96152422706640550, -46.00000000000000711, 0.000000000000000000 ) ) ;
#3239 = CARTESIAN_POINT ( 'NONE',  ( 73.76945599784905028, -47.36296757774334765, 40.00000000000000000 ) ) ;
#3240 = ADVANCED_FACE ( 'NONE', ( #1703 ), #3954, .F. ) ;
#3241 = DIRECTION ( 'NONE',  ( 0.8660254037844414832, 0.4999999999999950595, -0.000000000000000000 ) ) ;
#3242 = ORIENTED_EDGE ( 'NONE', *, *, #740, .F. ) ;
#3243 = LINE ( 'NONE', #1902, #1435 ) ;
#3244 = CARTESIAN_POINT ( 'NONE',  ( 50.63742695762195467, -1.270135603009173053, 40.00000000000000000 ) ) ;
#3245 = ORIENTED_EDGE ( 'NONE', *, *, #3067, .T. ) ;
#3246 = ORIENTED_EDGE ( 'NONE', *, *, #845, .F. ) ;
#3247 = DIRECTION ( 'NONE',  ( -0.8660254037844414832, -0.4999999999999950595, 0.000000000000000000 ) ) ;
#3248 = EDGE_LOOP ( 'NONE', ( #515, #48, #2135, #1135 ) ) ;
#3249 = CARTESIAN_POINT ( 'NONE',  ( 12.49999999999998401, -62.99999999999998579, 10.49999999999998934 ) ) ;
#3250 = ORIENTED_EDGE ( 'NONE', *, *, #3147, .F. ) ;
#3251 = VERTEX_POINT ( 'NONE', #703 ) ;
#3252 = DIRECTION ( 'NONE',  ( 0.4485411651231172581, 0.8937621737296764790, 0.000000000000000000 ) ) ;
#3253 = EDGE_CURVE ( 'NONE', #2417, #1754, #3483, .T. ) ;
#3254 = CARTESIAN_POINT ( 'NONE',  ( 49.99999999999999289, 34.00000000000000000, 7.500000000000007105 ) ) ;
#3255 = DIRECTION ( 'NONE',  ( -1.000000000000000000, -0.000000000000000000, -0.000000000000000000 ) ) ;
#3256 = ORIENTED_EDGE ( 'NONE', *, *, #3477, .F. ) ;
#3257 = CIRCLE ( 'NONE', #3999, 4.049999999999998046 ) ;
#3258 = DIRECTION ( 'NONE',  ( -1.000000000000000000, 0.000000000000000000, 0.000000000000000000 ) ) ;
#3259 = DIRECTION ( 'NONE',  ( 0.000000000000000000, -1.000000000000000000, 0.000000000000000000 ) ) ;
#3260 = CARTESIAN_POINT ( 'NONE',  ( -35.94999999999998863, -66.00000000000000000, 40.00000000000000000 ) ) ;
#3261 = AXIS2_PLACEMENT_3D ( 'NONE', #3965, #3655, #423 ) ;
#3262 = CARTESIAN_POINT ( 'NONE',  ( -69.83183426055219911, -60.50863326681898968, 7.499999999999992006 ) ) ;
#3263 = ORIENTED_EDGE ( 'NONE', *, *, #1951, .T. ) ;
#3264 = CARTESIAN_POINT ( 'NONE',  ( 0.000000000000000000, 0.000000000000000000, 10.00000000000000000 ) ) ;
#3265 = CARTESIAN_POINT ( 'NONE',  ( -12.49999999999998224, -62.99999999999998579, 7.499999999999989342 ) ) ;
#3266 = CARTESIAN_POINT ( 'NONE',  ( 56.10820140082094554, -34.46568690597892015, 7.499999999999993783 ) ) ;
#3267 = ORIENTED_EDGE ( 'NONE', *, *, #2762, .F. ) ;
#3268 = FACE_BOUND ( 'NONE', #3762, .T. ) ;
#3269 = VECTOR ( 'NONE', #2977, 1000.000000000000000 ) ;
#3270 = FACE_OUTER_BOUND ( 'NONE', #1883, .T. ) ;
#3271 = EDGE_CURVE ( 'NONE', #3379, #1964, #2706, .T. ) ;
#3272 = ORIENTED_EDGE ( 'NONE', *, *, #2655, .F. ) ;
#3273 = AXIS2_PLACEMENT_3D ( 'NONE', #136, #1046, #1425 ) ;
#3274 = LINE ( 'NONE', #1680, #62 ) ;
#3275 = ADVANCED_FACE ( 'NONE', ( #1340 ), #1358, .F. ) ;
#3276 = EDGE_CURVE ( 'NONE', #2384, #3491, #3318, .T. ) ;
#3277 = ORIENTED_EDGE ( 'NONE', *, *, #2041, .T. ) ;
#3278 = AXIS2_PLACEMENT_3D ( 'NONE', #2801, #880, #1833 ) ;
#3279 = EDGE_CURVE ( 'NONE', #1696, #2330, #1919, .T. ) ;
#3280 = CARTESIAN_POINT ( 'NONE',  ( 25.00000000000000000, 20.00000000000000711, 0.000000000000000000 ) ) ;
#3281 = AXIS2_PLACEMENT_3D ( 'NONE', #2586, #3421, #1463 ) ;
#3282 = CARTESIAN_POINT ( 'NONE',  ( -60.33874540297188815, -42.89545990659898678, 0.000000000000000000 ) ) ;
#3283 = PERSON_AND_ORGANIZATION ( #317, #2211 ) ;
#3284 = CARTESIAN_POINT ( 'NONE',  ( -77.99999999999998579, -55.79274057836340006, 32.50000000000000000 ) ) ;
#3285 = EDGE_LOOP ( 'NONE', ( #1119, #3551, #3317, #1020 ) ) ;
#3286 = CARTESIAN_POINT ( 'NONE',  ( -49.99999999999999289, 33.99999999999998579, 7.500000000000007105 ) ) ;
#3287 = VECTOR ( 'NONE', #4199, 1000.000000000000000 ) ;
#3288 = DIRECTION ( 'NONE',  ( 0.000000000000000000, -1.000000000000000000, -1.734723475976808080E-16 ) ) ;
#3289 = EDGE_CURVE ( 'NONE', #3251, #664, #2054, .T. ) ;
#3290 = FACE_BOUND ( 'NONE', #2764, .T. ) ;
#3291 = ORIENTED_EDGE ( 'NONE', *, *, #1858, .T. ) ;
#3292 = FACE_BOUND ( 'NONE', #3396, .T. ) ;
#3293 = ADVANCED_FACE ( 'NONE', ( #2347 ), #1683, .F. ) ;
#3294 = CARTESIAN_POINT ( 'NONE',  ( -44.04999999999998295, -66.00000000000000000, 32.50000000000000000 ) ) ;
#3295 = ORIENTED_EDGE ( 'NONE', *, *, #1245, .F. ) ;
#3296 = EDGE_LOOP ( 'NONE', ( #4035, #1823, #1039, #3570 ) ) ;
#3297 = CYLINDRICAL_SURFACE ( 'NONE', #451, 10.00000000000000178 ) ;
#3298 = VECTOR ( 'NONE', #903, 1000.000000000000000 ) ;
#3299 = CIRCLE ( 'NONE', #177, 9.999999999999994671 ) ;
#3300 = DIRECTION ( 'NONE',  ( -6.245004513516504751E-15, -1.000000000000000000, -1.734723475976806848E-16 ) ) ;
#3301 = VERTEX_POINT ( 'NONE', #1105 ) ;
#3302 = VECTOR ( 'NONE', #708, 1000.000000000000000 ) ;
#3303 = DIRECTION ( 'NONE',  ( 0.000000000000000000, -1.000000000000000000, -2.141633920959022233E-16 ) ) ;
#3304 = DIRECTION ( 'NONE',  ( 0.000000000000000000, 1.000000000000000000, 0.000000000000000000 ) ) ;
#3305 = DIRECTION ( 'NONE',  ( 0.000000000000000000, 0.000000000000000000, 1.000000000000000000 ) ) ;
#3306 = LINE ( 'NONE', #1666, #3871 ) ;
#3307 = ORIENTED_EDGE ( 'NONE', *, *, #3094, .F. ) ;
#3308 = DIRECTION ( 'NONE',  ( 0.000000000000000000, -1.000000000000000000, 0.000000000000000000 ) ) ;
#3309 = AXIS2_PLACEMENT_3D ( 'NONE', #2861, #1941, #1257 ) ;
#3310 = DIRECTION ( 'NONE',  ( 0.000000000000000000, 0.000000000000000000, -1.000000000000000000 ) ) ;
#3311 = CARTESIAN_POINT ( 'NONE',  ( -69.83183426055219911, -60.50863326681898968, 40.00000000000000000 ) ) ;
#3312 = ORIENTED_EDGE ( 'NONE', *, *, #2802, .T. ) ;
#3313 = EDGE_LOOP ( 'NONE', ( #1305, #4195 ) ) ;
#3314 = ORIENTED_EDGE ( 'NONE', *, *, #61, .F. ) ;
#3315 = CARTESIAN_POINT ( 'NONE',  ( 50.00000000000000711, 6.999999999999995559, 32.50000000000000000 ) ) ;
#3316 = FACE_OUTER_BOUND ( 'NONE', #3843, .T. ) ;
#3317 = ORIENTED_EDGE ( 'NONE', *, *, #216, .T. ) ;
#3318 = LINE ( 'NONE', #2730, #427 ) ;
#3319 = DIRECTION ( 'NONE',  ( 1.000000000000000000, 1.613696256722611405E-16, -0.000000000000000000 ) ) ;
#3320 = PERSON_AND_ORGANIZATION_ROLE ( 'classification_officer' ) ;
#3321 = LINE ( 'NONE', #3684, #1705 ) ;
#3322 = CARTESIAN_POINT ( 'NONE',  ( -23.00000000000000000, 22.00000000000000711, 40.00000000000000000 ) ) ;
#3323 = EDGE_CURVE ( 'NONE', #4033, #2317, #2981, .T. ) ;
#3324 = ORIENTED_EDGE ( 'NONE', *, *, #1640, .T. ) ;
#3325 = DIRECTION ( 'NONE',  ( -0.000000000000000000, -1.000000000000000000, -0.000000000000000000 ) ) ;
#3326 = DIRECTION ( 'NONE',  ( -0.4485411651231178132, 0.8937621737296762570, 1.326025850080007043E-16 ) ) ;
#3327 = CARTESIAN_POINT ( 'NONE',  ( -60.19871130596435194, -52.00000000000014921, 40.00000000000000000 ) ) ;
#3328 = ADVANCED_FACE ( 'NONE', ( #4039 ), #3066, .F. ) ;
#3329 = EDGE_CURVE ( 'NONE', #2846, #3883, #86, .T. ) ;
#3330 = ORIENTED_EDGE ( 'NONE', *, *, #9, .T. ) ;
#3331 = DIRECTION ( 'NONE',  ( 0.000000000000000000, -0.000000000000000000, 1.000000000000000000 ) ) ;
#3332 = AXIS2_PLACEMENT_3D ( 'NONE', #1511, #3784, #1167 ) ;
#3333 = EDGE_LOOP ( 'NONE', ( #1489, #3546 ) ) ;
#3334 = EDGE_LOOP ( 'NONE', ( #3656, #575, #1397, #676 ) ) ;
#3335 = LINE ( 'NONE', #3993, #1870 ) ;
#3336 = VECTOR ( 'NONE', #2580, 1000.000000000000114 ) ;
#3337 = EDGE_LOOP ( 'NONE', ( #1736, #3802 ) ) ;
#3338 = DIRECTION ( 'NONE',  ( 1.000000000000000000, 0.000000000000000000, 0.000000000000000000 ) ) ;
#3339 = VERTEX_POINT ( 'NONE', #2056 ) ;
#3340 = CARTESIAN_POINT ( 'NONE',  ( -39.99999999999998579, -66.00000000000000000, 40.00000000000000000 ) ) ;
#3341 = DIRECTION ( 'NONE',  ( -0.000000000000000000, -0.000000000000000000, 1.000000000000000000 ) ) ;
#3342 = DIRECTION ( 'NONE',  ( 0.000000000000000000, 1.000000000000000000, 0.000000000000000000 ) ) ;
#3343 = APPROVAL_ROLE ( '' ) ;
#3344 = LINE ( 'NONE', #3284, #721 ) ;
#3345 = VERTEX_POINT ( 'NONE', #129 ) ;
#3346 = LINE ( 'NONE', #3650, #3403 ) ;
#3347 = AXIS2_PLACEMENT_3D ( 'NONE', #1162, #3165, #3779 ) ;
#3348 = DIRECTION ( 'NONE',  ( 0.000000000000000000, -1.000000000000000000, 0.000000000000000000 ) ) ;
#3349 = DIRECTION ( 'NONE',  ( -1.000000000000000000, -1.178355371040220958E-16, -1.748261146541370097E-32 ) ) ;
#3350 = CIRCLE ( 'NONE', #953, 10.00000000000000178 ) ;
#3351 = ORIENTED_EDGE ( 'NONE', *, *, #3105, .T. ) ;
#3352 = DIRECTION ( 'NONE',  ( 1.000000000000000000, -0.000000000000000000, 0.000000000000000000 ) ) ;
#3353 = AXIS2_PLACEMENT_3D ( 'NONE', #2787, #1485, #2506 ) ;
#3354 = ORIENTED_EDGE ( 'NONE', *, *, #1858, .F. ) ;
#3355 = ADVANCED_FACE ( 'NONE', ( #2405 ), #1056, .T. ) ;
#3356 = VERTEX_POINT ( 'NONE', #2381 ) ;
#3357 = CARTESIAN_POINT ( 'NONE',  ( 23.00000000000000000, 30.00000000000001066, 0.000000000000000000 ) ) ;
#3358 = VERTEX_POINT ( 'NONE', #1392 ) ;
#3359 = DIRECTION ( 'NONE',  ( -1.000000000000000000, 0.000000000000000000, 0.000000000000000000 ) ) ;
#3360 = VERTEX_POINT ( 'NONE', #2992 ) ;
#3361 = CARTESIAN_POINT ( 'NONE',  ( -12.49999999999998401, -65.99999999999998579, 7.499999999999988454 ) ) ;
#3362 = DIRECTION ( 'NONE',  ( -0.000000000000000000, -0.000000000000000000, 1.000000000000000000 ) ) ;
#3363 = CALENDAR_DATE ( 2026, 8, 8 ) ;
#3364 = CIRCLE ( 'NONE', #1936, 5.999999999999998224 ) ;
#3365 = AXIS2_PLACEMENT_3D ( 'NONE', #91, #448, #1375 ) ;
#3366 = ORIENTED_EDGE ( 'NONE', *, *, #2219, .T. ) ;
#3367 = CARTESIAN_POINT ( 'NONE',  ( -33.10186074811242918, 4.000000000000013323, 0.000000000000000000 ) ) ;
#3368 = ADVANCED_FACE ( 'NONE', ( #2675 ), #2363, .T. ) ;
#3369 = DIRECTION ( 'NONE',  ( -1.000000000000000000, 0.000000000000000000, 0.000000000000000000 ) ) ;
#3370 = DIRECTION ( 'NONE',  ( 0.000000000000000000, 0.000000000000000000, 1.000000000000000000 ) ) ;
#3371 = ORIENTED_EDGE ( 'NONE', *, *, #522, .F. ) ;
#3372 = EDGE_LOOP ( 'NONE', ( #1611, #3059, #3374, #3631 ) ) ;
#3373 = CARTESIAN_POINT ( 'NONE',  ( 23.00000000000000000, 22.00000000000000711, 40.00000000000000000 ) ) ;
#3374 = ORIENTED_EDGE ( 'NONE', *, *, #1014, .F. ) ;
#3375 = ORIENTED_EDGE ( 'NONE', *, *, #1377, .F. ) ;
#3376 = EDGE_CURVE ( 'NONE', #2018, #3958, #622, .T. ) ;
#3377 = LINE ( 'NONE', #469, #3639 ) ;
#3378 = AXIS2_PLACEMENT_3D ( 'NONE', #3866, #1660, #3927 ) ;
#3379 = VERTEX_POINT ( 'NONE', #2073 ) ;
#3380 = MANIFOLD_SOLID_BREP ( '\X2\52079664\X0\-\X2\62c94f38\X0\4', #457 ) ;
#3381 = DIRECTION ( 'NONE',  ( -1.000000000000000000, 0.000000000000000000, 0.000000000000000000 ) ) ;
#3382 = VERTEX_POINT ( 'NONE', #816 ) ;
#3383 = EDGE_CURVE ( 'NONE', #1906, #3958, #3039, .T. ) ;
#3384 = DIRECTION ( 'NONE',  ( 1.000000000000000000, 1.178355371040220958E-16, 0.000000000000000000 ) ) ;
#3385 = CARTESIAN_POINT ( 'NONE',  ( 15.50000000000000000, 30.00000000000000711, 33.80000000000000426 ) ) ;
#3386 = FACE_OUTER_BOUND ( 'NONE', #629, .T. ) ;
#3387 = VERTEX_POINT ( 'NONE', #3416 ) ;
#3388 = CARTESIAN_POINT ( 'NONE',  ( -49.99999999999999289, -2.281631333264775835E-14, 32.50000000000000000 ) ) ;
#3389 = CIRCLE ( 'NONE', #1694, 4.049999999999998046 ) ;
#3390 = LINE ( 'NONE', #2399, #3302 ) ;
#3391 = LINE ( 'NONE', #3455, #69 ) ;
#3392 = ORIENTED_EDGE ( 'NONE', *, *, #236, .T. ) ;
#3393 = AXIS2_PLACEMENT_3D ( 'NONE', #3839, #929, #886 ) ;
#3394 = CARTESIAN_POINT ( 'NONE',  ( -73.76945599784900764, -47.36296757774338317, 40.00000000000000000 ) ) ;
#3395 = ORIENTED_EDGE ( 'NONE', *, *, #2841, .T. ) ;
#3396 = EDGE_LOOP ( 'NONE', ( #2805, #484 ) ) ;
#3397 = CARTESIAN_POINT ( 'NONE',  ( 15.50000000000000000, 34.00000000000000000, 4.500000000000000888 ) ) ;
#3398 = AXIS2_PLACEMENT_3D ( 'NONE', #1825, #3126, #1573 ) ;
#3399 = EDGE_LOOP ( 'NONE', ( #737, #3494, #2239, #1268 ) ) ;
#3400 = EDGE_CURVE ( 'NONE', #682, #3482, #168, .T. ) ;
#3401 = DIRECTION ( 'NONE',  ( -0.000000000000000000, -0.000000000000000000, 1.000000000000000000 ) ) ;
#3402 = ORIENTED_EDGE ( 'NONE', *, *, #1198, .T. ) ;
#3403 = VECTOR ( 'NONE', #2028, 1000.000000000000000 ) ;
#3404 = EDGE_CURVE ( 'NONE', #1888, #2494, #292, .T. ) ;
#3405 = DIRECTION ( 'NONE',  ( -1.000000000000000000, -4.081702296416015504E-16, 0.000000000000000000 ) ) ;
#3406 = DIRECTION ( 'NONE',  ( -0.000000000000000000, -0.000000000000000000, 1.000000000000000000 ) ) ;
#3407 = CARTESIAN_POINT ( 'NONE',  ( -68.29871130596434625, -52.00000000000014921, 40.00000000000000000 ) ) ;
#3408 = EDGE_CURVE ( 'NONE', #863, #3083, #3989, .T. ) ;
#3409 = ADVANCED_BREP_SHAPE_REPRESENTATION ( 'base', ( #3380, #917 ), #1669 ) ;
#3410 = ORIENTED_EDGE ( 'NONE', *, *, #2521, .F. ) ;
#3411 = CARTESIAN_POINT ( 'NONE',  ( 0.000000000000000000, -65.49999999999998579, 20.00000000000000000 ) ) ;
#3412 = CIRCLE ( 'NONE', #357, 4.049999999999998046 ) ;
#3413 = CARTESIAN_POINT ( 'NONE',  ( -15.50000000000000711, 30.00000000000001421, 4.500000000000000888 ) ) ;
#3414 = DIRECTION ( 'NONE',  ( -1.387778780781445922E-16, 1.000000000000000000, 0.000000000000000000 ) ) ;
#3415 = VERTEX_POINT ( 'NONE', #4030 ) ;
#3416 = CARTESIAN_POINT ( 'NONE',  ( 25.00000000000000000, 28.00000000000001066, 30.00000000000000000 ) ) ;
#3417 = EDGE_CURVE ( 'NONE', #3947, #2649, #3619, .T. ) ;
#3418 = ORIENTED_EDGE ( 'NONE', *, *, #1411, .T. ) ;
#3419 = EDGE_LOOP ( 'NONE', ( #472, #3122, #2622, #1468 ) ) ;
#3420 = LINE ( 'NONE', #2100, #3461 ) ;
#3421 = DIRECTION ( 'NONE',  ( -0.000000000000000000, 0.000000000000000000, 1.000000000000000000 ) ) ;
#3422 = EDGE_CURVE ( 'NONE', #1786, #1413, #2870, .T. ) ;
#3423 = AXIS2_PLACEMENT_3D ( 'NONE', #340, #3923, #3616 ) ;
#3424 = ORIENTED_EDGE ( 'NONE', *, *, #1194, .T. ) ;
#3425 = EDGE_CURVE ( 'NONE', #3037, #992, #24, .T. ) ;
#3426 = DIRECTION ( 'NONE',  ( 1.000000000000000000, 0.000000000000000000, 0.000000000000000000 ) ) ;
#3427 = ORIENTED_EDGE ( 'NONE', *, *, #3879, .F. ) ;
#3428 = FACE_OUTER_BOUND ( 'NONE', #279, .T. ) ;
#3429 = CARTESIAN_POINT ( 'NONE',  ( -25.00000000000000000, 22.00000000000000711, 30.00000000000000000 ) ) ;
#3430 = ORIENTED_EDGE ( 'NONE', *, *, #463, .T. ) ;
#3431 = DIRECTION ( 'NONE',  ( 0.000000000000000000, 0.000000000000000000, -1.000000000000000000 ) ) ;
#3432 = DIRECTION ( 'NONE',  ( 1.000000000000000000, 3.686879161817355883E-16, -0.000000000000000000 ) ) ;
#3433 = DIRECTION ( 'NONE',  ( -1.000000000000000000, 0.000000000000000000, 0.000000000000000000 ) ) ;
#3434 = VECTOR ( 'NONE', #2973, 999.9999999999998863 ) ;
#3435 = DIRECTION ( 'NONE',  ( 0.000000000000000000, 0.000000000000000000, -1.000000000000000000 ) ) ;
#3436 = AXIS2_PLACEMENT_3D ( 'NONE', #480, #1537, #3810 ) ;
#3437 = ORIENTED_EDGE ( 'NONE', *, *, #570, .F. ) ;
#3438 = CARTESIAN_POINT ( 'NONE',  ( -3.983659775168502830E-15, 9.999999999999994671, 14.00000000000000000 ) ) ;
#3439 = ORIENTED_EDGE ( 'NONE', *, *, #450, .F. ) ;
#3440 = CIRCLE ( 'NONE', #1605, 2.000000000000001776 ) ;
#3441 = ORIENTED_EDGE ( 'NONE', *, *, #257, .F. ) ;
#3442 = AXIS2_PLACEMENT_3D ( 'NONE', #3503, #927, #3181 ) ;
#3443 = DIRECTION ( 'NONE',  ( 0.000000000000000000, 0.000000000000000000, -1.000000000000000000 ) ) ;
#3444 = DIRECTION ( 'NONE',  ( 1.000000000000000000, 0.000000000000000000, 0.000000000000000000 ) ) ;
#3445 = ORIENTED_EDGE ( 'NONE', *, *, #3253, .T. ) ;
#3446 = CARTESIAN_POINT ( 'NONE',  ( 15.50000000000000000, 30.00000000000000711, 35.50000000000000711 ) ) ;
#3447 = ORIENTED_EDGE ( 'NONE', *, *, #55, .F. ) ;
#3448 = ADVANCED_FACE ( 'NONE', ( #4008 ), #796, .F. ) ;
#3449 = CYLINDRICAL_SURFACE ( 'NONE', #3332, 10.00000000000000178 ) ;
#3450 = ORIENTED_EDGE ( 'NONE', *, *, #2319, .F. ) ;
#3451 = DIRECTION ( 'NONE',  ( -1.000000000000000000, 0.000000000000000000, 0.000000000000000000 ) ) ;
#3452 = FACE_BOUND ( 'NONE', #2061, .T. ) ;
#3453 = FACE_OUTER_BOUND ( 'NONE', #228, .T. ) ;
#3454 = EDGE_CURVE ( 'NONE', #932, #2971, #3003, .T. ) ;
#3455 = CARTESIAN_POINT ( 'NONE',  ( 12.49999999999998224, -76.00000000000000000, 7.500000000000000000 ) ) ;
#3456 = VERTEX_POINT ( 'NONE', #3654 ) ;
#3457 = CYLINDRICAL_SURFACE ( 'NONE', #1169, 5.000000000000000888 ) ;
#3458 = ADVANCED_FACE ( 'NONE', ( #1695 ), #736, .F. ) ;
#3459 = EDGE_CURVE ( 'NONE', #3621, #296, #483, .T. ) ;
#3460 = ORIENTED_EDGE ( 'NONE', *, *, #105, .F. ) ;
#3461 = VECTOR ( 'NONE', #506, 1000.000000000000000 ) ;
#3462 = EDGE_LOOP ( 'NONE', ( #428, #2637, #1137, #1310 ) ) ;
#3463 = DIRECTION ( 'NONE',  ( -1.000000000000000000, 0.000000000000000000, 0.000000000000000000 ) ) ;
#3464 = EDGE_CURVE ( 'NONE', #2382, #1278, #3549, .T. ) ;
#3465 = DIRECTION ( 'NONE',  ( 0.000000000000000000, 0.000000000000000000, 1.000000000000000000 ) ) ;
#3466 = DIRECTION ( 'NONE',  ( -1.000000000000000000, 0.000000000000000000, 0.000000000000000000 ) ) ;
#3467 = ORIENTED_EDGE ( 'NONE', *, *, #2402, .T. ) ;
#3468 = DIRECTION ( 'NONE',  ( -0.000000000000000000, -0.000000000000000000, 1.000000000000000000 ) ) ;
#3469 = VECTOR ( 'NONE', #2687, 1000.000000000000000 ) ;
#3470 = CYLINDRICAL_SURFACE ( 'NONE', #365, 4.049999999999998046 ) ;
#3471 = ORIENTED_EDGE ( 'NONE', *, *, #3950, .T. ) ;
#3472 = CARTESIAN_POINT ( 'NONE',  ( 15.50000000000000000, 30.00000000000000711, 33.80000000000000426 ) ) ;
#3473 = VERTEX_POINT ( 'NONE', #1814 ) ;
#3474 = LINE ( 'NONE', #1874, #1224 ) ;
#3475 = LINE ( 'NONE', #2859, #2445 ) ;
#3476 = AXIS2_PLACEMENT_3D ( 'NONE', #2668, #3325, #3959 ) ;
#3477 = EDGE_CURVE ( 'NONE', #3716, #2296, #3116, .T. ) ;
#3478 = DIRECTION ( 'NONE',  ( -1.000000000000000000, 0.000000000000000000, 0.000000000000000000 ) ) ;
#3479 = CARTESIAN_POINT ( 'NONE',  ( 45.32050807568874262, -74.66025403784441039, 7.499999999999990230 ) ) ;
#3480 = ORIENTED_EDGE ( 'NONE', *, *, #4164, .F. ) ;
#3481 = CARTESIAN_POINT ( 'NONE',  ( -73.76945599784902186, -47.36296757774339028, 7.499999999999992895 ) ) ;
#3482 = VERTEX_POINT ( 'NONE', #3481 ) ;
#3483 = CIRCLE ( 'NONE', #763, 2.000000000000001776 ) ;
#3484 = ORIENTED_EDGE ( 'NONE', *, *, #1777, .T. ) ;
#3485 = CARTESIAN_POINT ( 'NONE',  ( 44.04999999999998295, -66.00000000000000000, 7.499999999999985789 ) ) ;
#3486 = AXIS2_PLACEMENT_3D ( 'NONE', #495, #1471, #809 ) ;
#3487 = ORIENTED_EDGE ( 'NONE', *, *, #2786, .T. ) ;
#3488 = DIRECTION ( 'NONE',  ( 0.000000000000000000, 0.000000000000000000, 1.000000000000000000 ) ) ;
#3489 = AXIS2_PLACEMENT_3D ( 'NONE', #390, #1317, #2639 ) ;
#3490 = CARTESIAN_POINT ( 'NONE',  ( -3.983659775168502830E-15, 33.99999999999998579, 14.00000000000000000 ) ) ;
#3491 = VERTEX_POINT ( 'NONE', #1562 ) ;
#3492 = AXIS2_PLACEMENT_3D ( 'NONE', #891, #4055, #3426 ) ;
#3493 = LINE ( 'NONE', #916, #1700 ) ;
#3494 = ORIENTED_EDGE ( 'NONE', *, *, #3108, .F. ) ;
#3495 = DIRECTION ( 'NONE',  ( 0.000000000000000000, -0.000000000000000000, 1.000000000000000000 ) ) ;
#3496 = CARTESIAN_POINT ( 'NONE',  ( 50.00000000000000711, 1.421111387729531828, 7.500000000000001776 ) ) ;
#3497 = DIRECTION ( 'NONE',  ( 0.000000000000000000, 0.000000000000000000, -1.000000000000000000 ) ) ;
#3498 = CYLINDRICAL_SURFACE ( 'NONE', #2136, 4.049999999999998046 ) ;
#3499 = DIRECTION ( 'NONE',  ( 0.000000000000000000, 0.000000000000000000, -1.000000000000000000 ) ) ;
#3500 = ORIENTED_EDGE ( 'NONE', *, *, #2655, .T. ) ;
#3501 = DIRECTION ( 'NONE',  ( 0.000000000000000000, -0.000000000000000000, -1.000000000000000000 ) ) ;
#3502 = EDGE_CURVE ( 'NONE', #227, #2059, #2198, .T. ) ;
#3503 = CARTESIAN_POINT ( 'NONE',  ( 0.000000000000000000, -65.49999999999998579, 20.00000000000000000 ) ) ;
#3504 = VECTOR ( 'NONE', #2620, 1000.000000000000000 ) ;
#3505 = ORIENTED_EDGE ( 'NONE', *, *, #1816, .T. ) ;
#3506 = CARTESIAN_POINT ( 'NONE',  ( -40.32050807568876394, -76.00000000000000000, 0.000000000000000000 ) ) ;
#3507 = ORIENTED_EDGE ( 'NONE', *, *, #3587, .F. ) ;
#3508 = DIRECTION ( 'NONE',  ( -1.000000000000000000, 0.000000000000000000, 0.000000000000000000 ) ) ;
#3509 = EDGE_CURVE ( 'NONE', #1609, #3042, #556, .T. ) ;
#3510 = CARTESIAN_POINT ( 'NONE',  ( 69.83183426055222753, -60.50863326681892573, 0.000000000000000000 ) ) ;
#3511 = ORIENTED_EDGE ( 'NONE', *, *, #715, .T. ) ;
#3512 = CIRCLE ( 'NONE', #788, 4.000000000000000000 ) ;
#3513 = FACE_OUTER_BOUND ( 'NONE', #1880, .T. ) ;
#3514 = EDGE_CURVE ( 'NONE', #785, #4114, #1100, .T. ) ;
#3515 = CYLINDRICAL_SURFACE ( 'NONE', #1707, 10.00000000000000178 ) ;
#3516 = AXIS2_PLACEMENT_3D ( 'NONE', #326, #3214, #2322 ) ;
#3517 = CARTESIAN_POINT ( 'NONE',  ( -64.83183426055225596, -51.84837922897456508, 40.00000000000000000 ) ) ;
#3518 = DIRECTION ( 'NONE',  ( -1.000000000000000000, 0.000000000000000000, 0.000000000000000000 ) ) ;
#3519 = PLANE ( 'NONE',  #2045 ) ;
#3520 = ORIENTED_EDGE ( 'NONE', *, *, #546, .T. ) ;
#3521 = CYLINDRICAL_SURFACE ( 'NONE', #3800, 1.700000000000000178 ) ;
#3522 = AXIS2_PLACEMENT_3D ( 'NONE', #2592, #2276, #2298 ) ;
#3523 = CARTESIAN_POINT ( 'NONE',  ( -23.00000000000000000, 22.00000000000000711, 30.00000000000000000 ) ) ;
#3524 = LINE ( 'NONE', #1905, #2698 ) ;
#3525 = ORIENTED_EDGE ( 'NONE', *, *, #2725, .T. ) ;
#3526 = ORIENTED_EDGE ( 'NONE', *, *, #188, .F. ) ;
#3527 = DIRECTION ( 'NONE',  ( -0.000000000000000000, 0.000000000000000000, 1.000000000000000000 ) ) ;
#3528 = AXIS2_PLACEMENT_3D ( 'NONE', #793, #2093, #1774 ) ;
#3529 = VERTEX_POINT ( 'NONE', #1155 ) ;
#3530 = DIRECTION ( 'NONE',  ( -0.000000000000000000, -1.000000000000000000, -0.000000000000000000 ) ) ;
#3531 = AXIS2_PLACEMENT_3D ( 'NONE', #3120, #3736, #821 ) ;
#3532 = EDGE_CURVE ( 'NONE', #1731, #2502, #4018, .T. ) ;
#3533 = FACE_BOUND ( 'NONE', #1629, .T. ) ;
#3534 = AXIS2_PLACEMENT_3D ( 'NONE', #591, #2534, #215 ) ;
#3535 = LINE ( 'NONE', #1641, #84 ) ;
#3536 = CARTESIAN_POINT ( 'NONE',  ( -74.83183426055224174, -51.84837922897456508, 32.50000000000000000 ) ) ;
#3537 = CARTESIAN_POINT ( 'NONE',  ( -39.99999999999998579, -66.00000000000000000, 40.00000000000000000 ) ) ;
#3538 = ADVANCED_FACE ( 'NONE', ( #837 ), #3457, .F. ) ;
#3539 = CARTESIAN_POINT ( 'NONE',  ( -77.99999999999998579, -55.79274057836340006, 40.00000000000000000 ) ) ;
#3540 = CIRCLE ( 'NONE', #284, 4.049999999999998046 ) ;
#3541 = ORIENTED_EDGE ( 'NONE', *, *, #2962, .T. ) ;
#3542 = VECTOR ( 'NONE', #1294, 1000.000000000000000 ) ;
#3543 = DIRECTION ( 'NONE',  ( 0.000000000000000000, 0.000000000000000000, -1.000000000000000000 ) ) ;
#3544 = CARTESIAN_POINT ( 'NONE',  ( -47.17057966352415832, -38.95109855721015890, 40.00000000000000000 ) ) ;
#3545 = PLANE ( 'NONE',  #3982 ) ;
#3546 = ORIENTED_EDGE ( 'NONE', *, *, #498, .F. ) ;
#3547 = EDGE_CURVE ( 'NONE', #2427, #1438, #1987, .T. ) ;
#3548 = VERTEX_POINT ( 'NONE', #3751 ) ;
#3549 = CIRCLE ( 'NONE', #1715, 2.000000000000001776 ) ;
#3550 = CARTESIAN_POINT ( 'NONE',  ( 33.10186074811246471, -1.999999999999979572, 40.00000000000000000 ) ) ;
#3551 = ORIENTED_EDGE ( 'NONE', *, *, #1951, .F. ) ;
#3552 = VERTEX_POINT ( 'NONE', #203 ) ;
#3553 = DIRECTION ( 'NONE',  ( -0.4999999999999950595, 0.8660254037844414832, 0.000000000000000000 ) ) ;
#3554 = ADVANCED_FACE ( 'NONE', ( #1497 ), #540, .F. ) ;
#3555 = CIRCLE ( 'NONE', #2464, 6.000000000000000000 ) ;
#3556 = AXIS2_PLACEMENT_3D ( 'NONE', #1607, #2925, #293 ) ;
#3557 = EDGE_CURVE ( 'NONE', #643, #1501, #3159, .T. ) ;
#3558 = FACE_OUTER_BOUND ( 'NONE', #4099, .T. ) ;
#3559 = DIRECTION ( 'NONE',  ( -0.4485411651231179242, 0.8937621737296761459, 1.326025850080006797E-16 ) ) ;
#3560 = FACE_OUTER_BOUND ( 'NONE', #2614, .T. ) ;
#3561 = VECTOR ( 'NONE', #1569, 1000.000000000000000 ) ;
#3562 = FACE_BOUND ( 'NONE', #530, .T. ) ;
#3563 = CARTESIAN_POINT ( 'NONE',  ( 50.63742695762195467, -1.270135603009173053, 7.500000000000000000 ) ) ;
#3564 = VERTEX_POINT ( 'NONE', #2175 ) ;
#3565 = FACE_OUTER_BOUND ( 'NONE', #1661, .T. ) ;
#3566 = DIRECTION ( 'NONE',  ( 0.8937621737296764790, -0.4485411651231172581, 0.000000000000000000 ) ) ;
#3567 = ORIENTED_EDGE ( 'NONE', *, *, #262, .F. ) ;
#3568 = VERTEX_POINT ( 'NONE', #3438 ) ;
#3569 = FACE_BOUND ( 'NONE', #3313, .T. ) ;
#3570 = ORIENTED_EDGE ( 'NONE', *, *, #584, .T. ) ;
#3571 = DIRECTION ( 'NONE',  ( 0.000000000000000000, 0.000000000000000000, 1.000000000000000000 ) ) ;
#3572 = APPROVAL_PERSON_ORGANIZATION ( #3956, #1139, #3343 ) ;
#3573 = CIRCLE ( 'NONE', #850, 10.00000000000000178 ) ;
#3574 = ORIENTED_EDGE ( 'NONE', *, *, #1899, .F. ) ;
#3575 = DIRECTION ( 'NONE',  ( 0.8937621737296764790, -0.4485411651231172581, 0.000000000000000000 ) ) ;
#3576 = AXIS2_PLACEMENT_3D ( 'NONE', #2092, #3034, #125 ) ;
#3577 = FACE_OUTER_BOUND ( 'NONE', #2695, .T. ) ;
#3578 = ADVANCED_FACE ( 'NONE', ( #4090 ), #1541, .F. ) ;
#3579 = EDGE_LOOP ( 'NONE', ( #110, #2766, #3973, #1357 ) ) ;
#3580 = CIRCLE ( 'NONE', #2288, 4.049999999999998046 ) ;
#3581 = LINE ( 'NONE', #4144, #3542 ) ;
#3582 = DIRECTION ( 'NONE',  ( -0.000000000000000000, 0.000000000000000000, 1.000000000000000000 ) ) ;
#3583 = DIRECTION ( 'NONE',  ( -0.000000000000000000, -0.000000000000000000, 1.000000000000000000 ) ) ;
#3584 = CARTESIAN_POINT ( 'NONE',  ( -25.00000000000000000, 28.00000000000001066, 30.00000000000000000 ) ) ;
#3585 = ORIENTED_EDGE ( 'NONE', *, *, #1141, .T. ) ;
#3586 = CARTESIAN_POINT ( 'NONE',  ( 4.163799117101000066E-16, -65.99999999999998579, 16.60000000000000142 ) ) ;
#3587 = EDGE_CURVE ( 'NONE', #4047, #324, #2221, .T. ) ;
#3588 = DIRECTION ( 'NONE',  ( -0.000000000000000000, -1.000000000000000000, -0.000000000000000000 ) ) ;
#3589 = CARTESIAN_POINT ( 'NONE',  ( -25.00000000000000000, 22.00000000000000711, 30.00000000000000000 ) ) ;
#3590 = VERTEX_POINT ( 'NONE', #1857 ) ;
#3591 = FACE_OUTER_BOUND ( 'NONE', #527, .T. ) ;
#3592 = EDGE_CURVE ( 'NONE', #1000, #3548, #3009, .T. ) ;
#3593 = CC_DESIGN_DATE_AND_TIME_ASSIGNMENT ( #3605, #1706, ( #2955 ) ) ;
#3594 = DIRECTION ( 'NONE',  ( -0.000000000000000000, -0.000000000000000000, -1.000000000000000000 ) ) ;
#3595 = ORIENTED_EDGE ( 'NONE', *, *, #3276, .T. ) ;
#3596 = ADVANCED_FACE ( 'NONE', ( #246 ), #4132, .F. ) ;
#3597 = ORIENTED_EDGE ( 'NONE', *, *, #1993, .T. ) ;
#3598 = PLANE ( 'NONE',  #1057 ) ;
#3599 = CARTESIAN_POINT ( 'NONE',  ( -23.00000000000000000, 28.00000000000001066, 30.00000000000000000 ) ) ;
#3600 = VECTOR ( 'NONE', #250, 1000.000000000000000 ) ;
#3601 = DIRECTION ( 'NONE',  ( -1.000000000000000000, 0.000000000000000000, 0.000000000000000000 ) ) ;
#3602 = EDGE_CURVE ( 'NONE', #2528, #507, #3179, .T. ) ;
#3603 = DIRECTION ( 'NONE',  ( 1.000000000000000000, 0.000000000000000000, 0.000000000000000000 ) ) ;
#3604 = DIRECTION ( 'NONE',  ( -1.000000000000000000, 0.000000000000000000, 0.000000000000000000 ) ) ;
#3605 = DATE_AND_TIME ( #3933, #382 ) ;
#3606 = AXIS2_PLACEMENT_3D ( 'NONE', #2107, #3406, #3744 ) ;
#3607 = DIRECTION ( 'NONE',  ( -0.000000000000000000, -1.000000000000000000, -0.000000000000000000 ) ) ;
#3608 = ORIENTED_EDGE ( 'NONE', *, *, #3383, .F. ) ;
#3609 = DIRECTION ( 'NONE',  ( 0.000000000000000000, 0.000000000000000000, 1.000000000000000000 ) ) ;
#3610 = EDGE_CURVE ( 'NONE', #567, #1122, #3831, .T. ) ;
#3611 = CARTESIAN_POINT ( 'NONE',  ( -40.32050807568876394, -66.00000000000000000, 7.499999999999985789 ) ) ;
#3612 = DIRECTION ( 'NONE',  ( 1.000000000000000000, 0.000000000000000000, 0.000000000000000000 ) ) ;
#3613 = CIRCLE ( 'NONE', #1094, 10.00000000000000178 ) ;
#3614 = ORIENTED_EDGE ( 'NONE', *, *, #4156, .T. ) ;
#3615 = PLANE ( 'NONE',  #765 ) ;
#3616 = DIRECTION ( 'NONE',  ( 1.000000000000000000, 1.387778780781445922E-16, 0.000000000000000000 ) ) ;
#3617 = ORIENTED_EDGE ( 'NONE', *, *, #3667, .T. ) ;
#3618 = CARTESIAN_POINT ( 'NONE',  ( 60.19871130596435194, -52.00000000000014921, 0.000000000000000000 ) ) ;
#3619 = CIRCLE ( 'NONE', #361, 3.000000000000000000 ) ;
#3620 = CARTESIAN_POINT ( 'NONE',  ( 33.10186074811246471, 4.000000000000020428, 40.00000000000000000 ) ) ;
#3621 = VERTEX_POINT ( 'NONE', #3265 ) ;
#3622 = CARTESIAN_POINT ( 'NONE',  ( -38.46443379049049582, 0.6912469907387249757, 32.50000000000000000 ) ) ;
#3623 = CARTESIAN_POINT ( 'NONE',  ( -77.99999999999998579, -55.79274057836340006, 40.00000000000000000 ) ) ;
#3624 = DATE_AND_TIME ( #3363, #4042 ) ;
#3625 = DIRECTION ( 'NONE',  ( 0.000000000000000000, -0.000000000000000000, -1.000000000000000000 ) ) ;
#3626 = ORIENTED_EDGE ( 'NONE', *, *, #2227, .T. ) ;
#3627 = CARTESIAN_POINT ( 'NONE',  ( 0.000000000000000000, -73.99999999999998579, 20.00000000000000000 ) ) ;
#3628 = AXIS2_PLACEMENT_3D ( 'NONE', #2275, #1021, #325 ) ;
#3629 = CARTESIAN_POINT ( 'NONE',  ( -47.17057966352415832, -38.95109855721015890, 0.000000000000000000 ) ) ;
#3630 = LINE ( 'NONE', #2010, #49 ) ;
#3631 = ORIENTED_EDGE ( 'NONE', *, *, #3815, .T. ) ;
#3632 = LINE ( 'NONE', #712, #2259 ) ;
#3633 = EDGE_CURVE ( 'NONE', #3042, #2296, #926, .T. ) ;
#3634 = ORIENTED_EDGE ( 'NONE', *, *, #2574, .F. ) ;
#3635 = VERTEX_POINT ( 'NONE', #1281 ) ;
#3636 = CARTESIAN_POINT ( 'NONE',  ( 80.00000000000000000, -65.99999999999998579, 7.499999999999988454 ) ) ;
#3637 = EDGE_LOOP ( 'NONE', ( #123, #3626, #1818, #111 ) ) ;
#3638 = ADVANCED_FACE ( 'NONE', ( #2289 ), #2625, .F. ) ;
#3639 = VECTOR ( 'NONE', #1758, 1000.000000000000000 ) ;
#3640 = DIRECTION ( 'NONE',  ( 1.000000000000000000, 0.000000000000000000, -1.796983462838132834E-16 ) ) ;
#3641 = VERTEX_POINT ( 'NONE', #2309 ) ;
#3642 = AXIS2_PLACEMENT_3D ( 'NONE', #2884, #4175, #2672 ) ;
#3643 = DIRECTION ( 'NONE',  ( -0.000000000000000000, -0.000000000000000000, 1.000000000000000000 ) ) ;
#3644 = ADVANCED_FACE ( 'NONE', ( #947 ), #2242, .F. ) ;
#3645 = ADVANCED_FACE ( 'NONE', ( #1926 ), #3222, .F. ) ;
#3646 = CARTESIAN_POINT ( 'NONE',  ( 6.123233995736767268E-16, -64.99999999999998579, 25.00000000000000000 ) ) ;
#3647 = AXIS2_PLACEMENT_3D ( 'NONE', #2711, #847, #254 ) ;
#3648 = CARTESIAN_POINT ( 'NONE',  ( -64.24871130596434909, -52.00000000000014921, 32.50000000000000000 ) ) ;
#3649 = ORIENTED_EDGE ( 'NONE', *, *, #1449, .T. ) ;
#3650 = CARTESIAN_POINT ( 'NONE',  ( 37.64101615137759183, -55.99999999999997868, 32.50000000000000000 ) ) ;
#3651 = DIRECTION ( 'NONE',  ( 0.000000000000000000, 0.000000000000000000, -1.000000000000000000 ) ) ;
#3652 = DIRECTION ( 'NONE',  ( 1.000000000000000000, -0.000000000000000000, -0.000000000000000000 ) ) ;
#3653 = ORIENTED_EDGE ( 'NONE', *, *, #3271, .F. ) ;
#3654 = CARTESIAN_POINT ( 'NONE',  ( 35.94999999999998863, -66.00000000000000000, 0.000000000000000000 ) ) ;
#3655 = DIRECTION ( 'NONE',  ( -0.000000000000000000, -1.000000000000000000, -0.000000000000000000 ) ) ;
#3656 = ORIENTED_EDGE ( 'NONE', *, *, #3792, .T. ) ;
#3657 = ORIENTED_EDGE ( 'NONE', *, *, #1018, .F. ) ;
#3658 = CARTESIAN_POINT ( 'NONE',  ( 40.32050807568879947, -65.99999999999998579, 40.00000000000000000 ) ) ;
#3659 = DIRECTION ( 'NONE',  ( 0.000000000000000000, -1.000000000000000000, -1.734723475976806848E-16 ) ) ;
#3660 = DIRECTION ( 'NONE',  ( 0.000000000000000000, -1.483645078138058959E-16, 1.000000000000000000 ) ) ;
#3661 = DIRECTION ( 'NONE',  ( -1.000000000000000000, -1.178355371040220958E-16, 0.000000000000000000 ) ) ;
#3662 = DIRECTION ( 'NONE',  ( 1.156482317317871331E-15, -1.000000000000000000, -1.445602896647339163E-16 ) ) ;
#3663 = COORDINATED_UNIVERSAL_TIME_OFFSET ( 8, 0, .AHEAD. ) ;
#3664 = AXIS2_PLACEMENT_3D ( 'NONE', #930, #1908, #3206 ) ;
#3665 = EDGE_LOOP ( 'NONE', ( #3263, #1218 ) ) ;
#3666 = FACE_OUTER_BOUND ( 'NONE', #3372, .T. ) ;
#3667 = EDGE_CURVE ( 'NONE', #2502, #1731, #1577, .T. ) ;
#3668 = AXIS2_PLACEMENT_3D ( 'NONE', #3938, #3855, #2398 ) ;
#3669 = CARTESIAN_POINT ( 'NONE',  ( 56.10820140082094554, -34.46568690597892726, 40.00000000000000000 ) ) ;
#3670 = LINE ( 'NONE', #2052, #387 ) ;
#3671 = ORIENTED_EDGE ( 'NONE', *, *, #2627, .F. ) ;
#3672 = CARTESIAN_POINT ( 'NONE',  ( 50.00000000000000000, 6.999999999999994671, 10.49999999999999822 ) ) ;
#3673 = ORIENTED_EDGE ( 'NONE', *, *, #1113, .F. ) ;
#3674 = EDGE_LOOP ( 'NONE', ( #2367, #3511, #2785, #4043 ) ) ;
#3675 = CYLINDRICAL_SURFACE ( 'NONE', #2483, 6.000000000000001776 ) ;
#3676 = ADVANCED_FACE ( 'NONE', ( #1988 ), #2865, .T. ) ;
#3677 = AXIS2_PLACEMENT_3D ( 'NONE', #198, #1490, #3763 ) ;
#3678 = PLANE ( 'NONE',  #2223 ) ;
#3679 = ORIENTED_EDGE ( 'NONE', *, *, #823, .F. ) ;
#3680 = EDGE_CURVE ( 'NONE', #2465, #1283, #1326, .T. ) ;
#3681 = LINE ( 'NONE', #1381, #3881 ) ;
#3682 = CARTESIAN_POINT ( 'NONE',  ( -64.83183426055225596, -51.84837922897456508, 7.499999999999992895 ) ) ;
#3683 =( LENGTH_UNIT ( ) NAMED_UNIT ( * ) SI_UNIT ( .MILLI., .METRE. ) );
#3684 = CARTESIAN_POINT ( 'NONE',  ( 39.96152422706634866, -54.66025403784439618, 40.00000000000000000 ) ) ;
#3685 = ORIENTED_EDGE ( 'NONE', *, *, #3887, .T. ) ;
#3686 = DIRECTION ( 'NONE',  ( -0.000000000000000000, 1.000000000000000000, -0.000000000000000000 ) ) ;
#3687 = VECTOR ( 'NONE', #2771, 1000.000000000000000 ) ;
#3688 = FACE_OUTER_BOUND ( 'NONE', #3172, .T. ) ;
#3689 = DIRECTION ( 'NONE',  ( 0.8660254037844420383, -0.4999999999999943934, 0.000000000000000000 ) ) ;
#3690 = CIRCLE ( 'NONE', #1850, 5.999999999999998224 ) ;
#3691 = EDGE_LOOP ( 'NONE', ( #3324, #1757 ) ) ;
#3692 = DIRECTION ( 'NONE',  ( 1.000000000000000000, 0.000000000000000000, 0.000000000000000000 ) ) ;
#3693 = ADVANCED_FACE ( 'NONE', ( #2222 ), #377, .T. ) ;
#3694 = ORIENTED_EDGE ( 'NONE', *, *, #3329, .T. ) ;
#3695 = ORIENTED_EDGE ( 'NONE', *, *, #2889, .T. ) ;
#3696 = DIRECTION ( 'NONE',  ( -0.000000000000000000, -0.000000000000000000, 1.000000000000000000 ) ) ;
#3697 = DIRECTION ( 'NONE',  ( -0.000000000000000000, -0.000000000000000000, 1.000000000000000000 ) ) ;
#3698 = ORIENTED_EDGE ( 'NONE', *, *, #755, .T. ) ;
#3699 = DIRECTION ( 'NONE',  ( 0.000000000000000000, 0.000000000000000000, -1.000000000000000000 ) ) ;
#3700 = CYLINDRICAL_SURFACE ( 'NONE', #1153, 4.000000000000000000 ) ;
#3701 = CIRCLE ( 'NONE', #849, 10.00000000000000178 ) ;
#3702 = VECTOR ( 'NONE', #171, 1000.000000000000000 ) ;
#3703 = ORIENTED_EDGE ( 'NONE', *, *, #1727, .T. ) ;
#3704 = CARTESIAN_POINT ( 'NONE',  ( 39.96152422706634866, -54.66025403784439618, 32.50000000000000000 ) ) ;
#3705 = LINE ( 'NONE', #2358, #3974 ) ;
#3706 = DIRECTION ( 'NONE',  ( 0.000000000000000000, 0.000000000000000000, -1.000000000000000000 ) ) ;
#3707 = EDGE_LOOP ( 'NONE', ( #161, #458, #601, #3520 ) ) ;
#3708 = CARTESIAN_POINT ( 'NONE',  ( 39.99999999999998579, -66.00000000000000000, 40.00000000000000000 ) ) ;
#3709 = EDGE_CURVE ( 'NONE', #2602, #981, #1718, .T. ) ;
#3710 = ORIENTED_EDGE ( 'NONE', *, *, #514, .F. ) ;
#3711 = ORIENTED_EDGE ( 'NONE', *, *, #572, .F. ) ;
#3712 = DIRECTION ( 'NONE',  ( -0.000000000000000000, 1.000000000000000000, -0.000000000000000000 ) ) ;
#3713 = EDGE_CURVE ( 'NONE', #4047, #597, #334, .T. ) ;
#3714 = AXIS2_PLACEMENT_3D ( 'NONE', #2062, #2103, #115 ) ;
#3715 = APPROVAL ( #727, '未' ) ;
#3716 = VERTEX_POINT ( 'NONE', #1624 ) ;
#3717 = EDGE_CURVE ( 'NONE', #3379, #296, #1583, .T. ) ;
#3718 = DIRECTION ( 'NONE',  ( 0.000000000000000000, -0.000000000000000000, -1.000000000000000000 ) ) ;
#3719 = ORIENTED_EDGE ( 'NONE', *, *, #1240, .T. ) ;
#3720 = CIRCLE ( 'NONE', #2024, 3.000000000000000000 ) ;
#3721 = DIRECTION ( 'NONE',  ( -1.000000000000000000, 0.000000000000000000, -0.000000000000000000 ) ) ;
#3722 = CARTESIAN_POINT ( 'NONE',  ( -45.32050807568871420, -74.66025403784442460, 32.50000000000000000 ) ) ;
#3723 = ADVANCED_FACE ( 'NONE', ( #3919 ), #1241, .F. ) ;
#3724 = EDGE_LOOP ( 'NONE', ( #2306, #2204, #3921, #1374 ) ) ;
#3725 = DIRECTION ( 'NONE',  ( -0.000000000000000000, -1.000000000000000000, -0.000000000000000000 ) ) ;
#3726 = AXIS2_PLACEMENT_3D ( 'NONE', #1855, #2819, #1114 ) ;
#3727 = CARTESIAN_POINT ( 'NONE',  ( 25.00000000000000000, 28.00000000000001066, 0.000000000000000000 ) ) ;
#3728 = DIRECTION ( 'NONE',  ( 1.000000000000000000, 0.000000000000000000, 0.000000000000000000 ) ) ;
#3729 = EDGE_CURVE ( 'NONE', #4197, #1283, #1904, .T. ) ;
#3730 = ORIENTED_EDGE ( 'NONE', *, *, #3680, .F. ) ;
#3731 = ORIENTED_EDGE ( 'NONE', *, *, #55, .T. ) ;
#3732 = DIRECTION ( 'NONE',  ( 1.000000000000000000, 0.000000000000000000, 0.000000000000000000 ) ) ;
#3733 = EDGE_CURVE ( 'NONE', #3568, #2413, #2141, .T. ) ;
#3734 = ORIENTED_EDGE ( 'NONE', *, *, #667, .T. ) ;
#3735 = ORIENTED_EDGE ( 'NONE', *, *, #2855, .F. ) ;
#3736 = DIRECTION ( 'NONE',  ( 0.000000000000000000, 1.000000000000000000, 0.000000000000000000 ) ) ;
#3737 = CIRCLE ( 'NONE', #607, 4.049999999999998046 ) ;
#3738 = ORIENTED_EDGE ( 'NONE', *, *, #204, .F. ) ;
#3739 = FACE_BOUND ( 'NONE', #862, .T. ) ;
#3740 = ORIENTED_EDGE ( 'NONE', *, *, #2436, .T. ) ;
#3741 = VECTOR ( 'NONE', #3811, 1000.000000000000000 ) ;
#3742 = VECTOR ( 'NONE', #2281, 1000.000000000000000 ) ;
#3743 = DIRECTION ( 'NONE',  ( 1.000000000000000000, 0.000000000000000000, 0.000000000000000000 ) ) ;
#3744 = DIRECTION ( 'NONE',  ( 1.000000000000000000, 0.000000000000000000, 0.000000000000000000 ) ) ;
#3745 = ORIENTED_EDGE ( 'NONE', *, *, #3887, .F. ) ;
#3746 = LINE ( 'NONE', #811, #2320 ) ;
#3747 = AXIS2_PLACEMENT_3D ( 'NONE', #3340, #95, #1404 ) ;
#3748 = FACE_OUTER_BOUND ( 'NONE', #2739, .T. ) ;
#3749 = DIRECTION ( 'NONE',  ( 2.312964634635742661E-15, -1.000000000000000000, -1.445602896647339163E-16 ) ) ;
#3750 = ORIENTED_EDGE ( 'NONE', *, *, #2974, .T. ) ;
#3751 = CARTESIAN_POINT ( 'NONE',  ( -50.63742695762193335, -1.270135603009171277, 7.500000000000000000 ) ) ;
#3752 = ORIENTED_EDGE ( 'NONE', *, *, #1106, .T. ) ;
#3753 = EDGE_CURVE ( 'NONE', #1122, #3379, #2691, .T. ) ;
#3754 = EDGE_LOOP ( 'NONE', ( #1620, #3143, #2268, #1942 ) ) ;
#3755 = DIRECTION ( 'NONE',  ( 0.000000000000000000, 0.000000000000000000, -1.000000000000000000 ) ) ;
#3756 = CIRCLE ( 'NONE', #3628, 2.000000000000001776 ) ;
#3757 = ORIENTED_EDGE ( 'NONE', *, *, #805, .F. ) ;
#3758 = CARTESIAN_POINT ( 'NONE',  ( 40.32050807568879947, -75.99999999999998579, 0.000000000000000000 ) ) ;
#3759 = ORIENTED_EDGE ( 'NONE', *, *, #2563, .F. ) ;
#3760 = EDGE_CURVE ( 'NONE', #1714, #1442, #179, .T. ) ;
#3761 = CARTESIAN_POINT ( 'NONE',  ( -64.83183426055225596, -51.84837922897456508, 40.00000000000000000 ) ) ;
#3762 = EDGE_LOOP ( 'NONE', ( #1480, #3823 ) ) ;
#3763 = DIRECTION ( 'NONE',  ( 0.4485411651231178132, -0.8937621737296762570, 0.000000000000000000 ) ) ;
#3764 = ADVANCED_FACE ( 'NONE', ( #3688 ), #81, .F. ) ;
#3765 = EDGE_CURVE ( 'NONE', #664, #1633, #2376, .T. ) ;
#3766 = CARTESIAN_POINT ( 'NONE',  ( 60.19871130596435194, -52.00000000000014921, 40.00000000000000000 ) ) ;
#3767 = AXIS2_PLACEMENT_3D ( 'NONE', #2261, #3828, #1940 ) ;
#3768 = CARTESIAN_POINT ( 'NONE',  ( 12.49999999999998401, -65.99999999999998579, 29.50000000000000355 ) ) ;
#3769 = CIRCLE ( 'NONE', #2280, 3.400000000000000355 ) ;
#3770 = LINE ( 'NONE', #500, #2098 ) ;
#3771 = CIRCLE ( 'NONE', #1255, 4.049999999999998046 ) ;
#3772 = EDGE_LOOP ( 'NONE', ( #2854, #3392, #3595, #3182 ) ) ;
#3773 = DIRECTION ( 'NONE',  ( -0.000000000000000000, 1.483645078138058959E-16, -1.000000000000000000 ) ) ;
#3774 = EDGE_LOOP ( 'NONE', ( #2148, #4068, #2049, #2503 ) ) ;
#3775 = EDGE_LOOP ( 'NONE', ( #431, #2550, #2843, #2699 ) ) ;
#3776 = VECTOR ( 'NONE', #3689, 999.9999999999998863 ) ;
#3777 = CARTESIAN_POINT ( 'NONE',  ( 25.00000000000000000, 22.00000000000000711, 40.00000000000000000 ) ) ;
#3778 = CARTESIAN_POINT ( 'NONE',  ( -39.99999999999998579, -66.00000000000000000, 7.499999999999985789 ) ) ;
#3779 = DIRECTION ( 'NONE',  ( 0.000000000000000000, 0.000000000000000000, -1.000000000000000000 ) ) ;
#3780 = ORIENTED_EDGE ( 'NONE', *, *, #3464, .F. ) ;
#3781 = CARTESIAN_POINT ( 'NONE',  ( 36.80391159174331506, 4.000000000000021316, 0.000000000000000000 ) ) ;
#3782 = EDGE_LOOP ( 'NONE', ( #3750, #1423, #67, #735 ) ) ;
#3783 = ADVANCED_FACE ( 'NONE', ( #106, #774, #2966 ), #1712, .T. ) ;
#3784 = DIRECTION ( 'NONE',  ( 0.000000000000000000, 0.000000000000000000, -1.000000000000000000 ) ) ;
#3785 = ORIENTED_EDGE ( 'NONE', *, *, #96, .F. ) ;
#3786 = DIRECTION ( 'NONE',  ( 0.000000000000000000, 0.000000000000000000, 1.000000000000000000 ) ) ;
#3787 = LINE ( 'NONE', #874, #2379 ) ;
#3788 = DIRECTION ( 'NONE',  ( -1.000000000000000000, 0.000000000000000000, 0.000000000000000000 ) ) ;
#3789 = DIRECTION ( 'NONE',  ( -1.387778780781445922E-16, 1.000000000000000000, -0.000000000000000000 ) ) ;
#3790 = ORIENTED_EDGE ( 'NONE', *, *, #3945, .F. ) ;
#3791 = DIRECTION ( 'NONE',  ( 0.000000000000000000, 0.000000000000000000, -1.000000000000000000 ) ) ;
#3792 = EDGE_CURVE ( 'NONE', #2490, #4033, #3705, .T. ) ;
#3793 = ORIENTED_EDGE ( 'NONE', *, *, #2359, .T. ) ;
#3794 = CIRCLE ( 'NONE', #1280, 2.000000000000001776 ) ;
#3795 = VERTEX_POINT ( 'NONE', #441 ) ;
#3796 = DIRECTION ( 'NONE',  ( 0.000000000000000000, -0.000000000000000000, -1.000000000000000000 ) ) ;
#3797 = CYLINDRICAL_SURFACE ( 'NONE', #3092, 10.00000000000000178 ) ;
#3798 = ORIENTED_EDGE ( 'NONE', *, *, #613, .T. ) ;
#3799 = DIRECTION ( 'NONE',  ( 1.000000000000000000, 0.000000000000000000, 0.000000000000000000 ) ) ;
#3800 = AXIS2_PLACEMENT_3D ( 'NONE', #1301, #2603, #1259 ) ;
#3801 = CARTESIAN_POINT ( 'NONE',  ( 45.32050807568875683, -74.66025403784441039, 0.000000000000000000 ) ) ;
#3802 = ORIENTED_EDGE ( 'NONE', *, *, #2756, .T. ) ;
#3803 = LINE ( 'NONE', #3151, #4071 ) ;
#3804 = CIRCLE ( 'NONE', #819, 4.000000000000000000 ) ;
#3805 = EDGE_CURVE ( 'NONE', #3983, #1379, #117, .T. ) ;
#3806 = EDGE_CURVE ( 'NONE', #2296, #1482, #852, .T. ) ;
#3807 = ORIENTED_EDGE ( 'NONE', *, *, #3532, .F. ) ;
#3808 = CARTESIAN_POINT ( 'NONE',  ( 15.50000000000000000, 34.00000000000000000, 6.200000000000001066 ) ) ;
#3809 = CARTESIAN_POINT ( 'NONE',  ( -44.04999999999998295, -66.00000000000000000, 0.000000000000000000 ) ) ;
#3810 = DIRECTION ( 'NONE',  ( 0.000000000000000000, 0.000000000000000000, -1.000000000000000000 ) ) ;
#3811 = DIRECTION ( 'NONE',  ( 0.000000000000000000, 0.000000000000000000, -1.000000000000000000 ) ) ;
#3812 = EDGE_LOOP ( 'NONE', ( #2482, #496, #3220, #948 ) ) ;
#3813 = DIRECTION ( 'NONE',  ( 0.000000000000000000, 0.000000000000000000, 1.000000000000000000 ) ) ;
#3814 = VECTOR ( 'NONE', #444, 1000.000000000000000 ) ;
#3815 = EDGE_CURVE ( 'NONE', #789, #2417, #2692, .T. ) ;
#3816 = ORIENTED_EDGE ( 'NONE', *, *, #372, .F. ) ;
#3817 = ORIENTED_EDGE ( 'NONE', *, *, #1966, .T. ) ;
#3818 = CIRCLE ( 'NONE', #1042, 5.000000000000000888 ) ;
#3819 = EDGE_CURVE ( 'NONE', #890, #2628, #1346, .T. ) ;
#3820 = VERTEX_POINT ( 'NONE', #460 ) ;
#3821 = DIRECTION ( 'NONE',  ( -0.4485411651231179242, 0.8937621737296761459, -0.000000000000000000 ) ) ;
#3822 = FACE_OUTER_BOUND ( 'NONE', #3812, .T. ) ;
#3823 = ORIENTED_EDGE ( 'NONE', *, *, #1917, .F. ) ;
#3824 = AXIS2_PLACEMENT_3D ( 'NONE', #134, #3338, #2704 ) ;
#3825 = CARTESIAN_POINT ( 'NONE',  ( 25.00000000000000000, 20.00000000000000711, 10.00000000000000000 ) ) ;
#3826 = CARTESIAN_POINT ( 'NONE',  ( -39.96152422706634866, -54.66025403784442460, 40.00000000000000000 ) ) ;
#3827 = DIRECTION ( 'NONE',  ( -0.000000000000000000, -1.000000000000000000, -0.000000000000000000 ) ) ;
#3828 = DIRECTION ( 'NONE',  ( 0.8937621737296764790, -0.4485411651231172581, 0.000000000000000000 ) ) ;
#3829 = DIRECTION ( 'NONE',  ( -1.000000000000000000, 0.000000000000000000, 0.000000000000000000 ) ) ;
#3830 = EDGE_LOOP ( 'NONE', ( #4171, #1836, #2286, #2144 ) ) ;
#3831 = LINE ( 'NONE', #503, #2332 ) ;
#3832 = LOCAL_TIME ( 21, 18, 35.00000000000000000, #2327 ) ;
#3833 = AXIS2_PLACEMENT_3D ( 'NONE', #2368, #2679, #781 ) ;
#3834 = DIRECTION ( 'NONE',  ( 0.000000000000000000, 0.000000000000000000, -1.000000000000000000 ) ) ;
#3835 = CARTESIAN_POINT ( 'NONE',  ( 36.80391159174331506, 4.000000000000021316, 32.50000000000000000 ) ) ;
#3836 = AXIS2_PLACEMENT_3D ( 'NONE', #354, #1647, #2946 ) ;
#3837 = EDGE_LOOP ( 'NONE', ( #686, #928, #2209, #1817 ) ) ;
#3838 = EDGE_CURVE ( 'NONE', #1300, #2803, #2008, .T. ) ;
#3839 = CARTESIAN_POINT ( 'NONE',  ( -47.17057966352415832, -38.95109855721015890, 32.50000000000000000 ) ) ;
#3840 = CYLINDRICAL_SURFACE ( 'NONE', #3664, 4.049999999999998046 ) ;
#3841 = ORIENTED_EDGE ( 'NONE', *, *, #1692, .F. ) ;
#3842 = DIRECTION ( 'NONE',  ( -1.000000000000000000, 2.775557561562890957E-15, 0.000000000000000000 ) ) ;
#3843 = EDGE_LOOP ( 'NONE', ( #2336, #3430, #3685, #3484 ) ) ;
#3844 = CC_DESIGN_PERSON_AND_ORGANIZATION_ASSIGNMENT ( #435, #3320, ( #2955 ) ) ;
#3845 = LINE ( 'NONE', #1975, #114 ) ;
#3846 = ADVANCED_FACE ( 'NONE', ( #3010 ), #4023, .F. ) ;
#3847 = AXIS2_PLACEMENT_3D ( 'NONE', #2693, #82, #3612 ) ;
#3848 = FACE_OUTER_BOUND ( 'NONE', #3419, .T. ) ;
#3849 = DIRECTION ( 'NONE',  ( 1.000000000000000000, -0.000000000000000000, -0.000000000000000000 ) ) ;
#3850 = LINE ( 'NONE', #1254, #1824 ) ;
#3851 = LINE ( 'NONE', #2237, #2422 ) ;
#3852 = FACE_OUTER_BOUND ( 'NONE', #2705, .T. ) ;
#3853 = EDGE_CURVE ( 'NONE', #2700, #581, #1190, .T. ) ;
#3854 = EDGE_LOOP ( 'NONE', ( #2084, #1456, #1873, #1421 ) ) ;
#3855 = DIRECTION ( 'NONE',  ( -0.000000000000000000, -1.000000000000000000, -0.000000000000000000 ) ) ;
#3856 = DIRECTION ( 'NONE',  ( -1.000000000000000000, 0.000000000000000000, 0.000000000000000000 ) ) ;
#3857 = VERTEX_POINT ( 'NONE', #1033 ) ;
#3858 = EDGE_CURVE ( 'NONE', #3473, #738, #4177, .T. ) ;
#3859 = ORIENTED_EDGE ( 'NONE', *, *, #1054, .F. ) ;
#3860 = EDGE_CURVE ( 'NONE', #2311, #1827, #3985, .T. ) ;
#3861 = CARTESIAN_POINT ( 'NONE',  ( -40.32050807568876394, -66.00000000000000000, 40.00000000000000000 ) ) ;
#3862 = EDGE_LOOP ( 'NONE', ( #945, #2677 ) ) ;
#3863 = FACE_BOUND ( 'NONE', #1813, .T. ) ;
#3864 = VERTEX_POINT ( 'NONE', #3669 ) ;
#3865 = CARTESIAN_POINT ( 'NONE',  ( 0.000000000000000000, 30.00000000000001066, 40.00000000000000000 ) ) ;
#3866 = CARTESIAN_POINT ( 'NONE',  ( 47.17057966352418674, -38.95109855721010916, 40.00000000000000000 ) ) ;
#3867 = CARTESIAN_POINT ( 'NONE',  ( 80.00000000000000000, 9.999999999999994671, 32.50000000000000000 ) ) ;
#3868 = CARTESIAN_POINT ( 'NONE',  ( -44.04999999999998295, -66.00000000000000000, 7.499999999999985789 ) ) ;
#3869 = CARTESIAN_POINT ( 'NONE',  ( 64.24871130596434909, -52.00000000000014921, 40.00000000000000000 ) ) ;
#3870 = LINE ( 'NONE', #579, #4077 ) ;
#3871 = VECTOR ( 'NONE', #2048, 1000.000000000000114 ) ;
#3872 = ORIENTED_EDGE ( 'NONE', *, *, #1770, .T. ) ;
#3873 = AXIS2_PLACEMENT_3D ( 'NONE', #3867, #305, #327 ) ;
#3874 = CARTESIAN_POINT ( 'NONE',  ( 25.00000000000000000, 30.00000000000001066, 10.00000000000000000 ) ) ;
#3875 = DIRECTION ( 'NONE',  ( -1.000000000000000000, 0.000000000000000000, 0.000000000000000000 ) ) ;
#3876 = LINE ( 'NONE', #314, #2898 ) ;
#3877 = ORIENTED_EDGE ( 'NONE', *, *, #991, .F. ) ;
#3878 = PLANE ( 'NONE',  #1990 ) ;
#3879 = EDGE_CURVE ( 'NONE', #1956, #4009, #1410, .T. ) ;
#3880 = EDGE_LOOP ( 'NONE', ( #4133, #1571, #977, #2006 ) ) ;
#3881 = VECTOR ( 'NONE', #2682, 999.9999999999998863 ) ;
#3882 = PLANE ( 'NONE',  #2814 ) ;
#3883 = VERTEX_POINT ( 'NONE', #1112 ) ;
#3884 = DIRECTION ( 'NONE',  ( -0.8660254037844418162, 0.4999999999999945599, 0.000000000000000000 ) ) ;
#3885 = CARTESIAN_POINT ( 'NONE',  ( -23.00000000000000000, 20.00000000000000711, 30.00000000000000000 ) ) ;
#3886 = VECTOR ( 'NONE', #1642, 1000.000000000000000 ) ;
#3887 = EDGE_CURVE ( 'NONE', #2382, #1540, #3390, .T. ) ;
#3888 = DIRECTION ( 'NONE',  ( -0.000000000000000000, -0.000000000000000000, 1.000000000000000000 ) ) ;
#3889 = DIRECTION ( 'NONE',  ( 0.000000000000000000, 0.000000000000000000, -1.000000000000000000 ) ) ;
#3890 = AXIS2_PLACEMENT_3D ( 'NONE', #3167, #2205, #3508 ) ;
#3891 = DIRECTION ( 'NONE',  ( -0.000000000000000000, -0.000000000000000000, 1.000000000000000000 ) ) ;
#3892 = DIRECTION ( 'NONE',  ( 1.000000000000000000, 0.000000000000000000, 0.000000000000000000 ) ) ;
#3893 = EDGE_CURVE ( 'NONE', #88, #2465, #1395, .T. ) ;
#3894 = EDGE_CURVE ( 'NONE', #3857, #3552, #3771, .T. ) ;
#3895 = ORIENTED_EDGE ( 'NONE', *, *, #2124, .F. ) ;
#3896 = FACE_OUTER_BOUND ( 'NONE', #758, .T. ) ;
#3897 = EDGE_CURVE ( 'NONE', #4114, #785, #2895, .T. ) ;
#3898 = CARTESIAN_POINT ( 'NONE',  ( 50.00000000000000711, -1.056984534117422618E-14, 40.00000000000000000 ) ) ;
#3899 = LINE ( 'NONE', #2866, #122 ) ;
#3900 = EDGE_LOOP ( 'NONE', ( #2500, #2174 ) ) ;
#3901 = CARTESIAN_POINT ( 'NONE',  ( -4.718447854656914508E-15, 31.99999999999998579, 26.00000000000000355 ) ) ;
#3902 = VERTEX_POINT ( 'NONE', #1773 ) ;
#3903 = LINE ( 'NONE', #995, #3216 ) ;
#3904 = CIRCLE ( 'NONE', #113, 1.700000000000000178 ) ;
#3905 = VECTOR ( 'NONE', #3019, 1000.000000000000000 ) ;
#3906 = ORIENTED_EDGE ( 'NONE', *, *, #2563, .T. ) ;
#3907 = DIRECTION ( 'NONE',  ( -0.000000000000000000, -0.000000000000000000, 1.000000000000000000 ) ) ;
#3908 = CARTESIAN_POINT ( 'NONE',  ( -45.32050807568871420, -74.66025403784442460, 7.499999999999990230 ) ) ;
#3909 = EDGE_CURVE ( 'NONE', #2649, #1985, #3156, .T. ) ;
#3910 = ORIENTED_EDGE ( 'NONE', *, *, #2707, .F. ) ;
#3911 = VECTOR ( 'NONE', #418, 1000.000000000000000 ) ;
#3912 = PLANE ( 'NONE',  #3873 ) ;
#3913 = LINE ( 'NONE', #2282, #2165 ) ;
#3914 = CARTESIAN_POINT ( 'NONE',  ( 15.50000000000000000, 34.00000000000000000, 33.80000000000000426 ) ) ;
#3915 = LINE ( 'NONE', #1600, #2004 ) ;
#3916 = AXIS2_PLACEMENT_3D ( 'NONE', #1083, #155, #3022 ) ;
#3917 = ORIENTED_EDGE ( 'NONE', *, *, #2449, .F. ) ;
#3918 = DIRECTION ( 'NONE',  ( -1.000000000000000000, 0.000000000000000000, 0.000000000000000000 ) ) ;
#3919 = FACE_OUTER_BOUND ( 'NONE', #691, .T. ) ;
#3920 = DIRECTION ( 'NONE',  ( 1.000000000000000000, 0.000000000000000000, 0.000000000000000000 ) ) ;
#3921 = ORIENTED_EDGE ( 'NONE', *, *, #3400, .F. ) ;
#3922 = DIRECTION ( 'NONE',  ( 1.000000000000000000, 0.000000000000000000, 0.000000000000000000 ) ) ;
#3923 = DIRECTION ( 'NONE',  ( 1.387778780781445922E-16, -1.000000000000000000, 0.000000000000000000 ) ) ;
#3924 = VERTEX_POINT ( 'NONE', #1493 ) ;
#3925 = EDGE_LOOP ( 'NONE', ( #3314, #520, #3410, #655 ) ) ;
#3926 = AXIS2_PLACEMENT_3D ( 'NONE', #2738, #3414, #2498 ) ;
#3927 = DIRECTION ( 'NONE',  ( 1.000000000000000000, 0.000000000000000000, 0.000000000000000000 ) ) ;
#3928 = ORIENTED_EDGE ( 'NONE', *, *, #3098, .F. ) ;
#3929 = AXIS2_PLACEMENT_3D ( 'NONE', #3175, #264, #1233 ) ;
#3930 = CARTESIAN_POINT ( 'NONE',  ( 0.000000000000000000, -64.99999999999998579, 20.00000000000000000 ) ) ;
#3931 = CARTESIAN_POINT ( 'NONE',  ( -38.46443379049049582, 0.6912469907387239765, 40.00000000000000000 ) ) ;
#3932 = CARTESIAN_POINT ( 'NONE',  ( 15.50000000000000000, 30.00000000000000711, 2.800000000000000266 ) ) ;
#3933 = CALENDAR_DATE ( 2026, 8, 8 ) ;
#3934 = FACE_OUTER_BOUND ( 'NONE', #3296, .T. ) ;
#3935 = EDGE_CURVE ( 'NONE', #2033, #4060, #2798, .T. ) ;
#3936 = VECTOR ( 'NONE', #2166, 1000.000000000000000 ) ;
#3937 = EDGE_LOOP ( 'NONE', ( #4048, #3055, #1543, #1626, #486, #3995 ) ) ;
#3938 = CARTESIAN_POINT ( 'NONE',  ( 15.50000000000000000, 34.00000000000000000, 35.50000000000000711 ) ) ;
#3939 = DIRECTION ( 'NONE',  ( 1.000000000000000000, 0.000000000000000000, 0.000000000000000000 ) ) ;
#3940 = DIRECTION ( 'NONE',  ( 0.000000000000000000, 0.000000000000000000, -1.000000000000000000 ) ) ;
#3941 = VECTOR ( 'NONE', #1538, 1000.000000000000000 ) ;
#3942 = VECTOR ( 'NONE', #3128, 1000.000000000000000 ) ;
#3943 = ORIENTED_EDGE ( 'NONE', *, *, #319, .T. ) ;
#3944 = CARTESIAN_POINT ( 'NONE',  ( 60.33874540297191658, -42.89545990659892283, 40.00000000000000000 ) ) ;
#3945 = EDGE_CURVE ( 'NONE', #2161, #4060, #3033, .T. ) ;
#3946 = CYLINDRICAL_SURFACE ( 'NONE', #1788, 4.000000000000000000 ) ;
#3947 = VERTEX_POINT ( 'NONE', #3073 ) ;
#3948 = ORIENTED_EDGE ( 'NONE', *, *, #1277, .F. ) ;
#3949 = DIRECTION ( 'NONE',  ( 0.000000000000000000, 0.000000000000000000, 1.000000000000000000 ) ) ;
#3950 = EDGE_CURVE ( 'NONE', #1283, #482, #3364, .T. ) ;
#3951 = AXIS2_PLACEMENT_3D ( 'NONE', #2042, #3024, #118 ) ;
#3952 = CARTESIAN_POINT ( 'NONE',  ( 34.96152422706640550, -55.99999999999997868, 32.50000000000000000 ) ) ;
#3953 = VECTOR ( 'NONE', #3834, 1000.000000000000000 ) ;
#3954 = CYLINDRICAL_SURFACE ( 'NONE', #1574, 4.049999999999998046 ) ;
#3955 = LINE ( 'NONE', #3282, #3886 ) ;
#3956 = PERSON_AND_ORGANIZATION ( #317, #2211 ) ;
#3957 = DIRECTION ( 'NONE',  ( -1.000000000000000000, 0.000000000000000000, 0.000000000000000000 ) ) ;
#3958 = VERTEX_POINT ( 'NONE', #1129 ) ;
#3959 = DIRECTION ( 'NONE',  ( 0.000000000000000000, 0.000000000000000000, -1.000000000000000000 ) ) ;
#3960 = CIRCLE ( 'NONE', #3353, 4.049999999999998046 ) ;
#3961 = DIRECTION ( 'NONE',  ( 1.000000000000000000, -1.387778780781445676E-16, 0.000000000000000000 ) ) ;
#3962 = LINE ( 'NONE', #2360, #2429 ) ;
#3963 = ORIENTED_EDGE ( 'NONE', *, *, #3192, .T. ) ;
#3964 = DIRECTION ( 'NONE',  ( -0.000000000000000000, -0.000000000000000000, 1.000000000000000000 ) ) ;
#3965 = CARTESIAN_POINT ( 'NONE',  ( -15.50000000000000711, 34.00000000000000711, 35.50000000000000711 ) ) ;
#3966 = ORIENTED_EDGE ( 'NONE', *, *, #3289, .F. ) ;
#3967 = EDGE_CURVE ( 'NONE', #2156, #2741, #3904, .T. ) ;
#3968 = ORIENTED_EDGE ( 'NONE', *, *, #3509, .T. ) ;
#3969 = DIRECTION ( 'NONE',  ( -0.000000000000000000, -0.000000000000000000, 1.000000000000000000 ) ) ;
#3970 = AXIS2_PLACEMENT_3D ( 'NONE', #2172, #1476, #2818 ) ;
#3971 = CIRCLE ( 'NONE', #3030, 4.049999999999998046 ) ;
#3972 = CARTESIAN_POINT ( 'NONE',  ( -39.96152422706634866, -54.66025403784442460, 0.000000000000000000 ) ) ;
#3973 = ORIENTED_EDGE ( 'NONE', *, *, #1117, .F. ) ;
#3974 = VECTOR ( 'NONE', #791, 1000.000000000000000 ) ;
#3975 = EDGE_CURVE ( 'NONE', #3148, #1202, #1830, .T. ) ;
#3976 = CARTESIAN_POINT ( 'NONE',  ( -64.24871130596434909, -52.00000000000014921, 7.499999999999992895 ) ) ;
#3977 = FACE_BOUND ( 'NONE', #2523, .T. ) ;
#3978 = APPROVAL_STATUS ( 'not_yet_approved' ) ;
#3979 = VECTOR ( 'NONE', #678, 1000.000000000000000 ) ;
#3980 = LINE ( 'NONE', #121, #2246 ) ;
#3981 = CARTESIAN_POINT ( 'NONE',  ( 49.99999999999999289, 33.99999999999999289, 40.00000000000000000 ) ) ;
#3982 = AXIS2_PLACEMENT_3D ( 'NONE', #1564, #1649, #2584 ) ;
#3983 = VERTEX_POINT ( 'NONE', #1173 ) ;
#3984 = DIRECTION ( 'NONE',  ( 1.000000000000000000, 0.000000000000000000, 0.000000000000000000 ) ) ;
#3985 = LINE ( 'NONE', #144, #2486 ) ;
#3986 = ADVANCED_FACE ( 'NONE', ( #4045 ), #2775, .T. ) ;
#3987 = CARTESIAN_POINT ( 'NONE',  ( -64.24871130596434909, -52.00000000000014921, 40.00000000000000000 ) ) ;
#3988 = VERTEX_POINT ( 'NONE', #3727 ) ;
#3989 = LINE ( 'NONE', #1078, #1846 ) ;
#3990 = EDGE_LOOP ( 'NONE', ( #2570, #3200, #2911, #1211 ) ) ;
#3991 = ADVANCED_FACE ( 'NONE', ( #1151 ), #242, .T. ) ;
#3992 = EDGE_LOOP ( 'NONE', ( #2071, #3730, #2323, #128 ) ) ;
#3993 = CARTESIAN_POINT ( 'NONE',  ( -60.19871130596435194, -52.00000000000014921, 40.00000000000000000 ) ) ;
#3994 = CARTESIAN_POINT ( 'NONE',  ( -23.00000000000000000, 20.00000000000000711, 0.000000000000000000 ) ) ;
#3995 = ORIENTED_EDGE ( 'NONE', *, *, #1431, .T. ) ;
#3996 = LINE ( 'NONE', #2020, #2181 ) ;
#3997 = CARTESIAN_POINT ( 'NONE',  ( -12.49999999999998224, -46.00000000000000000, 7.500000000000000000 ) ) ;
#3998 = MECHANICAL_CONTEXT ( 'NONE', #1330, 'mechanical' ) ;
#3999 = AXIS2_PLACEMENT_3D ( 'NONE', #1819, #888, #2178 ) ;
#4000 = CARTESIAN_POINT ( 'NONE',  ( -34.96152422706639840, -56.00000000000000711, 40.00000000000000000 ) ) ;
#4001 = ORIENTED_EDGE ( 'NONE', *, *, #1895, .F. ) ;
#4002 = DIRECTION ( 'NONE',  ( -0.000000000000000000, 0.000000000000000000, 1.000000000000000000 ) ) ;
#4003 = ADVANCED_FACE ( 'NONE', ( #3748 ), #2151, .T. ) ;
#4004 = AXIS2_PLACEMENT_3D ( 'NONE', #3322, #3005, #729 ) ;
#4005 = DIRECTION ( 'NONE',  ( -1.000000000000000000, 0.000000000000000000, 0.000000000000000000 ) ) ;
#4006 = DIRECTION ( 'NONE',  ( -0.000000000000000000, -0.000000000000000000, 1.000000000000000000 ) ) ;
#4007 = ORIENTED_EDGE ( 'NONE', *, *, #1560, .T. ) ;
#4008 = FACE_OUTER_BOUND ( 'NONE', #3775, .T. ) ;
#4009 = VERTEX_POINT ( 'NONE', #857 ) ;
#4010 = ORIENTED_EDGE ( 'NONE', *, *, #4156, .F. ) ;
#4011 = CARTESIAN_POINT ( 'NONE',  ( -25.00000000000000000, 28.00000000000001066, 10.00000000000000000 ) ) ;
#4012 = AXIS2_PLACEMENT_3D ( 'NONE', #773, #1430, #2418 ) ;
#4013 = CARTESIAN_POINT ( 'NONE',  ( 50.63742695762195467, -1.270135603009172609, 40.00000000000000000 ) ) ;
#4014 = EDGE_LOOP ( 'NONE', ( #3634, #3541, #1861, #3224 ) ) ;
#4015 = DIRECTION ( 'NONE',  ( 0.000000000000000000, 0.000000000000000000, 1.000000000000000000 ) ) ;
#4016 = DIRECTION ( 'NONE',  ( 1.000000000000000000, 0.000000000000000000, 0.000000000000000000 ) ) ;
#4017 = APPLICATION_PROTOCOL_DEFINITION ( 'international standard', 'config_control_design', 1994, #247 ) ;
#4018 = CIRCLE ( 'NONE', #494, 4.049999999999998046 ) ;
#4019 = EDGE_CURVE ( 'NONE', #2059, #2544, #1737, .T. ) ;
#4020 = VERTEX_POINT ( 'NONE', #3768 ) ;
#4021 = DIRECTION ( 'NONE',  ( 0.000000000000000000, -0.000000000000000000, -1.000000000000000000 ) ) ;
#4022 = CIRCLE ( 'NONE', #4157, 10.00000000000000178 ) ;
#4023 = CYLINDRICAL_SURFACE ( 'NONE', #1800, 4.049999999999998046 ) ;
#4024 = CARTESIAN_POINT ( 'NONE',  ( 15.50000000000000000, 30.00000000000000711, 4.500000000000000888 ) ) ;
#4025 = CIRCLE ( 'NONE', #2744, 6.999999999999999112 ) ;
#4026 = EDGE_CURVE ( 'NONE', #738, #3473, #2754, .T. ) ;
#4027 = ADVANCED_FACE ( 'NONE', ( #3453 ), #499, .F. ) ;
#4028 = EDGE_LOOP ( 'NONE', ( #1035, #1927 ) ) ;
#4029 = AXIS2_PLACEMENT_3D ( 'NONE', #362, #4182, #2609 ) ;
#4030 = CARTESIAN_POINT ( 'NONE',  ( 56.10820140082094554, -34.46568690597892726, 32.50000000000000000 ) ) ;
#4031 = EDGE_CURVE ( 'NONE', #2734, #2378, #1796, .T. ) ;
#4032 = ORIENTED_EDGE ( 'NONE', *, *, #2599, .T. ) ;
#4033 = VERTEX_POINT ( 'NONE', #557 ) ;
#4034 = DIRECTION ( 'NONE',  ( -0.000000000000000000, -1.000000000000000000, -0.000000000000000000 ) ) ;
#4035 = ORIENTED_EDGE ( 'NONE', *, *, #2019, .F. ) ;
#4036 = CARTESIAN_POINT ( 'NONE',  ( -39.96152422706634866, -54.66025403784442460, 32.50000000000000000 ) ) ;
#4037 = EDGE_CURVE ( 'NONE', #3360, #1807, #4128, .T. ) ;
#4038 = ORIENTED_EDGE ( 'NONE', *, *, #3161, .F. ) ;
#4039 = FACE_OUTER_BOUND ( 'NONE', #3830, .T. ) ;
#4040 = DIRECTION ( 'NONE',  ( -0.000000000000000000, -0.000000000000000000, 1.000000000000000000 ) ) ;
#4041 = EDGE_CURVE ( 'NONE', #2544, #2788, #2195, .T. ) ;
#4042 = LOCAL_TIME ( 21, 18, 35.00000000000000000, #3663 ) ;
#4043 = ORIENTED_EDGE ( 'NONE', *, *, #2841, .F. ) ;
#4044 = DIRECTION ( 'NONE',  ( 0.000000000000000000, 0.000000000000000000, 1.000000000000000000 ) ) ;
#4045 = FACE_OUTER_BOUND ( 'NONE', #2824, .T. ) ;
#4046 = DIRECTION ( 'NONE',  ( 0.000000000000000000, 1.000000000000000000, 0.000000000000000000 ) ) ;
#4047 = VERTEX_POINT ( 'NONE', #2578 ) ;
#4048 = ORIENTED_EDGE ( 'NONE', *, *, #4152, .F. ) ;
#4049 = DIRECTION ( 'NONE',  ( 0.000000000000000000, 0.000000000000000000, -1.000000000000000000 ) ) ;
#4050 = ORIENTED_EDGE ( 'NONE', *, *, #3514, .T. ) ;
#4051 = ORIENTED_EDGE ( 'NONE', *, *, #2080, .F. ) ;
#4052 = CYLINDRICAL_SURFACE ( 'NONE', #510, 3.400000000000000355 ) ;
#4053 = AXIS2_PLACEMENT_3D ( 'NONE', #1934, #1614, #2388 ) ;
#4054 = ORIENTED_EDGE ( 'NONE', *, *, #1560, .F. ) ;
#4055 = DIRECTION ( 'NONE',  ( 0.000000000000000000, 0.000000000000000000, 1.000000000000000000 ) ) ;
#4056 = ORIENTED_EDGE ( 'NONE', *, *, #2314, .F. ) ;
#4057 = CIRCLE ( 'NONE', #3522, 4.049999999999998046 ) ;
#4058 = CARTESIAN_POINT ( 'NONE',  ( 50.00000000000000000, 6.999999999999994671, 29.50000000000000355 ) ) ;
#4059 = FACE_OUTER_BOUND ( 'NONE', #3062, .T. ) ;
#4060 = VERTEX_POINT ( 'NONE', #4168 ) ;
#4061 = FACE_OUTER_BOUND ( 'NONE', #2678, .T. ) ;
#4062 = CIRCLE ( 'NONE', #3726, 4.049999999999998046 ) ;
#4063 = CARTESIAN_POINT ( 'NONE',  ( 36.80391159174331506, 4.000000000000021316, 40.00000000000000000 ) ) ;
#4064 = CARTESIAN_POINT ( 'NONE',  ( 38.46443379049051714, 0.6912469907387275292, 0.000000000000000000 ) ) ;
#4065 = ORIENTED_EDGE ( 'NONE', *, *, #137, .F. ) ;
#4066 = DIRECTION ( 'NONE',  ( 0.000000000000000000, 0.000000000000000000, -1.000000000000000000 ) ) ;
#4067 = ORIENTED_EDGE ( 'NONE', *, *, #184, .T. ) ;
#4068 = ORIENTED_EDGE ( 'NONE', *, *, #127, .T. ) ;
#4069 = ADVANCED_FACE ( 'NONE', ( #306 ), #2542, .F. ) ;
#4070 = DIRECTION ( 'NONE',  ( 0.000000000000000000, 0.000000000000000000, -1.000000000000000000 ) ) ;
#4071 = VECTOR ( 'NONE', #2186, 1000.000000000000000 ) ;
#4072 = ORIENTED_EDGE ( 'NONE', *, *, #709, .T. ) ;
#4073 = CARTESIAN_POINT ( 'NONE',  ( -49.99999999999999289, 1.421111387729531828, 32.50000000000000000 ) ) ;
#4074 = EDGE_CURVE ( 'NONE', #2585, #2741, #265, .T. ) ;
#4075 = VERTEX_POINT ( 'NONE', #961 ) ;
#4076 = ADVANCED_FACE ( 'NONE', ( #943, #1004, #2860, #3562, #921, #4146, #1318 ), #2284, .F. ) ;
#4077 = VECTOR ( 'NONE', #2921, 1000.000000000000000 ) ;
#4078 = CIRCLE ( 'NONE', #680, 10.00000000000000178 ) ;
#4079 = CARTESIAN_POINT ( 'NONE',  ( -49.99999999999999289, -2.281631333264775835E-14, 40.00000000000000000 ) ) ;
#4080 = LINE ( 'NONE', #3981, #3469 ) ;
#4081 = ORIENTED_EDGE ( 'NONE', *, *, #3131, .T. ) ;
#4082 = DIRECTION ( 'NONE',  ( 1.000000000000000000, 0.000000000000000000, 0.000000000000000000 ) ) ;
#4083 = FACE_OUTER_BOUND ( 'NONE', #253, .T. ) ;
#4084 = AXIS2_PLACEMENT_3D ( 'NONE', #473, #2064, #1086 ) ;
#4085 = CARTESIAN_POINT ( 'NONE',  ( 0.000000000000000000, -64.99999999999998579, 20.00000000000000000 ) ) ;
#4086 = CARTESIAN_POINT ( 'NONE',  ( -33.10186074811242918, -1.999999999999987566, 32.50000000000000000 ) ) ;
#4087 = AXIS2_PLACEMENT_3D ( 'NONE', #64, #971, #2650 ) ;
#4088 = AXIS2_PLACEMENT_3D ( 'NONE', #1009, #3588, #642 ) ;
#4089 = EDGE_LOOP ( 'NONE', ( #3080, #2439, #1058, #156, #2606, #2933, #1884, #509, #1115, #2321, #409, #3649, #1589 ) ) ;
#4090 = FACE_OUTER_BOUND ( 'NONE', #8, .T. ) ;
#4091 = ORIENTED_EDGE ( 'NONE', *, *, #3198, .T. ) ;
#4092 = EDGE_LOOP ( 'NONE', ( #2561, #1414, #3597, #1304 ) ) ;
#4093 = CARTESIAN_POINT ( 'NONE',  ( -74.83183426055224174, -51.84837922897456508, 40.00000000000000000 ) ) ;
#4094 = CARTESIAN_POINT ( 'NONE',  ( -34.96152422706640550, -46.00000000000000711, 40.00000000000000000 ) ) ;
#4095 = VECTOR ( 'NONE', #3468, 1000.000000000000000 ) ;
#4096 = ORIENTED_EDGE ( 'NONE', *, *, #236, .F. ) ;
#4097 = CARTESIAN_POINT ( 'NONE',  ( 68.29871130596434625, -52.00000000000014921, 32.50000000000000000 ) ) ;
#4098 = CARTESIAN_POINT ( 'NONE',  ( 73.76945599784905028, -47.36296757774334054, 7.499999999999992895 ) ) ;
#4099 = EDGE_LOOP ( 'NONE', ( #44, #395, #2035, #892 ) ) ;
#4100 = LINE ( 'NONE', #552, #2105 ) ;
#4101 = EDGE_CURVE ( 'NONE', #3473, #3037, #1643, .T. ) ;
#4102 = ORIENTED_EDGE ( 'NONE', *, *, #979, .T. ) ;
#4103 = LINE ( 'NONE', #1128, #1835 ) ;
#4104 = DIRECTION ( 'NONE',  ( -0.8660254037844418162, 0.4999999999999945599, 0.000000000000000000 ) ) ;
#4105 = APPROVAL_PERSON_ORGANIZATION ( #2684, #615, #1026 ) ;
#4106 = CARTESIAN_POINT ( 'NONE',  ( -15.50000000000000711, 34.00000000000000711, 6.200000000000001066 ) ) ;
#4107 = CARTESIAN_POINT ( 'NONE',  ( -64.83183426055225596, -51.84837922897456508, 40.00000000000000000 ) ) ;
#4108 = AXIS2_PLACEMENT_3D ( 'NONE', #1634, #45, #997 ) ;
#4109 = LINE ( 'NONE', #4064, #599 ) ;
#4110 = AXIS2_PLACEMENT_3D ( 'NONE', #1752, #3651, #3369 ) ;
#4111 = ORIENTED_EDGE ( 'NONE', *, *, #2939, .T. ) ;
#4112 = DIRECTION ( 'NONE',  ( -0.000000000000000000, -1.000000000000000000, -0.000000000000000000 ) ) ;
#4113 = ORIENTED_EDGE ( 'NONE', *, *, #3765, .T. ) ;
#4114 = VERTEX_POINT ( 'NONE', #1578 ) ;
#4115 = AXIS2_PLACEMENT_3D ( 'NONE', #2547, #2199, #990 ) ;
#4116 = DIRECTION ( 'NONE',  ( 0.000000000000000000, 0.000000000000000000, -1.000000000000000000 ) ) ;
#4117 = CARTESIAN_POINT ( 'NONE',  ( 23.00000000000000000, 28.00000000000001066, 10.00000000000000000 ) ) ;
#4118 = ORIENTED_EDGE ( 'NONE', *, *, #2978, .T. ) ;
#4119 = EDGE_CURVE ( 'NONE', #2963, #2829, #3915, .T. ) ;
#4120 = CARTESIAN_POINT ( 'NONE',  ( 38.46443379049051714, 0.6912469907387279733, 40.00000000000000000 ) ) ;
#4121 = CARTESIAN_POINT ( 'NONE',  ( -64.83183426055225596, -51.84837922897456508, 7.499999999999992895 ) ) ;
#4122 = VERTEX_POINT ( 'NONE', #1558 ) ;
#4123 = DIRECTION ( 'NONE',  ( -1.000000000000000000, 0.000000000000000000, 0.000000000000000000 ) ) ;
#4124 = EDGE_CURVE ( 'NONE', #2643, #3857, #1256, .T. ) ;
#4125 = ORIENTED_EDGE ( 'NONE', *, *, #274, .F. ) ;
#4126 = CARTESIAN_POINT ( 'NONE',  ( 23.00000000000000000, 20.00000000000000711, 40.00000000000000000 ) ) ;
#4127 = CARTESIAN_POINT ( 'NONE',  ( -49.99999999999999289, -2.281631333264775835E-14, 40.00000000000000000 ) ) ;
#4128 = LINE ( 'NONE', #1216, #3298 ) ;
#4129 = CARTESIAN_POINT ( 'NONE',  ( 50.00000000000000711, 1.421111387729531828, 40.00000000000000000 ) ) ;
#4130 = EDGE_CURVE ( 'NONE', #1127, #3148, #3701, .T. ) ;
#4131 = ORIENTED_EDGE ( 'NONE', *, *, #1371, .T. ) ;
#4132 = CYLINDRICAL_SURFACE ( 'NONE', #901, 10.00000000000000178 ) ;
#4133 = ORIENTED_EDGE ( 'NONE', *, *, #1945, .F. ) ;
#4134 = AXIS2_PLACEMENT_3D ( 'NONE', #2484, #2525, #4116 ) ;
#4135 = EDGE_LOOP ( 'NONE', ( #2674, #1289 ) ) ;
#4136 = CARTESIAN_POINT ( 'NONE',  ( -34.96152422706639840, -56.00000000000000711, 0.000000000000000000 ) ) ;
#4137 = ORIENTED_EDGE ( 'NONE', *, *, #2786, .F. ) ;
#4138 = CARTESIAN_POINT ( 'NONE',  ( 69.83183426055222753, -60.50863326681893284, 32.50000000000000000 ) ) ;
#4139 = VECTOR ( 'NONE', #37, 1000.000000000000000 ) ;
#4140 = DIRECTION ( 'NONE',  ( 0.000000000000000000, 0.000000000000000000, 1.000000000000000000 ) ) ;
#4141 = ORIENTED_EDGE ( 'NONE', *, *, #1032, .F. ) ;
#4142 = FACE_OUTER_BOUND ( 'NONE', #308, .T. ) ;
#4143 = VECTOR ( 'NONE', #4002, 1000.000000000000000 ) ;
#4144 = CARTESIAN_POINT ( 'NONE',  ( 49.99999999999999289, 33.99999999999999289, 0.000000000000000000 ) ) ;
#4145 = DIRECTION ( 'NONE',  ( -0.4485411651231172581, -0.8937621737296764790, 0.000000000000000000 ) ) ;
#4146 = FACE_BOUND ( 'NONE', #3103, .T. ) ;
#4147 = EDGE_CURVE ( 'NONE', #2200, #2656, #330, .T. ) ;
#4148 = FACE_OUTER_BOUND ( 'NONE', #3774, .T. ) ;
#4149 = ORIENTED_EDGE ( 'NONE', *, *, #2980, .T. ) ;
#4150 = CARTESIAN_POINT ( 'NONE',  ( 40.32050807568879947, -65.99999999999998579, 0.000000000000000000 ) ) ;
#4151 = DIRECTION ( 'NONE',  ( 0.000000000000000000, 0.000000000000000000, -1.000000000000000000 ) ) ;
#4152 = EDGE_CURVE ( 'NONE', #324, #2380, #2598, .T. ) ;
#4153 = CARTESIAN_POINT ( 'NONE',  ( 49.99999999999999289, 33.99999999999999289, 32.50000000000000000 ) ) ;
#4154 = VECTOR ( 'NONE', #2545, 1000.000000000000000 ) ;
#4155 = EDGE_LOOP ( 'NONE', ( #272, #2667, #665, #3507 ) ) ;
#4156 = EDGE_CURVE ( 'NONE', #2330, #1696, #3028, .T. ) ;
#4157 = AXIS2_PLACEMENT_3D ( 'NONE', #4121, #1207, #914 ) ;
#4158 = ORIENTED_EDGE ( 'NONE', *, *, #4026, .T. ) ;
#4159 = CARTESIAN_POINT ( 'NONE',  ( -23.00000000000000000, 30.00000000000001066, 40.00000000000000000 ) ) ;
#4160 = ORIENTED_EDGE ( 'NONE', *, *, #2974, .F. ) ;
#4161 = DIRECTION ( 'NONE',  ( 0.000000000000000000, 0.000000000000000000, -1.000000000000000000 ) ) ;
#4162 = VECTOR ( 'NONE', #1802, 1000.000000000000000 ) ;
#4163 = LINE ( 'NONE', #1251, #2635 ) ;
#4164 = EDGE_CURVE ( 'NONE', #3382, #825, #350, .T. ) ;
#4165 = CARTESIAN_POINT ( 'NONE',  ( 50.00000000000000000, 9.999999999999994671, 10.49999999999999822 ) ) ;
#4166 = PLANE ( 'NONE',  #1016 ) ;
#4167 = ADVANCED_FACE ( 'NONE', ( #1877 ), #3498, .F. ) ;
#4168 = CARTESIAN_POINT ( 'NONE',  ( 52.17057966352412990, -47.61135259505451955, 7.499999999999992006 ) ) ;
#4169 = ADVANCED_FACE ( 'NONE', ( #2559 ), #1618, .T. ) ;
#4170 = CARTESIAN_POINT ( 'NONE',  ( -64.24871130596434909, -52.00000000000014921, 32.50000000000000000 ) ) ;
#4171 = ORIENTED_EDGE ( 'NONE', *, *, #2041, .F. ) ;
#4172 = FACE_OUTER_BOUND ( 'NONE', #3990, .T. ) ;
#4173 = PRODUCT_DEFINITION_FORMATION_WITH_SPECIFIED_SOURCE ( '�', '', #702, .NOT_KNOWN. ) ;
#4174 = AXIS2_PLACEMENT_3D ( 'NONE', #3636, #112, #1081 ) ;
#4175 = DIRECTION ( 'NONE',  ( 0.000000000000000000, -1.483645078138058959E-16, 1.000000000000000000 ) ) ;
#4176 = LINE ( 'NONE', #4153, #858 ) ;
#4177 = CIRCLE ( 'NONE', #4110, 4.049999999999998046 ) ;
#4178 = EDGE_LOOP ( 'NONE', ( #3207, #1314, #4051, #131 ) ) ;
#4179 = CARTESIAN_POINT ( 'NONE',  ( -15.50000000000000711, 34.00000000000000711, 33.80000000000000426 ) ) ;
#4180 = CARTESIAN_POINT ( 'NONE',  ( -49.99999999999999289, 6.999999999999995559, 7.500000000000002665 ) ) ;
#4181 = ORIENTED_EDGE ( 'NONE', *, *, #3150, .T. ) ;
#4182 = DIRECTION ( 'NONE',  ( 0.000000000000000000, -1.483645078138058959E-16, 1.000000000000000000 ) ) ;
#4183 = CIRCLE ( 'NONE', #3038, 11.00000000000000000 ) ;
#4184 = ORIENTED_EDGE ( 'NONE', *, *, #1063, .T. ) ;
#4185 = CARTESIAN_POINT ( 'NONE',  ( -25.00000000000000000, 20.00000000000000711, 40.00000000000000000 ) ) ;
#4186 = DIRECTION ( 'NONE',  ( -0.000000000000000000, -0.000000000000000000, 1.000000000000000000 ) ) ;
#4187 = LINE ( 'NONE', #657, #1107 ) ;
#4188 = DIRECTION ( 'NONE',  ( -0.000000000000000000, -1.000000000000000000, -0.000000000000000000 ) ) ;
#4189 = DIRECTION ( 'NONE',  ( -0.000000000000000000, -1.000000000000000000, -0.000000000000000000 ) ) ;
#4190 = ORIENTED_EDGE ( 'NONE', *, *, #2712, .F. ) ;
#4191 = DIRECTION ( 'NONE',  ( -1.000000000000000000, 0.000000000000000000, 0.000000000000000000 ) ) ;
#4192 = EDGE_CURVE ( 'NONE', #4197, #1786, #3851, .T. ) ;
#4193 = CARTESIAN_POINT ( 'NONE',  ( 0.000000000000000000, -64.99999999999998579, 20.00000000000000000 ) ) ;
#4194 = DIRECTION ( 'NONE',  ( 0.4485411651231179242, -0.8937621737296761459, 0.000000000000000000 ) ) ;
#4195 = ORIENTED_EDGE ( 'NONE', *, *, #3198, .F. ) ;
#4196 = CARTESIAN_POINT ( 'NONE',  ( -15.50000000000000711, 30.00000000000001421, 2.800000000000000266 ) ) ;
#4197 = VERTEX_POINT ( 'NONE', #3239 ) ;
#4198 = AXIS2_PLACEMENT_3D ( 'NONE', #11, #348, #3603 ) ;
#4199 = DIRECTION ( 'NONE',  ( 0.000000000000000000, 1.000000000000000000, 0.000000000000000000 ) ) ;
ENDSEC;
END-ISO-10303-21;
